insertId,labels.INSTANCE_UID,labels.LOG_BUCKET_NUM,labels.PROJECT_NUMBER,labels.SOURCE_ID,labels.instanceId,logName,receiveLocation,receiveTimestamp,resource.labels.configuration_name,resource.labels.database_id,resource.labels.location,resource.labels.project_id,resource.labels.region,resource.labels.revision_name,resource.labels.service_name,resource.type,severity,textPayload,timestamp
6994f4a3000593d2198afe17,,,,,00da6cd2c464c089e5e44eb66e1fbba3dc8ba46f714374877f940abaf883233cab71c111864b8572af033b2ba7d4f4441974fea6d07e9f8d521e263de8856c9faea30f6070537835f8ce39c300f0b11b,"'projects/yukpo-project/logs/run.googleapis.com%2Fstdout",,"'2026-02-17T23:07:15.411393972Z","'yukpo-backend",,"'europe-west1","'yukpo-project",,"'yukpo-backend-00209-hn8","'yukpo-backend",cloud_run_revision,,"'[2m2026-02-17T23:07:15.367071Z[0m [31mERROR[0m [2myukpomnang_backend::tasks::notification_queue_worker[0m[2m:[0m ❌ Erreur traitement batch notifications: Internal(""Redis connection failed: Connexion Redis échouée: failed to lookup address information: Name or service not known"")","'2026-02-17T23:07:15.365522Z"
6994f4a20000fc3bbb3729a3,,,,,00da6cd2c464c089e5e44eb66e1fbba3dc8ba46f714374877f940abaf883233cab71c111864b8572af033b2ba7d4f4441974fea6d07e9f8d521e263de8856c9faea30f6070537835f8ce39c300f0b11b,"'projects/yukpo-project/logs/run.googleapis.com%2Fstdout",,"'2026-02-17T23:07:14.079544230Z","'yukpo-backend",,"'europe-west1","'yukpo-project",,"'yukpo-backend-00209-hn8","'yukpo-backend",cloud_run_revision,,"'[2m2026-02-17T23:07:14.066207Z[0m [31mERROR[0m [2myukpomnang_backend::tasks::notification_queue_worker[0m[2m:[0m ❌ Erreur traitement batch notifications: Internal(""Redis connection failed: Connexion Redis échouée: failed to lookup address information: Name or service not known"")","'2026-02-17T23:07:14.064571Z"
6994f4a1000ec0e60fd405ea,,,,,00da6cd2c464c089e5e44eb66e1fbba3dc8ba46f714374877f940abaf883233cab71c111864b8572af033b2ba7d4f4441974fea6d07e9f8d521e263de8856c9faea30f6070537835f8ce39c300f0b11b,"'projects/yukpo-project/logs/run.googleapis.com%2Fstdout",,"'2026-02-17T23:07:14.079544230Z","'yukpo-backend",,"'europe-west1","'yukpo-project",,"'yukpo-backend-00209-hn8","'yukpo-backend",cloud_run_revision,,"'[2m2026-02-17T23:07:13.968510Z[0m [31mERROR[0m [2myukpomnang_backend::services::product_creation_queue[0m[2m:[0m [ProductCreationQueue] ❌ Erreur récupération jobs: ?? Internal error: Erreur récupération jobs: error communicating with database: No such file or directory (os error 2)","'2026-02-17T23:07:13.966886Z"
6994f4a0000bd266d68d9918,,,,,00da6cd2c464c089e5e44eb66e1fbba3dc8ba46f714374877f940abaf883233cab71c111864b8572af033b2ba7d4f4441974fea6d07e9f8d521e263de8856c9faea30f6070537835f8ce39c300f0b11b,"'projects/yukpo-project/logs/run.googleapis.com%2Fstdout",,"'2026-02-17T23:07:13.080843806Z","'yukpo-backend",,"'europe-west1","'yukpo-project",,"'yukpo-backend-00209-hn8","'yukpo-backend",cloud_run_revision,,"'[2m2026-02-17T23:07:12.776161Z[0m [31mERROR[0m [2myukpomnang_backend::tasks::notification_queue_worker[0m[2m:[0m ❌ Erreur traitement batch notifications: Internal(""Redis connection failed: Connexion Redis échouée: failed to lookup address information: Name or service not known"")","'2026-02-17T23:07:12.774758Z"
6994f49f00029bcbc2161403,,,,,00da6cd2c464c089e5e44eb66e1fbba3dc8ba46f714374877f940abaf883233cab71c111864b8572af033b2ba7d4f4441974fea6d07e9f8d521e263de8856c9faea30f6070537835f8ce39c300f0b11b,"'projects/yukpo-project/logs/run.googleapis.com%2Fstdout",,"'2026-02-17T23:07:11.415600792Z","'yukpo-backend",,"'europe-west1","'yukpo-project",,"'yukpo-backend-00209-hn8","'yukpo-backend",cloud_run_revision,,"'[2m2026-02-17T23:07:11.172543Z[0m [31mERROR[0m [2myukpomnang_backend::tasks::notification_queue_worker[0m[2m:[0m ❌ Erreur traitement batch notifications: Internal(""Redis connection failed: Connexion Redis échouée: failed to lookup address information: Name or service not known"")","'2026-02-17T23:07:11.170955Z"
6994f49d000ebbd4b64203b1,,,,,00da6cd2c464c089e5e44eb66e1fbba3dc8ba46f714374877f940abaf883233cab71c111864b8572af033b2ba7d4f4441974fea6d07e9f8d521e263de8856c9faea30f6070537835f8ce39c300f0b11b,"'projects/yukpo-project/logs/run.googleapis.com%2Fstdout",,"'2026-02-17T23:07:10.084269551Z","'yukpo-backend",,"'europe-west1","'yukpo-project",,"'yukpo-backend-00209-hn8","'yukpo-backend",cloud_run_revision,,"'[2m2026-02-17T23:07:09.966573Z[0m [31mERROR[0m [2myukpomnang_backend::tasks::notification_queue_worker[0m[2m:[0m ❌ Erreur traitement batch notifications: Internal(""Redis connection failed: Connexion Redis échouée: failed to lookup address information: Name or service not known"")","'2026-02-17T23:07:09.965588Z"
6994f49c000bb05eb963b6f8,,,,,00da6cd2c464c089e5e44eb66e1fbba3dc8ba46f714374877f940abaf883233cab71c111864b8572af033b2ba7d4f4441974fea6d07e9f8d521e263de8856c9faea30f6070537835f8ce39c300f0b11b,"'projects/yukpo-project/logs/run.googleapis.com%2Fstdout",,"'2026-02-17T23:07:09.084446618Z","'yukpo-backend",,"'europe-west1","'yukpo-project",,"'yukpo-backend-00209-hn8","'yukpo-backend",cloud_run_revision,,"'[2m2026-02-17T23:07:08.767274Z[0m [31mERROR[0m [2myukpomnang_backend::services::live_flash_sale_service[0m[2m:[0m process_timers live flash sales failed: Database(""error communicating with database: No such file or directory (os error 2)"")","'2026-02-17T23:07:08.766046Z"
6994f49c000bb0529055c100,,,,,00da6cd2c464c089e5e44eb66e1fbba3dc8ba46f714374877f940abaf883233cab71c111864b8572af033b2ba7d4f4441974fea6d07e9f8d521e263de8856c9faea30f6070537835f8ce39c300f0b11b,"'projects/yukpo-project/logs/run.googleapis.com%2Fstdout",,"'2026-02-17T23:07:09.084446618Z","'yukpo-backend",,"'europe-west1","'yukpo-project",,"'yukpo-backend-00209-hn8","'yukpo-backend",cloud_run_revision,,"'[2m2026-02-17T23:07:08.767248Z[0m [31mERROR[0m [2myukpomnang_backend::tasks::delivery_notification_repeat[0m[2m:[0m ❌ [DeliveryNotifications] Erreur lors de la répétition: Io(Os { code: 2, kind: NotFound, message: ""No such file or directory"" })","'2026-02-17T23:07:08.766034Z"
6994f49c0007f24f57ccb940,,,,,00da6cd2c464c089e5e44eb66e1fbba3dc8ba46f714374877f940abaf883233cab71c111864b8572af033b2ba7d4f4441974fea6d07e9f8d521e263de8856c9faea30f6070537835f8ce39c300f0b11b,"'projects/yukpo-project/logs/run.googleapis.com%2Fstdout",,"'2026-02-17T23:07:08.751650552Z","'yukpo-backend",,"'europe-west1","'yukpo-project",,"'yukpo-backend-00209-hn8","'yukpo-backend",cloud_run_revision,,"'[2m2026-02-17T23:07:08.522121Z[0m [31mERROR[0m [2myukpomnang_backend::tasks::notification_queue_worker[0m[2m:[0m ❌ Erreur traitement batch notifications: Internal(""Redis connection failed: Connexion Redis échouée: failed to lookup address information: Name or service not known"")","'2026-02-17T23:07:08.520783Z"
6994f49b00029507fdeb8ec2,,,,,00da6cd2c464c089e5e44eb66e1fbba3dc8ba46f714374877f940abaf883233cab71c111864b8572af033b2ba7d4f4441974fea6d07e9f8d521e263de8856c9faea30f6070537835f8ce39c300f0b11b,"'projects/yukpo-project/logs/run.googleapis.com%2Fstdout",,"'2026-02-17T23:07:07.419056399Z","'yukpo-backend",,"'europe-west1","'yukpo-project",,"'yukpo-backend-00209-hn8","'yukpo-backend",cloud_run_revision,,"'[2m2026-02-17T23:07:07.170299Z[0m [31mERROR[0m [2myukpomnang_backend::tasks::notification_queue_worker[0m[2m:[0m ❌ Erreur traitement batch notifications: Internal(""Redis connection failed: Connexion Redis échouée: failed to lookup address information: Name or service not known"")","'2026-02-17T23:07:07.169223Z"
6994f49a000412330635bfe0,,,,,00da6cd2c464c089e5e44eb66e1fbba3dc8ba46f714374877f940abaf883233cab71c111864b8572af033b2ba7d4f4441974fea6d07e9f8d521e263de8856c9faea30f6070537835f8ce39c300f0b11b,"'projects/yukpo-project/logs/run.googleapis.com%2Fstdout",,"'2026-02-17T23:07:06.419501654Z","'yukpo-backend",,"'europe-west1","'yukpo-project",,"'yukpo-backend-00209-hn8","'yukpo-backend",cloud_run_revision,,"'[2m2026-02-17T23:07:06.267612Z[0m [33m WARN[0m [2myukpomnang_backend::utils::db_monitor[0m[2m:[0m [DB Monitor] ⚠️ Pool unhealthy - Error: error communicating with database: No such file or directory (os error 2), Size: 0, Active: 0, Idle: 0","'2026-02-17T23:07:06.266803Z"
6994f499000bd42167e68382,,,,,00da6cd2c464c089e5e44eb66e1fbba3dc8ba46f714374877f940abaf883233cab71c111864b8572af033b2ba7d4f4441974fea6d07e9f8d521e263de8856c9faea30f6070537835f8ce39c300f0b11b,"'projects/yukpo-project/logs/run.googleapis.com%2Fstdout",,"'2026-02-17T23:07:06.088311014Z","'yukpo-backend",,"'europe-west1","'yukpo-project",,"'yukpo-backend-00209-hn8","'yukpo-backend",cloud_run_revision,,"'[2m2026-02-17T23:07:05.776285Z[0m [31mERROR[0m [2myukpomnang_backend::tasks::notification_queue_worker[0m[2m:[0m ❌ Erreur traitement batch notifications: Internal(""Redis connection failed: Connexion Redis échouée: failed to lookup address information: Name or service not known"")","'2026-02-17T23:07:05.775201Z"
6994f49800089d65c39da363,,,,,00da6cd2c464c089e5e44eb66e1fbba3dc8ba46f714374877f940abaf883233cab71c111864b8572af033b2ba7d4f4441974fea6d07e9f8d521e263de8856c9faea30f6070537835f8ce39c300f0b11b,"'projects/yukpo-project/logs/run.googleapis.com%2Fstdout",,"'2026-02-17T23:07:04.754900828Z","'yukpo-backend",,"'europe-west1","'yukpo-project",,"'yukpo-backend-00209-hn8","'yukpo-backend",cloud_run_revision,,"'[2m2026-02-17T23:07:04.565985Z[0m [31mERROR[0m [2myukpomnang_backend::tasks::notification_queue_worker[0m[2m:[0m ❌ Erreur traitement batch notifications: Internal(""Redis connection failed: Connexion Redis échouée: failed to lookup address information: Name or service not known"")","'2026-02-17T23:07:04.564581Z"
6994f497000ebed61e75be67,,,,,00da6cd2c464c089e5e44eb66e1fbba3dc8ba46f714374877f940abaf883233cab71c111864b8572af033b2ba7d4f4441974fea6d07e9f8d521e263de8856c9faea30f6070537835f8ce39c300f0b11b,"'projects/yukpo-project/logs/run.googleapis.com%2Fstdout",,"'2026-02-17T23:07:04.090264045Z","'yukpo-backend",,"'europe-west1","'yukpo-project",,"'yukpo-backend-00209-hn8","'yukpo-backend",cloud_run_revision,,"'[2m2026-02-17T23:07:03.967671Z[0m [31mERROR[0m [2myukpomnang_backend::services::product_creation_queue[0m[2m:[0m [ProductCreationQueue] ❌ Erreur récupération jobs: ?? Internal error: Erreur récupération jobs: error communicating with database: No such file or directory (os error 2)","'2026-02-17T23:07:03.966358Z"
6994f49700013e026b8ccc53,,,,,00da6cd2c464c089e5e44eb66e1fbba3dc8ba46f714374877f940abaf883233cab71c111864b8572af033b2ba7d4f4441974fea6d07e9f8d521e263de8856c9faea30f6070537835f8ce39c300f0b11b,"'projects/yukpo-project/logs/run.googleapis.com%2Fstdout",,"'2026-02-17T23:07:03.090394118Z","'yukpo-backend",,"'europe-west1","'yukpo-project",,"'yukpo-backend-00209-hn8","'yukpo-backend",cloud_run_revision,,"'[2m2026-02-17T23:07:03.082568Z[0m [31mERROR[0m [2myukpomnang_backend::tasks::notification_queue_worker[0m[2m:[0m ❌ Erreur traitement batch notifications: Internal(""Redis connection failed: Connexion Redis échouée: failed to lookup address information: Name or service not known"")","'2026-02-17T23:07:03.081410Z"
6994f495000bdfab973969c5,,,,,00da6cd2c464c089e5e44eb66e1fbba3dc8ba46f714374877f940abaf883233cab71c111864b8572af033b2ba7d4f4441974fea6d07e9f8d521e263de8856c9faea30f6070537835f8ce39c300f0b11b,"'projects/yukpo-project/logs/run.googleapis.com%2Fstdout",,"'2026-02-17T23:07:02.089750190Z","'yukpo-backend",,"'europe-west1","'yukpo-project",,"'yukpo-backend-00209-hn8","'yukpo-backend",cloud_run_revision,,"'[2m2026-02-17T23:07:01.779584Z[0m [31mERROR[0m [2myukpomnang_backend::tasks::notification_queue_worker[0m[2m:[0m ❌ Erreur traitement batch notifications: Internal(""Redis connection failed: Connexion Redis échouée: failed to lookup address information: Name or service not known"")","'2026-02-17T23:07:01.778155Z"
6994f4940008b3267397aff0,,,,,00da6cd2c464c089e5e44eb66e1fbba3dc8ba46f714374877f940abaf883233cab71c111864b8572af033b2ba7d4f4441974fea6d07e9f8d521e263de8856c9faea30f6070537835f8ce39c300f0b11b,"'projects/yukpo-project/logs/run.googleapis.com%2Fstdout",,"'2026-02-17T23:07:00.761391657Z","'yukpo-backend",,"'europe-west1","'yukpo-project",,"'yukpo-backend-00209-hn8","'yukpo-backend",cloud_run_revision,,"'[2m2026-02-17T23:07:00.571461Z[0m [31mERROR[0m [2myukpomnang_backend::tasks::notification_queue_worker[0m[2m:[0m ❌ Erreur traitement batch notifications: Internal(""Redis connection failed: Connexion Redis échouée: failed to lookup address information: Name or service not known"")","'2026-02-17T23:07:00.570150Z"
6994f493000592f4a11de3c3,,,,,00da6cd2c464c089e5e44eb66e1fbba3dc8ba46f714374877f940abaf883233cab71c111864b8572af033b2ba7d4f4441974fea6d07e9f8d521e263de8856c9faea30f6070537835f8ce39c300f0b11b,"'projects/yukpo-project/logs/run.googleapis.com%2Fstdout",,"'2026-02-17T23:06:59.427218949Z","'yukpo-backend",,"'europe-west1","'yukpo-project",,"'yukpo-backend-00209-hn8","'yukpo-backend",cloud_run_revision,,"'[2m2026-02-17T23:06:59.366138Z[0m [31mERROR[0m [2myukpomnang_backend::tasks::notification_queue_worker[0m[2m:[0m ❌ Erreur traitement batch notifications: Internal(""Redis connection failed: Connexion Redis échouée: failed to lookup address information: Name or service not known"")","'2026-02-17T23:06:59.365300Z"
6994f4920001453d912478ac,,,,,00da6cd2c464c089e5e44eb66e1fbba3dc8ba46f714374877f940abaf883233cab71c111864b8572af033b2ba7d4f4441974fea6d07e9f8d521e263de8856c9faea30f6070537835f8ce39c300f0b11b,"'projects/yukpo-project/logs/run.googleapis.com%2Fstdout",,"'2026-02-17T23:06:58.094684493Z","'yukpo-backend",,"'europe-west1","'yukpo-project",,"'yukpo-backend-00209-hn8","'yukpo-backend",cloud_run_revision,,"'[2m2026-02-17T23:06:58.084288Z[0m [31mERROR[0m [2myukpomnang_backend::tasks::notification_queue_worker[0m[2m:[0m ❌ Erreur traitement batch notifications: Internal(""Redis connection failed: Connexion Redis échouée: failed to lookup address information: Name or service not known"")","'2026-02-17T23:06:58.083261Z"
6994f490000d33c95f2fc483,,,,,00da6cd2c464c089e5e44eb66e1fbba3dc8ba46f714374877f940abaf883233cab71c111864b8572af033b2ba7d4f4441974fea6d07e9f8d521e263de8856c9faea30f6070537835f8ce39c300f0b11b,"'projects/yukpo-project/logs/run.googleapis.com%2Fstdout",,"'2026-02-17T23:06:57.096665843Z","'yukpo-backend",,"'europe-west1","'yukpo-project",,"'yukpo-backend-00209-hn8","'yukpo-backend",cloud_run_revision,,"'[2m2026-02-17T23:06:56.866635Z[0m [31mERROR[0m [2myukpomnang_backend::tasks::notification_queue_worker[0m[2m:[0m ❌ Erreur traitement batch notifications: Internal(""Redis connection failed: Connexion Redis échouée: failed to lookup address information: Name or service not known"")","'2026-02-17T23:06:56.865225Z"
6994f48f00059294464f601b,,,,,00da6cd2c464c089e5e44eb66e1fbba3dc8ba46f714374877f940abaf883233cab71c111864b8572af033b2ba7d4f4441974fea6d07e9f8d521e263de8856c9faea30f6070537835f8ce39c300f0b11b,"'projects/yukpo-project/logs/run.googleapis.com%2Fstdout",,"'2026-02-17T23:06:55.429860829Z","'yukpo-backend",,"'europe-west1","'yukpo-project",,"'yukpo-backend-00209-hn8","'yukpo-backend",cloud_run_revision,,"'[2m2026-02-17T23:06:55.366275Z[0m [31mERROR[0m [2myukpomnang_backend::tasks::notification_queue_worker[0m[2m:[0m ❌ Erreur traitement batch notifications: Internal(""Redis connection failed: Connexion Redis échouée: failed to lookup address information: Name or service not known"")","'2026-02-17T23:06:55.365204Z"
6994f48d000ee0dfe946c859,,,,,00da6cd2c464c089e5e44eb66e1fbba3dc8ba46f714374877f940abaf883233cab71c111864b8572af033b2ba7d4f4441974fea6d07e9f8d521e263de8856c9faea30f6070537835f8ce39c300f0b11b,"'projects/yukpo-project/logs/run.googleapis.com%2Fstdout",,"'2026-02-17T23:06:54.097972385Z","'yukpo-backend",,"'europe-west1","'yukpo-project",,"'yukpo-backend-00209-hn8","'yukpo-backend",cloud_run_revision,,"'[2m2026-02-17T23:06:53.976089Z[0m [31mERROR[0m [2myukpomnang_backend::tasks::notification_queue_worker[0m[2m:[0m ❌ Erreur traitement batch notifications: Internal(""Redis connection failed: Connexion Redis échouée: failed to lookup address information: Name or service not known"")","'2026-02-17T23:06:53.975071Z"
6994f48d000ebdc4dcca685c,,,,,00da6cd2c464c089e5e44eb66e1fbba3dc8ba46f714374877f940abaf883233cab71c111864b8572af033b2ba7d4f4441974fea6d07e9f8d521e263de8856c9faea30f6070537835f8ce39c300f0b11b,"'projects/yukpo-project/logs/run.googleapis.com%2Fstdout",,"'2026-02-17T23:06:54.097972385Z","'yukpo-backend",,"'europe-west1","'yukpo-project",,"'yukpo-backend-00209-hn8","'yukpo-backend",cloud_run_revision,,"'[2m2026-02-17T23:06:53.967085Z[0m [31mERROR[0m [2myukpomnang_backend::services::product_creation_queue[0m[2m:[0m [ProductCreationQueue] ❌ Erreur récupération jobs: ?? Internal error: Erreur récupération jobs: error communicating with database: No such file or directory (os error 2)","'2026-02-17T23:06:53.966084Z"
6994f48c000a8a9f86eed7a4,,,,,00da6cd2c464c089e5e44eb66e1fbba3dc8ba46f714374877f940abaf883233cab71c111864b8572af033b2ba7d4f4441974fea6d07e9f8d521e263de8856c9faea30f6070537835f8ce39c300f0b11b,"'projects/yukpo-project/logs/run.googleapis.com%2Fstdout",,"'2026-02-17T23:06:52.763882674Z","'yukpo-backend",,"'europe-west1","'yukpo-project",,"'yukpo-backend-00209-hn8","'yukpo-backend",cloud_run_revision,,"'[2m2026-02-17T23:06:52.692019Z[0m [31mERROR[0m [2myukpomnang_backend::tasks::notification_queue_worker[0m[2m:[0m ❌ Erreur traitement batch notifications: Internal(""Redis connection failed: Connexion Redis échouée: failed to lookup address information: Name or service not known"")","'2026-02-17T23:06:52.690847Z"
6994f48b00074871c14ba087,,,,,00da6cd2c464c089e5e44eb66e1fbba3dc8ba46f714374877f940abaf883233cab71c111864b8572af033b2ba7d4f4441974fea6d07e9f8d521e263de8856c9faea30f6070537835f8ce39c300f0b11b,"'projects/yukpo-project/logs/run.googleapis.com%2Fstdout",,"'2026-02-17T23:06:51.766794856Z","'yukpo-backend",,"'europe-west1","'yukpo-project",,"'yukpo-backend-00209-hn8","'yukpo-backend",cloud_run_revision,,"'[2m2026-02-17T23:06:51.478249Z[0m [31mERROR[0m [2myukpomnang_backend::tasks::notification_queue_worker[0m[2m:[0m ❌ Erreur traitement batch notifications: Internal(""Redis connection failed: Connexion Redis échouée: failed to lookup address information: Name or service not known"")","'2026-02-17T23:06:51.477297Z"
6994f48a0004174d611b418b,,,,,00da6cd2c464c089e5e44eb66e1fbba3dc8ba46f714374877f940abaf883233cab71c111864b8572af033b2ba7d4f4441974fea6d07e9f8d521e263de8856c9faea30f6070537835f8ce39c300f0b11b,"'projects/yukpo-project/logs/run.googleapis.com%2Fstdout",,"'2026-02-17T23:06:50.439582440Z","'yukpo-backend",,"'europe-west1","'yukpo-project",,"'yukpo-backend-00209-hn8","'yukpo-backend",cloud_run_revision,,"'[2m2026-02-17T23:06:50.268848Z[0m [31mERROR[0m [2myukpomnang_backend::tasks::notification_queue_worker[0m[2m:[0m ❌ Erreur traitement batch notifications: Internal(""Redis connection failed: Connexion Redis échouée: failed to lookup address information: Name or service not known"")","'2026-02-17T23:06:50.268109Z"
6994f4890000095d5b1097f5,,,,,00da6cd2c464c089e5e44eb66e1fbba3dc8ba46f714374877f940abaf883233cab71c111864b8572af033b2ba7d4f4441974fea6d07e9f8d521e263de8856c9faea30f6070537835f8ce39c300f0b11b,"'projects/yukpo-project/logs/run.googleapis.com%2Fstdout",,"'2026-02-17T23:06:49.103054015Z","'yukpo-backend",,"'europe-west1","'yukpo-project",,"'yukpo-backend-00209-hn8","'yukpo-backend",cloud_run_revision,,"'[2m2026-02-17T23:06:49.003453Z[0m [31mERROR[0m [2myukpomnang_backend::tasks::notification_queue_worker[0m[2m:[0m ❌ Erreur traitement batch notifications: Internal(""Redis connection failed: Connexion Redis échouée: failed to lookup address information: Name or service not known"")","'2026-02-17T23:06:49.002397Z"
6994f487000c149ca3e0fc46,,,,,00da6cd2c464c089e5e44eb66e1fbba3dc8ba46f714374877f940abaf883233cab71c111864b8572af033b2ba7d4f4441974fea6d07e9f8d521e263de8856c9faea30f6070537835f8ce39c300f0b11b,"'projects/yukpo-project/logs/run.googleapis.com%2Fstdout",,"'2026-02-17T23:06:48.107760341Z","'yukpo-backend",,"'europe-west1","'yukpo-project",,"'yukpo-backend-00209-hn8","'yukpo-backend",cloud_run_revision,,"'[2m2026-02-17T23:06:47.793072Z[0m [31mERROR[0m [2myukpomnang_backend::tasks::notification_queue_worker[0m[2m:[0m ❌ Erreur traitement batch notifications: Internal(""Redis connection failed: Connexion Redis échouée: failed to lookup address information: Name or service not known"")","'2026-02-17T23:06:47.791708Z"
6994f4860008eb276e3af64c,,,,,00da6cd2c464c089e5e44eb66e1fbba3dc8ba46f714374877f940abaf883233cab71c111864b8572af033b2ba7d4f4441974fea6d07e9f8d521e263de8856c9faea30f6070537835f8ce39c300f0b11b,"'projects/yukpo-project/logs/run.googleapis.com%2Fstdout",,"'2026-02-17T23:06:46.769737865Z","'yukpo-backend",,"'europe-west1","'yukpo-project",,"'yukpo-backend-00209-hn8","'yukpo-backend",cloud_run_revision,,"'[2m2026-02-17T23:06:46.585727Z[0m [31mERROR[0m [2myukpomnang_backend::tasks::notification_queue_worker[0m[2m:[0m ❌ Erreur traitement batch notifications: Internal(""Redis connection failed: Connexion Redis échouée: failed to lookup address information: Name or service not known"")","'2026-02-17T23:06:46.584487Z"
6994f485000411010080a2f0,,,,,00da6cd2c464c089e5e44eb66e1fbba3dc8ba46f714374877f940abaf883233cab71c111864b8572af033b2ba7d4f4441974fea6d07e9f8d521e263de8856c9faea30f6070537835f8ce39c300f0b11b,"'projects/yukpo-project/logs/run.googleapis.com%2Fstdout",,"'2026-02-17T23:06:45.442389041Z","'yukpo-backend",,"'europe-west1","'yukpo-project",,"'yukpo-backend-00209-hn8","'yukpo-backend",cloud_run_revision,,"'[2m2026-02-17T23:06:45.267443Z[0m [31mERROR[0m [2myukpomnang_backend::tasks::notification_queue_worker[0m[2m:[0m ❌ Erreur traitement batch notifications: Internal(""Redis connection failed: Connexion Redis échouée: failed to lookup address information: Name or service not known"")","'2026-02-17T23:06:45.266497Z"
6994f483000ed2884fdb846e,,,,,00da6cd2c464c089e5e44eb66e1fbba3dc8ba46f714374877f940abaf883233cab71c111864b8572af033b2ba7d4f4441974fea6d07e9f8d521e263de8856c9faea30f6070537835f8ce39c300f0b11b,"'projects/yukpo-project/logs/run.googleapis.com%2Fstdout",,"'2026-02-17T23:06:44.105862080Z","'yukpo-backend",,"'europe-west1","'yukpo-project",,"'yukpo-backend-00209-hn8","'yukpo-backend",cloud_run_revision,,"'[2m2026-02-17T23:06:43.972933Z[0m [33m WARN[0m [2myukpomnang_backend::tasks::delivery_matching_worker[0m[2m:[0m [DeliveryMatchingWorker] Itération échouée: ?? Internal error: 3 workers ont échoué. Nouvelle tentative programmée.","'2026-02-17T23:06:43.971400Z"
6994f483000ed2748752c6b1,,,,,00da6cd2c464c089e5e44eb66e1fbba3dc8ba46f714374877f940abaf883233cab71c111864b8572af033b2ba7d4f4441974fea6d07e9f8d521e263de8856c9faea30f6070537835f8ce39c300f0b11b,"'projects/yukpo-project/logs/run.googleapis.com%2Fstdout",,"'2026-02-17T23:06:44.105862080Z","'yukpo-backend",,"'europe-west1","'yukpo-project",,"'yukpo-backend-00209-hn8","'yukpo-backend",cloud_run_revision,,"'[2m2026-02-17T23:06:43.972915Z[0m [31mERROR[0m [2myukpomnang_backend::tasks::delivery_matching_worker[0m[2m:[0m [DeliveryMatchingWorker] Worker 1: Erreur après retries: ?? Database error: error communicating with database: No such file or directory (os error 2)","'2026-02-17T23:06:43.971380Z"
6994f483000ed265eaf204e6,,,,,00da6cd2c464c089e5e44eb66e1fbba3dc8ba46f714374877f940abaf883233cab71c111864b8572af033b2ba7d4f4441974fea6d07e9f8d521e263de8856c9faea30f6070537835f8ce39c300f0b11b,"'projects/yukpo-project/logs/run.googleapis.com%2Fstdout",,"'2026-02-17T23:06:44.105862080Z","'yukpo-backend",,"'europe-west1","'yukpo-project",,"'yukpo-backend-00209-hn8","'yukpo-backend",cloud_run_revision,,"'[2m2026-02-17T23:06:43.972890Z[0m [31mERROR[0m [2myukpomnang_backend::utils::db_retry[0m[2m:[0m [Service Retry] ❌ Toutes les 3 tentatives ont échoué. Dernière erreur: ?? Database error: error communicating with database: No such file or directory (os error 2)","'2026-02-17T23:06:43.971365Z"
6994f483000ed24fa00d3bc0,,,,,00da6cd2c464c089e5e44eb66e1fbba3dc8ba46f714374877f940abaf883233cab71c111864b8572af033b2ba7d4f4441974fea6d07e9f8d521e263de8856c9faea30f6070537835f8ce39c300f0b11b,"'projects/yukpo-project/logs/run.googleapis.com%2Fstdout",,"'2026-02-17T23:06:44.105862080Z","'yukpo-backend",,"'europe-west1","'yukpo-project",,"'yukpo-backend-00209-hn8","'yukpo-backend",cloud_run_revision,,"'[2m2026-02-17T23:06:43.972873Z[0m [31mERROR[0m [2myukpomnang_backend::utils::db_retry[0m[2m:[0m [DB Retry] ❌ Toutes les 3 tentatives ont échoué. Dernière erreur: error communicating with database: No such file or directory (os error 2)","'2026-02-17T23:06:43.971343Z"
6994f483000ed226884e1d0a,,,,,00da6cd2c464c089e5e44eb66e1fbba3dc8ba46f714374877f940abaf883233cab71c111864b8572af033b2ba7d4f4441974fea6d07e9f8d521e263de8856c9faea30f6070537835f8ce39c300f0b11b,"'projects/yukpo-project/logs/run.googleapis.com%2Fstdout",,"'2026-02-17T23:06:44.105862080Z","'yukpo-backend",,"'europe-west1","'yukpo-project",,"'yukpo-backend-00209-hn8","'yukpo-backend",cloud_run_revision,,"'[2m2026-02-17T23:06:43.972837Z[0m [31mERROR[0m [2myukpomnang_backend::tasks::delivery_matching_worker[0m[2m:[0m [DeliveryMatchingWorker] Worker 0: Erreur après retries: ?? Database error: error communicating with database: No such file or directory (os error 2)","'2026-02-17T23:06:43.971302Z"
6994f483000ed20b53c6552c,,,,,00da6cd2c464c089e5e44eb66e1fbba3dc8ba46f714374877f940abaf883233cab71c111864b8572af033b2ba7d4f4441974fea6d07e9f8d521e263de8856c9faea30f6070537835f8ce39c300f0b11b,"'projects/yukpo-project/logs/run.googleapis.com%2Fstdout",,"'2026-02-17T23:06:44.105862080Z","'yukpo-backend",,"'europe-west1","'yukpo-project",,"'yukpo-backend-00209-hn8","'yukpo-backend",cloud_run_revision,,"'[2m2026-02-17T23:06:43.972803Z[0m [31mERROR[0m [2myukpomnang_backend::utils::db_retry[0m[2m:[0m [Service Retry] ❌ Toutes les 3 tentatives ont échoué. Dernière erreur: ?? Database error: error communicating with database: No such file or directory (os error 2)","'2026-02-17T23:06:43.971275Z"
6994f483000ed1f84d969404,,,,,00da6cd2c464c089e5e44eb66e1fbba3dc8ba46f714374877f940abaf883233cab71c111864b8572af033b2ba7d4f4441974fea6d07e9f8d521e263de8856c9faea30f6070537835f8ce39c300f0b11b,"'projects/yukpo-project/logs/run.googleapis.com%2Fstdout",,"'2026-02-17T23:06:44.105862080Z","'yukpo-backend",,"'europe-west1","'yukpo-project",,"'yukpo-backend-00209-hn8","'yukpo-backend",cloud_run_revision,,"'[2m2026-02-17T23:06:43.972787Z[0m [31mERROR[0m [2myukpomnang_backend::utils::db_retry[0m[2m:[0m [DB Retry] ❌ Toutes les 3 tentatives ont échoué. Dernière erreur: error communicating with database: No such file or directory (os error 2)","'2026-02-17T23:06:43.971256Z"
6994f483000ed1c59c93a822,,,,,00da6cd2c464c089e5e44eb66e1fbba3dc8ba46f714374877f940abaf883233cab71c111864b8572af033b2ba7d4f4441974fea6d07e9f8d521e263de8856c9faea30f6070537835f8ce39c300f0b11b,"'projects/yukpo-project/logs/run.googleapis.com%2Fstdout",,"'2026-02-17T23:06:44.105862080Z","'yukpo-backend",,"'europe-west1","'yukpo-project",,"'yukpo-backend-00209-hn8","'yukpo-backend",cloud_run_revision,,"'[2m2026-02-17T23:06:43.972741Z[0m [31mERROR[0m [2myukpomnang_backend::tasks::delivery_matching_worker[0m[2m:[0m [DeliveryMatchingWorker] Worker 2: Erreur après retries: ?? Database error: error communicating with database: No such file or directory (os error 2)","'2026-02-17T23:06:43.971205Z"
6994f483000ed1a7233c8382,,,,,00da6cd2c464c089e5e44eb66e1fbba3dc8ba46f714374877f940abaf883233cab71c111864b8572af033b2ba7d4f4441974fea6d07e9f8d521e263de8856c9faea30f6070537835f8ce39c300f0b11b,"'projects/yukpo-project/logs/run.googleapis.com%2Fstdout",,"'2026-02-17T23:06:44.105862080Z","'yukpo-backend",,"'europe-west1","'yukpo-project",,"'yukpo-backend-00209-hn8","'yukpo-backend",cloud_run_revision,,"'[2m2026-02-17T23:06:43.972710Z[0m [31mERROR[0m [2myukpomnang_backend::utils::db_retry[0m[2m:[0m [Service Retry] ❌ Toutes les 3 tentatives ont échoué. Dernière erreur: ?? Database error: error communicating with database: No such file or directory (os error 2)","'2026-02-17T23:06:43.971175Z"
6994f483000ed1972ba4ecd2,,,,,00da6cd2c464c089e5e44eb66e1fbba3dc8ba46f714374877f940abaf883233cab71c111864b8572af033b2ba7d4f4441974fea6d07e9f8d521e263de8856c9faea30f6070537835f8ce39c300f0b11b,"'projects/yukpo-project/logs/run.googleapis.com%2Fstdout",,"'2026-02-17T23:06:44.105862080Z","'yukpo-backend",,"'europe-west1","'yukpo-project",,"'yukpo-backend-00209-hn8","'yukpo-backend",cloud_run_revision,,"'[2m2026-02-17T23:06:43.972677Z[0m [31mERROR[0m [2myukpomnang_backend::utils::db_retry[0m[2m:[0m [DB Retry] ❌ Toutes les 3 tentatives ont échoué. Dernière erreur: error communicating with database: No such file or directory (os error 2)","'2026-02-17T23:06:43.971159Z"
6994f483000ec1459ca604b1,,,,,00da6cd2c464c089e5e44eb66e1fbba3dc8ba46f714374877f940abaf883233cab71c111864b8572af033b2ba7d4f4441974fea6d07e9f8d521e263de8856c9faea30f6070537835f8ce39c300f0b11b,"'projects/yukpo-project/logs/run.googleapis.com%2Fstdout",,"'2026-02-17T23:06:44.105862080Z","'yukpo-backend",,"'europe-west1","'yukpo-project",,"'yukpo-backend-00209-hn8","'yukpo-backend",cloud_run_revision,,"'[2m2026-02-17T23:06:43.968479Z[0m [31mERROR[0m [2myukpomnang_backend::tasks::notification_queue_worker[0m[2m:[0m ❌ Erreur traitement batch notifications: Internal(""Redis connection failed: Connexion Redis échouée: failed to lookup address information: Name or service not known"")","'2026-02-17T23:06:43.966981Z"
6994f483000d3304cf74805f,,,,,00da6cd2c464c089e5e44eb66e1fbba3dc8ba46f714374877f940abaf883233cab71c111864b8572af033b2ba7d4f4441974fea6d07e9f8d521e263de8856c9faea30f6070537835f8ce39c300f0b11b,"'projects/yukpo-project/logs/run.googleapis.com%2Fstdout",,"'2026-02-17T23:06:44.105862080Z","'yukpo-backend",,"'europe-west1","'yukpo-project",,"'yukpo-backend-00209-hn8","'yukpo-backend",cloud_run_revision,,"'[2m2026-02-17T23:06:43.866508Z[0m [31mERROR[0m [2myukpomnang_backend::services::product_creation_queue[0m[2m:[0m [ProductCreationQueue] ❌ Erreur récupération jobs: ?? Internal error: Erreur récupération jobs: error communicating with database: No such file or directory (os error 2)","'2026-02-17T23:06:43.865028Z"
6994f4820008ace507fa7129,,,,,00da6cd2c464c089e5e44eb66e1fbba3dc8ba46f714374877f940abaf883233cab71c111864b8572af033b2ba7d4f4441974fea6d07e9f8d521e263de8856c9faea30f6070537835f8ce39c300f0b11b,"'projects/yukpo-project/logs/run.googleapis.com%2Fstdout",,"'2026-02-17T23:06:42.775590457Z","'yukpo-backend",,"'europe-west1","'yukpo-project",,"'yukpo-backend-00209-hn8","'yukpo-backend",cloud_run_revision,,"'[2m2026-02-17T23:06:42.569506Z[0m [31mERROR[0m [2myukpomnang_backend::tasks::notification_queue_worker[0m[2m:[0m ❌ Erreur traitement batch notifications: Internal(""Redis connection failed: Connexion Redis échouée: failed to lookup address information: Name or service not known"")","'2026-02-17T23:06:42.568549Z"
6994f481000428f675e5ac2b,,,,,00da6cd2c464c089e5e44eb66e1fbba3dc8ba46f714374877f940abaf883233cab71c111864b8572af033b2ba7d4f4441974fea6d07e9f8d521e263de8856c9faea30f6070537835f8ce39c300f0b11b,"'projects/yukpo-project/logs/run.googleapis.com%2Fstdout",,"'2026-02-17T23:06:41.444838796Z","'yukpo-backend",,"'europe-west1","'yukpo-project",,"'yukpo-backend-00209-hn8","'yukpo-backend",cloud_run_revision,,"'[2m2026-02-17T23:06:41.273216Z[0m [31mERROR[0m [2myukpomnang_backend::tasks::notification_queue_worker[0m[2m:[0m ❌ Erreur traitement batch notifications: Internal(""Redis connection failed: Connexion Redis échouée: failed to lookup address information: Name or service not known"")","'2026-02-17T23:06:41.272630Z"
6994f47f000ebd16c8f8a868,,,,,00da6cd2c464c089e5e44eb66e1fbba3dc8ba46f714374877f940abaf883233cab71c111864b8572af033b2ba7d4f4441974fea6d07e9f8d521e263de8856c9faea30f6070537835f8ce39c300f0b11b,"'projects/yukpo-project/logs/run.googleapis.com%2Fstdout",,"'2026-02-17T23:06:40.112970622Z","'yukpo-backend",,"'europe-west1","'yukpo-project",,"'yukpo-backend-00209-hn8","'yukpo-backend",cloud_run_revision,,"'[2m2026-02-17T23:06:39.967140Z[0m [31mERROR[0m [2myukpomnang_backend::tasks::notification_queue_worker[0m[2m:[0m ❌ Erreur traitement batch notifications: Internal(""Redis connection failed: Connexion Redis échouée: failed to lookup address information: Name or service not known"")","'2026-02-17T23:06:39.965910Z"
6994f47e000ed1075912e65a,,,,,00da6cd2c464c089e5e44eb66e1fbba3dc8ba46f714374877f940abaf883233cab71c111864b8572af033b2ba7d4f4441974fea6d07e9f8d521e263de8856c9faea30f6070537835f8ce39c300f0b11b,"'projects/yukpo-project/logs/run.googleapis.com%2Fstdout",,"'2026-02-17T23:06:39.112156849Z","'yukpo-backend",,"'europe-west1","'yukpo-project",,"'yukpo-backend-00209-hn8","'yukpo-backend",cloud_run_revision,,"'[2m2026-02-17T23:06:38.971849Z[0m [32m INFO[0m [2myukpomnang_backend::utils::db_retry[0m[2m:[0m [DB Retry] Tentative 2/3 échouée (erreur TLS récupérable): error communicating with database: No such file or directory (os error 2). Retry dans 5000ms","'2026-02-17T23:06:38.971015Z"
6994f47e000ed0e45ae430c3,,,,,00da6cd2c464c089e5e44eb66e1fbba3dc8ba46f714374877f940abaf883233cab71c111864b8572af033b2ba7d4f4441974fea6d07e9f8d521e263de8856c9faea30f6070537835f8ce39c300f0b11b,"'projects/yukpo-project/logs/run.googleapis.com%2Fstdout",,"'2026-02-17T23:06:39.112156849Z","'yukpo-backend",,"'europe-west1","'yukpo-project",,"'yukpo-backend-00209-hn8","'yukpo-backend",cloud_run_revision,,"'[2m2026-02-17T23:06:38.971844Z[0m [32m INFO[0m [2myukpomnang_backend::utils::db_retry[0m[2m:[0m [DB Retry] Tentative 2/3 échouée (erreur TLS récupérable): error communicating with database: No such file or directory (os error 2). Retry dans 5000ms","'2026-02-17T23:06:38.970980Z"
6994f47e000ed0d05d1bbfae,,,,,00da6cd2c464c089e5e44eb66e1fbba3dc8ba46f714374877f940abaf883233cab71c111864b8572af033b2ba7d4f4441974fea6d07e9f8d521e263de8856c9faea30f6070537835f8ce39c300f0b11b,"'projects/yukpo-project/logs/run.googleapis.com%2Fstdout",,"'2026-02-17T23:06:39.112156849Z","'yukpo-backend",,"'europe-west1","'yukpo-project",,"'yukpo-backend-00209-hn8","'yukpo-backend",cloud_run_revision,,"'[2m2026-02-17T23:06:38.971829Z[0m [32m INFO[0m [2myukpomnang_backend::utils::db_retry[0m[2m:[0m [DB Retry] Tentative 2/3 échouée (erreur TLS récupérable): error communicating with database: No such file or directory (os error 2). Retry dans 5000ms","'2026-02-17T23:06:38.970960Z"
6994f47e000bb1bb968929eb,,,,,00da6cd2c464c089e5e44eb66e1fbba3dc8ba46f714374877f940abaf883233cab71c111864b8572af033b2ba7d4f4441974fea6d07e9f8d521e263de8856c9faea30f6070537835f8ce39c300f0b11b,"'projects/yukpo-project/logs/run.googleapis.com%2Fstdout",,"'2026-02-17T23:06:38.779436226Z","'yukpo-backend",,"'europe-west1","'yukpo-project",,"'yukpo-backend-00209-hn8","'yukpo-backend",cloud_run_revision,,"'[2m2026-02-17T23:06:38.767260Z[0m [31mERROR[0m [2myukpomnang_backend::services::live_flash_sale_service[0m[2m:[0m process_timers live flash sales failed: Database(""error communicating with database: No such file or directory (os error 2)"")","'2026-02-17T23:06:38.766395Z"
6994f47e000bb1964f77ca96,,,,,00da6cd2c464c089e5e44eb66e1fbba3dc8ba46f714374877f940abaf883233cab71c111864b8572af033b2ba7d4f4441974fea6d07e9f8d521e263de8856c9faea30f6070537835f8ce39c300f0b11b,"'projects/yukpo-project/logs/run.googleapis.com%2Fstdout",,"'2026-02-17T23:06:38.779436226Z","'yukpo-backend",,"'europe-west1","'yukpo-project",,"'yukpo-backend-00209-hn8","'yukpo-backend",cloud_run_revision,,"'[2m2026-02-17T23:06:38.767179Z[0m [31mERROR[0m [2myukpomnang_backend::tasks::delivery_notification_repeat[0m[2m:[0m ❌ [DeliveryNotifications] Erreur lors de la répétition: Io(Os { code: 2, kind: NotFound, message: ""No such file or directory"" })","'2026-02-17T23:06:38.766358Z"
6994f47e00089df6e807c794,,,,,00da6cd2c464c089e5e44eb66e1fbba3dc8ba46f714374877f940abaf883233cab71c111864b8572af033b2ba7d4f4441974fea6d07e9f8d521e263de8856c9faea30f6070537835f8ce39c300f0b11b,"'projects/yukpo-project/logs/run.googleapis.com%2Fstdout",,"'2026-02-17T23:06:38.779436226Z","'yukpo-backend",,"'europe-west1","'yukpo-project",,"'yukpo-backend-00209-hn8","'yukpo-backend",cloud_run_revision,,"'[2m2026-02-17T23:06:38.565534Z[0m [31mERROR[0m [2myukpomnang_backend::tasks::notification_queue_worker[0m[2m:[0m ❌ Erreur traitement batch notifications: Internal(""Redis connection failed: Connexion Redis échouée: failed to lookup address information: Name or service not known"")","'2026-02-17T23:06:38.564726Z"
6994f47d00040e0381786bed,,,,,00da6cd2c464c089e5e44eb66e1fbba3dc8ba46f714374877f940abaf883233cab71c111864b8572af033b2ba7d4f4441974fea6d07e9f8d521e263de8856c9faea30f6070537835f8ce39c300f0b11b,"'projects/yukpo-project/logs/run.googleapis.com%2Fstdout",,"'2026-02-17T23:06:37.448479739Z","'yukpo-backend",,"'europe-west1","'yukpo-project",,"'yukpo-backend-00209-hn8","'yukpo-backend",cloud_run_revision,,"'[2m2026-02-17T23:06:37.267094Z[0m [31mERROR[0m [2myukpomnang_backend::services::social_distribution_service[0m[2m:[0m [SocialDistribution] Fetch jobs error: Database(""error communicating with database: No such file or directory (os error 2)"")","'2026-02-17T23:06:37.265731Z"
6994f47d00040dfa775ec357,,,,,00da6cd2c464c089e5e44eb66e1fbba3dc8ba46f714374877f940abaf883233cab71c111864b8572af033b2ba7d4f4441974fea6d07e9f8d521e263de8856c9faea30f6070537835f8ce39c300f0b11b,"'projects/yukpo-project/logs/run.googleapis.com%2Fstdout",,"'2026-02-17T23:06:37.448479739Z","'yukpo-backend",,"'europe-west1","'yukpo-project",,"'yukpo-backend-00209-hn8","'yukpo-backend",cloud_run_revision,,"'[2m2026-02-17T23:06:37.267062Z[0m [31mERROR[0m [2myukpomnang_backend::utils::db_retry[0m[2m:[0m [DB Retry] ❌ Toutes les 3 tentatives ont échoué. Dernière erreur: error communicating with database: No such file or directory (os error 2)","'2026-02-17T23:06:37.265722Z"
6994f47d0002aa164313b67d,,,,,00da6cd2c464c089e5e44eb66e1fbba3dc8ba46f714374877f940abaf883233cab71c111864b8572af033b2ba7d4f4441974fea6d07e9f8d521e263de8856c9faea30f6070537835f8ce39c300f0b11b,"'projects/yukpo-project/logs/run.googleapis.com%2Fstdout",,"'2026-02-17T23:06:37.448479739Z","'yukpo-backend",,"'europe-west1","'yukpo-project",,"'yukpo-backend-00209-hn8","'yukpo-backend",cloud_run_revision,,"'[2m2026-02-17T23:06:37.176012Z[0m [31mERROR[0m [2myukpomnang_backend::tasks::notification_queue_worker[0m[2m:[0m ❌ Erreur traitement batch notifications: Internal(""Redis connection failed: Connexion Redis échouée: failed to lookup address information: Name or service not known"")","'2026-02-17T23:06:37.174614Z"
6994f47c00040df6fcb9a55f,,,,,00da6cd2c464c089e5e44eb66e1fbba3dc8ba46f714374877f940abaf883233cab71c111864b8572af033b2ba7d4f4441974fea6d07e9f8d521e263de8856c9faea30f6070537835f8ce39c300f0b11b,"'projects/yukpo-project/logs/run.googleapis.com%2Fstdout",,"'2026-02-17T23:06:36.448811129Z","'yukpo-backend",,"'europe-west1","'yukpo-project",,"'yukpo-backend-00209-hn8","'yukpo-backend",cloud_run_revision,,"'[2m2026-02-17T23:06:36.267376Z[0m [33m WARN[0m [2myukpomnang_backend::utils::db_monitor[0m[2m:[0m [DB Monitor] ⚠️ Pool unhealthy - Error: error communicating with database: No such file or directory (os error 2), Size: 0, Active: 0, Idle: 0","'2026-02-17T23:06:36.265718Z"
6994f47b000ec90612668a62,,,,,00da6cd2c464c089e5e44eb66e1fbba3dc8ba46f714374877f940abaf883233cab71c111864b8572af033b2ba7d4f4441974fea6d07e9f8d521e263de8856c9faea30f6070537835f8ce39c300f0b11b,"'projects/yukpo-project/logs/run.googleapis.com%2Fstdout",,"'2026-02-17T23:06:36.116820726Z","'yukpo-backend",,"'europe-west1","'yukpo-project",,"'yukpo-backend-00209-hn8","'yukpo-backend",cloud_run_revision,,"'[2m2026-02-17T23:06:35.970433Z[0m [32m INFO[0m [2myukpomnang_backend::utils::db_retry[0m[2m:[0m [DB Retry] Tentative 1/3 échouée (erreur TLS récupérable): error communicating with database: No such file or directory (os error 2). Retry dans 3000ms","'2026-02-17T23:06:35.968966Z"
6994f47b000ec8df6e3e989c,,,,,00da6cd2c464c089e5e44eb66e1fbba3dc8ba46f714374877f940abaf883233cab71c111864b8572af033b2ba7d4f4441974fea6d07e9f8d521e263de8856c9faea30f6070537835f8ce39c300f0b11b,"'projects/yukpo-project/logs/run.googleapis.com%2Fstdout",,"'2026-02-17T23:06:36.116820726Z","'yukpo-backend",,"'europe-west1","'yukpo-project",,"'yukpo-backend-00209-hn8","'yukpo-backend",cloud_run_revision,,"'[2m2026-02-17T23:06:35.970456Z[0m [32m INFO[0m [2myukpomnang_backend::utils::db_retry[0m[2m:[0m [DB Retry] Tentative 1/3 échouée (erreur TLS récupérable): error communicating with database: No such file or directory (os error 2). Retry dans 3000ms","'2026-02-17T23:06:35.968927Z"
6994f47b000ec8cf4d49206a,,,,,00da6cd2c464c089e5e44eb66e1fbba3dc8ba46f714374877f940abaf883233cab71c111864b8572af033b2ba7d4f4441974fea6d07e9f8d521e263de8856c9faea30f6070537835f8ce39c300f0b11b,"'projects/yukpo-project/logs/run.googleapis.com%2Fstdout",,"'2026-02-17T23:06:36.116820726Z","'yukpo-backend",,"'europe-west1","'yukpo-project",,"'yukpo-backend-00209-hn8","'yukpo-backend",cloud_run_revision,,"'[2m2026-02-17T23:06:35.970433Z[0m [32m INFO[0m [2myukpomnang_backend::utils::db_retry[0m[2m:[0m [DB Retry] Tentative 1/3 échouée (erreur TLS récupérable): error communicating with database: No such file or directory (os error 2). Retry dans 3000ms","'2026-02-17T23:06:35.968911Z"
6994f47b000eb8a00962e49d,,,,,00da6cd2c464c089e5e44eb66e1fbba3dc8ba46f714374877f940abaf883233cab71c111864b8572af033b2ba7d4f4441974fea6d07e9f8d521e263de8856c9faea30f6070537835f8ce39c300f0b11b,"'projects/yukpo-project/logs/run.googleapis.com%2Fstdout",,"'2026-02-17T23:06:36.116820726Z","'yukpo-backend",,"'europe-west1","'yukpo-project",,"'yukpo-backend-00209-hn8","'yukpo-backend",cloud_run_revision,,"'[2m2026-02-17T23:06:35.966177Z[0m [31mERROR[0m [2myukpomnang_backend::tasks::notification_queue_worker[0m[2m:[0m ❌ Erreur traitement batch notifications: Internal(""Redis connection failed: Connexion Redis échouée: failed to lookup address information: Name or service not known"")","'2026-02-17T23:06:35.964768Z"
6994f47b0008a767374b3e2d,,,,,00da6cd2c464c089e5e44eb66e1fbba3dc8ba46f714374877f940abaf883233cab71c111864b8572af033b2ba7d4f4441974fea6d07e9f8d521e263de8856c9faea30f6070537835f8ce39c300f0b11b,"'projects/yukpo-project/logs/run.googleapis.com%2Fstdout",,"'2026-02-17T23:06:35.781896809Z","'yukpo-backend",,"'europe-west1","'yukpo-project",,"'yukpo-backend-00209-hn8","'yukpo-backend",cloud_run_revision,,"'[2m2026-02-17T23:06:35.568373Z[0m [31mERROR[0m [2myukpomnang_backend::utils::db_retry[0m[2m:[0m [DB Retry] ❌ Toutes les 3 tentatives ont échoué. Dernière erreur: error communicating with database: No such file or directory (os error 2)","'2026-02-17T23:06:35.567143Z"
6994f47b0008a753db162f1a,,,,,00da6cd2c464c089e5e44eb66e1fbba3dc8ba46f714374877f940abaf883233cab71c111864b8572af033b2ba7d4f4441974fea6d07e9f8d521e263de8856c9faea30f6070537835f8ce39c300f0b11b,"'projects/yukpo-project/logs/run.googleapis.com%2Fstdout",,"'2026-02-17T23:06:35.781896809Z","'yukpo-backend",,"'europe-west1","'yukpo-project",,"'yukpo-backend-00209-hn8","'yukpo-backend",cloud_run_revision,,"'[2m2026-02-17T23:06:35.568373Z[0m [31mERROR[0m [2myukpomnang_backend::utils::db_retry[0m[2m:[0m [DB Retry] ❌ Toutes les 3 tentatives ont échoué. Dernière erreur: error communicating with database: No such file or directory (os error 2)","'2026-02-17T23:06:35.567123Z"
6994f47b0008a74bc17081b9,,,,,00da6cd2c464c089e5e44eb66e1fbba3dc8ba46f714374877f940abaf883233cab71c111864b8572af033b2ba7d4f4441974fea6d07e9f8d521e263de8856c9faea30f6070537835f8ce39c300f0b11b,"'projects/yukpo-project/logs/run.googleapis.com%2Fstdout",,"'2026-02-17T23:06:35.781896809Z","'yukpo-backend",,"'europe-west1","'yukpo-project",,"'yukpo-backend-00209-hn8","'yukpo-backend",cloud_run_revision,,"'[2m2026-02-17T23:06:35.568368Z[0m [31mERROR[0m [2myukpomnang_backend::utils::db_retry[0m[2m:[0m [DB Retry] ❌ Toutes les 3 tentatives ont échoué. Dernière erreur: error communicating with database: No such file or directory (os error 2)","'2026-02-17T23:06:35.567115Z"
6994f47a000a2808b4faf6d1,,,,,00da6cd2c464c089e5e44eb66e1fbba3dc8ba46f714374877f940abaf883233cab71c111864b8572af033b2ba7d4f4441974fea6d07e9f8d521e263de8856c9faea30f6070537835f8ce39c300f0b11b,"'projects/yukpo-project/logs/run.googleapis.com%2Fstdout",,"'2026-02-17T23:06:34.784136447Z","'yukpo-backend",,"'europe-west1","'yukpo-project",,"'yukpo-backend-00209-hn8","'yukpo-backend",cloud_run_revision,,"'[2m2026-02-17T23:06:34.666767Z[0m [31mERROR[0m [2myukpomnang_backend::tasks::notification_queue_worker[0m[2m:[0m ❌ Erreur traitement batch notifications: Internal(""Redis connection failed: Connexion Redis échouée: failed to lookup address information: Name or service not known"")","'2026-02-17T23:06:34.665608Z"
6994f47a0008ae7e76ef9fee,,,,,00da6cd2c464c089e5e44eb66e1fbba3dc8ba46f714374877f940abaf883233cab71c111864b8572af033b2ba7d4f4441974fea6d07e9f8d521e263de8856c9faea30f6070537835f8ce39c300f0b11b,"'projects/yukpo-project/logs/run.googleapis.com%2Fstdout",,"'2026-02-17T23:06:34.784136447Z","'yukpo-backend",,"'europe-west1","'yukpo-project",,"'yukpo-backend-00209-hn8","'yukpo-backend",cloud_run_revision,,"'[2m2026-02-17T23:06:34.570175Z[0m [31mERROR[0m [2myukpomnang_backend::tasks::order_timeout_monitor[0m[2m:[0m ❌ Erreur lors de la vérification des timeouts de commandes: ?? Database error: error communicating with database: No such file or directory (os error 2)","'2026-02-17T23:06:34.568958Z"
6994f47a0008ae73d1717e3c,,,,,00da6cd2c464c089e5e44eb66e1fbba3dc8ba46f714374877f940abaf883233cab71c111864b8572af033b2ba7d4f4441974fea6d07e9f8d521e263de8856c9faea30f6070537835f8ce39c300f0b11b,"'projects/yukpo-project/logs/run.googleapis.com%2Fstdout",,"'2026-02-17T23:06:34.784136447Z","'yukpo-backend",,"'europe-west1","'yukpo-project",,"'yukpo-backend-00209-hn8","'yukpo-backend",cloud_run_revision,,"'[2m2026-02-17T23:06:34.570141Z[0m [31mERROR[0m [2myukpomnang_backend::utils::db_retry[0m[2m:[0m [DB Retry] ❌ Toutes les 3 tentatives ont échoué. Dernière erreur: error communicating with database: No such file or directory (os error 2)","'2026-02-17T23:06:34.568947Z"
6994f479000bb1dfb259eef0,,,,,00da6cd2c464c089e5e44eb66e1fbba3dc8ba46f714374877f940abaf883233cab71c111864b8572af033b2ba7d4f4441974fea6d07e9f8d521e263de8856c9faea30f6070537835f8ce39c300f0b11b,"'projects/yukpo-project/logs/run.googleapis.com%2Fstdout",,"'2026-02-17T23:06:33.784837725Z","'yukpo-backend",,"'europe-west1","'yukpo-project",,"'yukpo-backend-00209-hn8","'yukpo-backend",cloud_run_revision,,"'[2m2026-02-17T23:06:33.767710Z[0m [31mERROR[0m [2myukpomnang_backend::services::product_creation_queue[0m[2m:[0m [ProductCreationQueue] ❌ Erreur récupération jobs: ?? Internal error: Erreur récupération jobs: error communicating with database: No such file or directory (os error 2)","'2026-02-17T23:06:33.766431Z"
6994f47900042a3fd28455c0,,,,,00da6cd2c464c089e5e44eb66e1fbba3dc8ba46f714374877f940abaf883233cab71c111864b8572af033b2ba7d4f4441974fea6d07e9f8d521e263de8856c9faea30f6070537835f8ce39c300f0b11b,"'projects/yukpo-project/logs/run.googleapis.com%2Fstdout",,"'2026-02-17T23:06:33.451703373Z","'yukpo-backend",,"'europe-west1","'yukpo-project",,"'yukpo-backend-00209-hn8","'yukpo-backend",cloud_run_revision,,"'[2m2026-02-17T23:06:33.274238Z[0m [31mERROR[0m [2myukpomnang_backend::tasks::notification_queue_worker[0m[2m:[0m ❌ Erreur traitement batch notifications: Internal(""Redis connection failed: Connexion Redis échouée: failed to lookup address information: Name or service not known"")","'2026-02-17T23:06:33.272959Z"
6994f4780004079447bbacbb,,,,,00da6cd2c464c089e5e44eb66e1fbba3dc8ba46f714374877f940abaf883233cab71c111864b8572af033b2ba7d4f4441974fea6d07e9f8d521e263de8856c9faea30f6070537835f8ce39c300f0b11b,"'projects/yukpo-project/logs/run.googleapis.com%2Fstdout",,"'2026-02-17T23:06:32.452347361Z","'yukpo-backend",,"'europe-west1","'yukpo-project",,"'yukpo-backend-00209-hn8","'yukpo-backend",cloud_run_revision,,"'[2m2026-02-17T23:06:32.265402Z[0m [32m INFO[0m [2myukpomnang_backend::utils::db_retry[0m[2m:[0m [DB Retry] Tentative 2/3 échouée (erreur TLS récupérable): error communicating with database: No such file or directory (os error 2). Retry dans 5000ms","'2026-02-17T23:06:32.264084Z"
6994f477000eb82f4f096a37,,,,,00da6cd2c464c089e5e44eb66e1fbba3dc8ba46f714374877f940abaf883233cab71c111864b8572af033b2ba7d4f4441974fea6d07e9f8d521e263de8856c9faea30f6070537835f8ce39c300f0b11b,"'projects/yukpo-project/logs/run.googleapis.com%2Fstdout",,"'2026-02-17T23:06:32.119942052Z","'yukpo-backend",,"'europe-west1","'yukpo-project",,"'yukpo-backend-00209-hn8","'yukpo-backend",cloud_run_revision,,"'[2m2026-02-17T23:06:31.965942Z[0m [31mERROR[0m [2myukpomnang_backend::tasks::notification_queue_worker[0m[2m:[0m ❌ Erreur traitement batch notifications: Internal(""Redis connection failed: Connexion Redis échouée: failed to lookup address information: Name or service not known"")","'2026-02-17T23:06:31.964655Z"
6994f4760008a1d819ce3128,,,,,00da6cd2c464c089e5e44eb66e1fbba3dc8ba46f714374877f940abaf883233cab71c111864b8572af033b2ba7d4f4441974fea6d07e9f8d521e263de8856c9faea30f6070537835f8ce39c300f0b11b,"'projects/yukpo-project/logs/run.googleapis.com%2Fstdout",,"'2026-02-17T23:06:30.787704021Z","'yukpo-backend",,"'europe-west1","'yukpo-project",,"'yukpo-backend-00209-hn8","'yukpo-backend",cloud_run_revision,,"'[2m2026-02-17T23:06:30.566809Z[0m [32m INFO[0m [2myukpomnang_backend::utils::db_retry[0m[2m:[0m [DB Retry] Tentative 2/3 échouée (erreur TLS récupérable): error communicating with database: No such file or directory (os error 2). Retry dans 5000ms","'2026-02-17T23:06:30.565720Z"
6994f4760008a1b54a031989,,,,,00da6cd2c464c089e5e44eb66e1fbba3dc8ba46f714374877f940abaf883233cab71c111864b8572af033b2ba7d4f4441974fea6d07e9f8d521e263de8856c9faea30f6070537835f8ce39c300f0b11b,"'projects/yukpo-project/logs/run.googleapis.com%2Fstdout",,"'2026-02-17T23:06:30.787704021Z","'yukpo-backend",,"'europe-west1","'yukpo-project",,"'yukpo-backend-00209-hn8","'yukpo-backend",cloud_run_revision,,"'[2m2026-02-17T23:06:30.566773Z[0m [32m INFO[0m [2myukpomnang_backend::utils::db_retry[0m[2m:[0m [DB Retry] Tentative 2/3 échouée (erreur TLS récupérable): error communicating with database: No such file or directory (os error 2). Retry dans 5000ms","'2026-02-17T23:06:30.565685Z"
6994f4760008a1a6fe263ecc,,,,,00da6cd2c464c089e5e44eb66e1fbba3dc8ba46f714374877f940abaf883233cab71c111864b8572af033b2ba7d4f4441974fea6d07e9f8d521e263de8856c9faea30f6070537835f8ce39c300f0b11b,"'projects/yukpo-project/logs/run.googleapis.com%2Fstdout",,"'2026-02-17T23:06:30.787704021Z","'yukpo-backend",,"'europe-west1","'yukpo-project",,"'yukpo-backend-00209-hn8","'yukpo-backend",cloud_run_revision,,"'[2m2026-02-17T23:06:30.566719Z[0m [32m INFO[0m [2myukpomnang_backend::utils::db_retry[0m[2m:[0m [DB Retry] Tentative 2/3 échouée (erreur TLS récupérable): error communicating with database: No such file or directory (os error 2). Retry dans 5000ms","'2026-02-17T23:06:30.565670Z"
6994f47600073ab6834f40e0,,,,,00da6cd2c464c089e5e44eb66e1fbba3dc8ba46f714374877f940abaf883233cab71c111864b8572af033b2ba7d4f4441974fea6d07e9f8d521e263de8856c9faea30f6070537835f8ce39c300f0b11b,"'projects/yukpo-project/logs/run.googleapis.com%2Fstdout",,"'2026-02-17T23:06:30.787704021Z","'yukpo-backend",,"'europe-west1","'yukpo-project",,"'yukpo-backend-00209-hn8","'yukpo-backend",cloud_run_revision,,"'[2m2026-02-17T23:06:30.474817Z[0m [31mERROR[0m [2myukpomnang_backend::tasks::notification_queue_worker[0m[2m:[0m ❌ Erreur traitement batch notifications: Internal(""Redis connection failed: Connexion Redis échouée: failed to lookup address information: Name or service not known"")","'2026-02-17T23:06:30.473782Z"
6994f4750008ab1539e9ca35,,,,,00da6cd2c464c089e5e44eb66e1fbba3dc8ba46f714374877f940abaf883233cab71c111864b8572af033b2ba7d4f4441974fea6d07e9f8d521e263de8856c9faea30f6070537835f8ce39c300f0b11b,"'projects/yukpo-project/logs/run.googleapis.com%2Fstdout",,"'2026-02-17T23:06:29.789646330Z","'yukpo-backend",,"'europe-west1","'yukpo-project",,"'yukpo-backend-00209-hn8","'yukpo-backend",cloud_run_revision,,"'[2m2026-02-17T23:06:29.568986Z[0m [32m INFO[0m [2myukpomnang_backend::utils::db_retry[0m[2m:[0m [DB Retry] Tentative 2/3 échouée (erreur TLS récupérable): error communicating with database: No such file or directory (os error 2). Retry dans 5000ms","'2026-02-17T23:06:29.568085Z"
6994f475000412915cd87d55,,,,,00da6cd2c464c089e5e44eb66e1fbba3dc8ba46f714374877f940abaf883233cab71c111864b8572af033b2ba7d4f4441974fea6d07e9f8d521e263de8856c9faea30f6070537835f8ce39c300f0b11b,"'projects/yukpo-project/logs/run.googleapis.com%2Fstdout",,"'2026-02-17T23:06:29.456818990Z","'yukpo-backend",,"'europe-west1","'yukpo-project",,"'yukpo-backend-00209-hn8","'yukpo-backend",cloud_run_revision,,"'[2m2026-02-17T23:06:29.267766Z[0m [31mERROR[0m [2myukpomnang_backend::tasks::notification_queue_worker[0m[2m:[0m ❌ Erreur traitement batch notifications: Internal(""Redis connection failed: Connexion Redis échouée: failed to lookup address information: Name or service not known"")","'2026-02-17T23:06:29.266897Z"
6994f4750004028472731fe4,,,,,00da6cd2c464c089e5e44eb66e1fbba3dc8ba46f714374877f940abaf883233cab71c111864b8572af033b2ba7d4f4441974fea6d07e9f8d521e263de8856c9faea30f6070537835f8ce39c300f0b11b,"'projects/yukpo-project/logs/run.googleapis.com%2Fstdout",,"'2026-02-17T23:06:29.456818990Z","'yukpo-backend",,"'europe-west1","'yukpo-project",,"'yukpo-backend-00209-hn8","'yukpo-backend",cloud_run_revision,,"'[2m2026-02-17T23:06:29.263641Z[0m [32m INFO[0m [2myukpomnang_backend::utils::db_retry[0m[2m:[0m [DB Retry] Tentative 1/3 échouée (erreur TLS récupérable): error communicating with database: No such file or directory (os error 2). Retry dans 3000ms","'2026-02-17T23:06:29.262788Z"
6994f473000a280ff79252d0,,,,,00da6cd2c464c089e5e44eb66e1fbba3dc8ba46f714374877f940abaf883233cab71c111864b8572af033b2ba7d4f4441974fea6d07e9f8d521e263de8856c9faea30f6070537835f8ce39c300f0b11b,"'projects/yukpo-project/logs/run.googleapis.com%2Fstdout",,"'2026-02-17T23:06:27.789878763Z","'yukpo-backend",,"'europe-west1","'yukpo-project",,"'yukpo-backend-00209-hn8","'yukpo-backend",cloud_run_revision,,"'[2m2026-02-17T23:06:27.666809Z[0m [31mERROR[0m [2myukpomnang_backend::tasks::notification_queue_worker[0m[2m:[0m ❌ Erreur traitement batch notifications: Internal(""Redis connection failed: Connexion Redis échouée: failed to lookup address information: Name or service not known"")","'2026-02-17T23:06:27.665615Z"
6994f47300089db0a3105229,,,,,00da6cd2c464c089e5e44eb66e1fbba3dc8ba46f714374877f940abaf883233cab71c111864b8572af033b2ba7d4f4441974fea6d07e9f8d521e263de8856c9faea30f6070537835f8ce39c300f0b11b,"'projects/yukpo-project/logs/run.googleapis.com%2Fstdout",,"'2026-02-17T23:06:27.789878763Z","'yukpo-backend",,"'europe-west1","'yukpo-project",,"'yukpo-backend-00209-hn8","'yukpo-backend",cloud_run_revision,,"'[2m2026-02-17T23:06:27.565857Z[0m [32m INFO[0m [2myukpomnang_backend::utils::db_retry[0m[2m:[0m [DB Retry] Tentative 1/3 échouée (erreur TLS récupérable): error communicating with database: No such file or directory (os error 2). Retry dans 3000ms","'2026-02-17T23:06:27.564656Z"
6994f47300089d8c00c13b4a,,,,,00da6cd2c464c089e5e44eb66e1fbba3dc8ba46f714374877f940abaf883233cab71c111864b8572af033b2ba7d4f4441974fea6d07e9f8d521e263de8856c9faea30f6070537835f8ce39c300f0b11b,"'projects/yukpo-project/logs/run.googleapis.com%2Fstdout",,"'2026-02-17T23:06:27.789878763Z","'yukpo-backend",,"'europe-west1","'yukpo-project",,"'yukpo-backend-00209-hn8","'yukpo-backend",cloud_run_revision,,"'[2m2026-02-17T23:06:27.565818Z[0m [32m INFO[0m [2myukpomnang_backend::utils::db_retry[0m[2m:[0m [DB Retry] Tentative 1/3 échouée (erreur TLS récupérable): error communicating with database: No such file or directory (os error 2). Retry dans 3000ms","'2026-02-17T23:06:27.564620Z"
6994f47300089d85c5c6fd16,,,,,00da6cd2c464c089e5e44eb66e1fbba3dc8ba46f714374877f940abaf883233cab71c111864b8572af033b2ba7d4f4441974fea6d07e9f8d521e263de8856c9faea30f6070537835f8ce39c300f0b11b,"'projects/yukpo-project/logs/run.googleapis.com%2Fstdout",,"'2026-02-17T23:06:27.789878763Z","'yukpo-backend",,"'europe-west1","'yukpo-project",,"'yukpo-backend-00209-hn8","'yukpo-backend",cloud_run_revision,,"'[2m2026-02-17T23:06:27.565789Z[0m [32m INFO[0m [2myukpomnang_backend::utils::db_retry[0m[2m:[0m [DB Retry] Tentative 1/3 échouée (erreur TLS récupérable): error communicating with database: No such file or directory (os error 2). Retry dans 3000ms","'2026-02-17T23:06:27.564613Z"
6994f47300041ac40322571f,,,,,00da6cd2c464c089e5e44eb66e1fbba3dc8ba46f714374877f940abaf883233cab71c111864b8572af033b2ba7d4f4441974fea6d07e9f8d521e263de8856c9faea30f6070537835f8ce39c300f0b11b,"'projects/yukpo-project/logs/run.googleapis.com%2Fstdout",,"'2026-02-17T23:06:27.457850649Z","'yukpo-backend",,"'europe-west1","'yukpo-project",,"'yukpo-backend-00209-hn8","'yukpo-backend",cloud_run_revision,,"'[2m2026-02-17T23:06:27.270048Z[0m [31mERROR[0m [2myukpomnang_backend::utils::db_retry[0m[2m:[0m [DB Retry] ❌ Toutes les 3 tentatives ont échoué. Dernière erreur: error communicating with database: No such file or directory (os error 2)","'2026-02-17T23:06:27.268996Z"
6994f47300041aba3152478e,,,,,00da6cd2c464c089e5e44eb66e1fbba3dc8ba46f714374877f940abaf883233cab71c111864b8572af033b2ba7d4f4441974fea6d07e9f8d521e263de8856c9faea30f6070537835f8ce39c300f0b11b,"'projects/yukpo-project/logs/run.googleapis.com%2Fstdout",,"'2026-02-17T23:06:27.457850649Z","'yukpo-backend",,"'europe-west1","'yukpo-project",,"'yukpo-backend-00209-hn8","'yukpo-backend",cloud_run_revision,,"'[2m2026-02-17T23:06:27.270023Z[0m [31mERROR[0m [2myukpomnang_backend::utils::db_retry[0m[2m:[0m [DB Retry] ❌ Toutes les 3 tentatives ont échoué. Dernière erreur: error communicating with database: No such file or directory (os error 2)","'2026-02-17T23:06:27.268986Z"
6994f47300041a905803814b,,,,,00da6cd2c464c089e5e44eb66e1fbba3dc8ba46f714374877f940abaf883233cab71c111864b8572af033b2ba7d4f4441974fea6d07e9f8d521e263de8856c9faea30f6070537835f8ce39c300f0b11b,"'projects/yukpo-project/logs/run.googleapis.com%2Fstdout",,"'2026-02-17T23:06:27.457850649Z","'yukpo-backend",,"'europe-west1","'yukpo-project",,"'yukpo-backend-00209-hn8","'yukpo-backend",cloud_run_revision,,"'[2m2026-02-17T23:06:27.270023Z[0m [31mERROR[0m [2myukpomnang_backend::utils::db_retry[0m[2m:[0m [DB Retry] ❌ Toutes les 3 tentatives ont échoué. Dernière erreur: error communicating with database: No such file or directory (os error 2)","'2026-02-17T23:06:27.268944Z"
6994f4720008acb83e27d00a,,,,,00da6cd2c464c089e5e44eb66e1fbba3dc8ba46f714374877f940abaf883233cab71c111864b8572af033b2ba7d4f4441974fea6d07e9f8d521e263de8856c9faea30f6070537835f8ce39c300f0b11b,"'projects/yukpo-project/logs/run.googleapis.com%2Fstdout",,"'2026-02-17T23:06:26.790424700Z","'yukpo-backend",,"'europe-west1","'yukpo-project",,"'yukpo-backend-00209-hn8","'yukpo-backend",cloud_run_revision,,"'[2m2026-02-17T23:06:26.569741Z[0m [32m INFO[0m [2myukpomnang_backend::services::gpu_service[0m[2m:[0m [GpuService] Scaling check - Utilisation: 0.0%, Instances: 0","'2026-02-17T23:06:26.568504Z"
6994f4720008acb341cab454,,,,,00da6cd2c464c089e5e44eb66e1fbba3dc8ba46f714374877f940abaf883233cab71c111864b8572af033b2ba7d4f4441974fea6d07e9f8d521e263de8856c9faea30f6070537835f8ce39c300f0b11b,"'projects/yukpo-project/logs/run.googleapis.com%2Fstdout",,"'2026-02-17T23:06:26.790424700Z","'yukpo-backend",,"'europe-west1","'yukpo-project",,"'yukpo-backend-00209-hn8","'yukpo-backend",cloud_run_revision,,"'[2m2026-02-17T23:06:26.569721Z[0m [33m WARN[0m [2myukpomnang_backend::services::gpu_service[0m[2m:[0m [GpuService] Impossible de récupérer métriques GPU, utilisation par défaut","'2026-02-17T23:06:26.568499Z"
6994f4720008a449bc13008f,,,,,00da6cd2c464c089e5e44eb66e1fbba3dc8ba46f714374877f940abaf883233cab71c111864b8572af033b2ba7d4f4441974fea6d07e9f8d521e263de8856c9faea30f6070537835f8ce39c300f0b11b,"'projects/yukpo-project/logs/run.googleapis.com%2Fstdout",,"'2026-02-17T23:06:26.790424700Z","'yukpo-backend",,"'europe-west1","'yukpo-project",,"'yukpo-backend-00209-hn8","'yukpo-backend",cloud_run_revision,,"'[2m2026-02-17T23:06:26.567509Z[0m [32m INFO[0m [2myukpomnang_backend::utils::db_retry[0m[2m:[0m [DB Retry] Tentative 1/3 échouée (erreur TLS récupérable): error communicating with database: No such file or directory (os error 2). Retry dans 3000ms","'2026-02-17T23:06:26.566345Z"
6994f4720002ae8764efcb83,,,,,00da6cd2c464c089e5e44eb66e1fbba3dc8ba46f714374877f940abaf883233cab71c111864b8572af033b2ba7d4f4441974fea6d07e9f8d521e263de8856c9faea30f6070537835f8ce39c300f0b11b,"'projects/yukpo-project/logs/run.googleapis.com%2Fstdout",,"'2026-02-17T23:06:26.459417184Z","'yukpo-backend",,"'europe-west1","'yukpo-project",,"'yukpo-backend-00209-hn8","'yukpo-backend",cloud_run_revision,,"'[2m2026-02-17T23:06:26.177007Z[0m [31mERROR[0m [2myukpomnang_backend::tasks::notification_queue_worker[0m[2m:[0m ❌ Erreur traitement batch notifications: Internal(""Redis connection failed: Connexion Redis échouée: failed to lookup address information: Name or service not known"")","'2026-02-17T23:06:26.175751Z"
6994f470000ec8051e1ee29a,,,,,00da6cd2c464c089e5e44eb66e1fbba3dc8ba46f714374877f940abaf883233cab71c111864b8572af033b2ba7d4f4441974fea6d07e9f8d521e263de8856c9faea30f6070537835f8ce39c300f0b11b,"'projects/yukpo-project/logs/run.googleapis.com%2Fstdout",,"'2026-02-17T23:06:25.126437446Z","'yukpo-backend",,"'europe-west1","'yukpo-project",,"'yukpo-backend-00209-hn8","'yukpo-backend",cloud_run_revision,,"'[2m2026-02-17T23:06:24.969850Z[0m [31mERROR[0m [2myukpomnang_backend::tasks::notification_queue_worker[0m[2m:[0m ❌ Erreur traitement batch notifications: Internal(""Redis connection failed: Connexion Redis échouée: failed to lookup address information: Name or service not known"")","'2026-02-17T23:06:24.968709Z"
6994f46f000baef017192734,,,,,00da6cd2c464c089e5e44eb66e1fbba3dc8ba46f714374877f940abaf883233cab71c111864b8572af033b2ba7d4f4441974fea6d07e9f8d521e263de8856c9faea30f6070537835f8ce39c300f0b11b,"'projects/yukpo-project/logs/run.googleapis.com%2Fstdout",,"'2026-02-17T23:06:23.791696979Z","'yukpo-backend",,"'europe-west1","'yukpo-project",,"'yukpo-backend-00209-hn8","'yukpo-backend",cloud_run_revision,,"'[2m2026-02-17T23:06:23.766809Z[0m [31mERROR[0m [2myukpomnang_backend::services::product_creation_queue[0m[2m:[0m [ProductCreationQueue] ❌ Erreur récupération jobs: ?? Internal error: Erreur récupération jobs: error communicating with database: No such file or directory (os error 2)","'2026-02-17T23:06:23.765680Z"
6994f46f000a305967097c24,,,,,00da6cd2c464c089e5e44eb66e1fbba3dc8ba46f714374877f940abaf883233cab71c111864b8572af033b2ba7d4f4441974fea6d07e9f8d521e263de8856c9faea30f6070537835f8ce39c300f0b11b,"'projects/yukpo-project/logs/run.googleapis.com%2Fstdout",,"'2026-02-17T23:06:23.791696979Z","'yukpo-backend",,"'europe-west1","'yukpo-project",,"'yukpo-backend-00209-hn8","'yukpo-backend",cloud_run_revision,,"'[2m2026-02-17T23:06:23.668816Z[0m [31mERROR[0m [2myukpomnang_backend::tasks::notification_queue_worker[0m[2m:[0m ❌ Erreur traitement batch notifications: Internal(""Redis connection failed: Connexion Redis échouée: failed to lookup address information: Name or service not known"")","'2026-02-17T23:06:23.667737Z"
6994f46e000412b97d769875,,,,,00da6cd2c464c089e5e44eb66e1fbba3dc8ba46f714374877f940abaf883233cab71c111864b8572af033b2ba7d4f4441974fea6d07e9f8d521e263de8856c9faea30f6070537835f8ce39c300f0b11b,"'projects/yukpo-project/logs/run.googleapis.com%2Fstdout",,"'2026-02-17T23:06:22.463241900Z","'yukpo-backend",,"'europe-west1","'yukpo-project",,"'yukpo-backend-00209-hn8","'yukpo-backend",cloud_run_revision,,"'[2m2026-02-17T23:06:22.268274Z[0m [32m INFO[0m [2myukpomnang_backend::utils::db_retry[0m[2m:[0m [DB Retry] Tentative 2/3 échouée (erreur TLS récupérable): error communicating with database: No such file or directory (os error 2). Retry dans 5000ms","'2026-02-17T23:06:22.266937Z"
6994f46e00041276e7c24301,,,,,00da6cd2c464c089e5e44eb66e1fbba3dc8ba46f714374877f940abaf883233cab71c111864b8572af033b2ba7d4f4441974fea6d07e9f8d521e263de8856c9faea30f6070537835f8ce39c300f0b11b,"'projects/yukpo-project/logs/run.googleapis.com%2Fstdout",,"'2026-02-17T23:06:22.463241900Z","'yukpo-backend",,"'europe-west1","'yukpo-project",,"'yukpo-backend-00209-hn8","'yukpo-backend",cloud_run_revision,,"'[2m2026-02-17T23:06:22.268258Z[0m [32m INFO[0m [2myukpomnang_backend::utils::db_retry[0m[2m:[0m [DB Retry] Tentative 2/3 échouée (erreur TLS récupérable): error communicating with database: No such file or directory (os error 2). Retry dans 5000ms","'2026-02-17T23:06:22.266870Z"
6994f46e0004126cd55e5aa9,,,,,00da6cd2c464c089e5e44eb66e1fbba3dc8ba46f714374877f940abaf883233cab71c111864b8572af033b2ba7d4f4441974fea6d07e9f8d521e263de8856c9faea30f6070537835f8ce39c300f0b11b,"'projects/yukpo-project/logs/run.googleapis.com%2Fstdout",,"'2026-02-17T23:06:22.463241900Z","'yukpo-backend",,"'europe-west1","'yukpo-project",,"'yukpo-backend-00209-hn8","'yukpo-backend",cloud_run_revision,,"'[2m2026-02-17T23:06:22.268200Z[0m [32m INFO[0m [2myukpomnang_backend::utils::db_retry[0m[2m:[0m [DB Retry] Tentative 2/3 échouée (erreur TLS récupérable): error communicating with database: No such file or directory (os error 2). Retry dans 5000ms","'2026-02-17T23:06:22.266860Z"
6994f46e0002935c2f6dfb6d,,,,,00da6cd2c464c089e5e44eb66e1fbba3dc8ba46f714374877f940abaf883233cab71c111864b8572af033b2ba7d4f4441974fea6d07e9f8d521e263de8856c9faea30f6070537835f8ce39c300f0b11b,"'projects/yukpo-project/logs/run.googleapis.com%2Fstdout",,"'2026-02-17T23:06:22.463241900Z","'yukpo-backend",,"'europe-west1","'yukpo-project",,"'yukpo-backend-00209-hn8","'yukpo-backend",cloud_run_revision,,"'[2m2026-02-17T23:06:22.170174Z[0m [31mERROR[0m [2myukpomnang_backend::tasks::notification_queue_worker[0m[2m:[0m ❌ Erreur traitement batch notifications: Internal(""Redis connection failed: Connexion Redis échouée: failed to lookup address information: Name or service not known"")","'2026-02-17T23:06:22.168796Z"
6994f46c000d490c051fe468,,,,,00da6cd2c464c089e5e44eb66e1fbba3dc8ba46f714374877f940abaf883233cab71c111864b8572af033b2ba7d4f4441974fea6d07e9f8d521e263de8856c9faea30f6070537835f8ce39c300f0b11b,"'projects/yukpo-project/logs/run.googleapis.com%2Fstdout",,"'2026-02-17T23:06:21.131079534Z","'yukpo-backend",,"'europe-west1","'yukpo-project",,"'yukpo-backend-00209-hn8","'yukpo-backend",cloud_run_revision,,"'[2m2026-02-17T23:06:20.872274Z[0m [31mERROR[0m [2myukpomnang_backend::tasks::notification_queue_worker[0m[2m:[0m ❌ Erreur traitement batch notifications: Internal(""Redis connection failed: Connexion Redis échouée: failed to lookup address information: Name or service not known"")","'2026-02-17T23:06:20.870668Z"
6994f46b000718ebc7f35364,,,,,00da6cd2c464c089e5e44eb66e1fbba3dc8ba46f714374877f940abaf883233cab71c111864b8572af033b2ba7d4f4441974fea6d07e9f8d521e263de8856c9faea30f6070537835f8ce39c300f0b11b,"'projects/yukpo-project/logs/run.googleapis.com%2Fstdout",,"'2026-02-17T23:06:19.797265505Z","'yukpo-backend",,"'europe-west1","'yukpo-project",,"'yukpo-backend-00209-hn8","'yukpo-backend",cloud_run_revision,,"'[2m2026-02-17T23:06:19.466391Z[0m [31mERROR[0m [2myukpomnang_backend::tasks::notification_queue_worker[0m[2m:[0m ❌ Erreur traitement batch notifications: Internal(""Redis connection failed: Connexion Redis échouée: failed to lookup address information: Name or service not known"")","'2026-02-17T23:06:19.465131Z"
6994f46b00040e7c7e547ae2,,,,,00da6cd2c464c089e5e44eb66e1fbba3dc8ba46f714374877f940abaf883233cab71c111864b8572af033b2ba7d4f4441974fea6d07e9f8d521e263de8856c9faea30f6070537835f8ce39c300f0b11b,"'projects/yukpo-project/logs/run.googleapis.com%2Fstdout",,"'2026-02-17T23:06:19.465180755Z","'yukpo-backend",,"'europe-west1","'yukpo-project",,"'yukpo-backend-00209-hn8","'yukpo-backend",cloud_run_revision,,"'[2m2026-02-17T23:06:19.267088Z[0m [32m INFO[0m [2myukpomnang_backend::utils::db_retry[0m[2m:[0m [DB Retry] Tentative 1/3 échouée (erreur TLS récupérable): error communicating with database: No such file or directory (os error 2). Retry dans 3000ms","'2026-02-17T23:06:19.265852Z"
6994f46b00040e215d918e9d,,,,,00da6cd2c464c089e5e44eb66e1fbba3dc8ba46f714374877f940abaf883233cab71c111864b8572af033b2ba7d4f4441974fea6d07e9f8d521e263de8856c9faea30f6070537835f8ce39c300f0b11b,"'projects/yukpo-project/logs/run.googleapis.com%2Fstdout",,"'2026-02-17T23:06:19.465180755Z","'yukpo-backend",,"'europe-west1","'yukpo-project",,"'yukpo-backend-00209-hn8","'yukpo-backend",cloud_run_revision,,"'[2m2026-02-17T23:06:19.267005Z[0m [32m INFO[0m [2myukpomnang_backend::utils::db_retry[0m[2m:[0m [DB Retry] Tentative 1/3 échouée (erreur TLS récupérable): error communicating with database: No such file or directory (os error 2). Retry dans 3000ms","'2026-02-17T23:06:19.265761Z"
6994f46b00040e146e9b1a9f,,,,,00da6cd2c464c089e5e44eb66e1fbba3dc8ba46f714374877f940abaf883233cab71c111864b8572af033b2ba7d4f4441974fea6d07e9f8d521e263de8856c9faea30f6070537835f8ce39c300f0b11b,"'projects/yukpo-project/logs/run.googleapis.com%2Fstdout",,"'2026-02-17T23:06:19.465180755Z","'yukpo-backend",,"'europe-west1","'yukpo-project",,"'yukpo-backend-00209-hn8","'yukpo-backend",cloud_run_revision,,"'[2m2026-02-17T23:06:19.266946Z[0m [32m INFO[0m [2myukpomnang_backend::utils::db_retry[0m[2m:[0m [DB Retry] Tentative 1/3 échouée (erreur TLS récupérable): error communicating with database: No such file or directory (os error 2). Retry dans 3000ms","'2026-02-17T23:06:19.265748Z"
6994f46a000105b2ecfb733a,,,,,00da6cd2c464c089e5e44eb66e1fbba3dc8ba46f714374877f940abaf883233cab71c111864b8572af033b2ba7d4f4441974fea6d07e9f8d521e263de8856c9faea30f6070537835f8ce39c300f0b11b,"'projects/yukpo-project/logs/run.googleapis.com%2Fstdout",,"'2026-02-17T23:06:18.134121365Z","'yukpo-backend",,"'europe-west1","'yukpo-project",,"'yukpo-backend-00209-hn8","'yukpo-backend",cloud_run_revision,,"'[2m2026-02-17T23:06:18.067990Z[0m [31mERROR[0m [2myukpomnang_backend::tasks::notification_queue_worker[0m[2m:[0m ❌ Erreur traitement batch notifications: Internal(""Redis connection failed: Connexion Redis échouée: failed to lookup address information: Name or service not known"")","'2026-02-17T23:06:18.066994Z"
6994f46800090515796c5311,,,,,00da6cd2c464c089e5e44eb66e1fbba3dc8ba46f714374877f940abaf883233cab71c111864b8572af033b2ba7d4f4441974fea6d07e9f8d521e263de8856c9faea30f6070537835f8ce39c300f0b11b,"'projects/yukpo-project/logs/run.googleapis.com%2Fstdout",,"'2026-02-17T23:06:16.801076567Z","'yukpo-backend",,"'europe-west1","'yukpo-project",,"'yukpo-backend-00209-hn8","'yukpo-backend",cloud_run_revision,,"'[2m2026-02-17T23:06:16.592461Z[0m [31mERROR[0m [2myukpomnang_backend::tasks::notification_queue_worker[0m[2m:[0m ❌ Erreur traitement batch notifications: Internal(""Redis connection failed: Connexion Redis échouée: failed to lookup address information: Name or service not known"")","'2026-02-17T23:06:16.591125Z"
6994f4670005d59527d4a8ae,,,,,00da6cd2c464c089e5e44eb66e1fbba3dc8ba46f714374877f940abaf883233cab71c111864b8572af033b2ba7d4f4441974fea6d07e9f8d521e263de8856c9faea30f6070537835f8ce39c300f0b11b,"'projects/yukpo-project/logs/run.googleapis.com%2Fstdout",,"'2026-02-17T23:06:15.468377201Z","'yukpo-backend",,"'europe-west1","'yukpo-project",,"'yukpo-backend-00209-hn8","'yukpo-backend",cloud_run_revision,,"'[2m2026-02-17T23:06:15.383583Z[0m [31mERROR[0m [2myukpomnang_backend::tasks::notification_queue_worker[0m[2m:[0m ❌ Erreur traitement batch notifications: Internal(""Redis connection failed: Connexion Redis échouée: failed to lookup address information: Name or service not known"")","'2026-02-17T23:06:15.382357Z"
6994f4660002ab72a5b849a5,,,,,00da6cd2c464c089e5e44eb66e1fbba3dc8ba46f714374877f940abaf883233cab71c111864b8572af033b2ba7d4f4441974fea6d07e9f8d521e263de8856c9faea30f6070537835f8ce39c300f0b11b,"'projects/yukpo-project/logs/run.googleapis.com%2Fstdout",,"'2026-02-17T23:06:14.469377929Z","'yukpo-backend",,"'europe-west1","'yukpo-project",,"'yukpo-backend-00209-hn8","'yukpo-backend",cloud_run_revision,,"'[2m2026-02-17T23:06:14.176068Z[0m [31mERROR[0m [2myukpomnang_backend::tasks::notification_queue_worker[0m[2m:[0m ❌ Erreur traitement batch notifications: Internal(""Redis connection failed: Connexion Redis échouée: failed to lookup address information: Name or service not known"")","'2026-02-17T23:06:14.174962Z"
6994f465000baaa5d3d1b3f1,,,,,00da6cd2c464c089e5e44eb66e1fbba3dc8ba46f714374877f940abaf883233cab71c111864b8572af033b2ba7d4f4441974fea6d07e9f8d521e263de8856c9faea30f6070537835f8ce39c300f0b11b,"'projects/yukpo-project/logs/run.googleapis.com%2Fstdout",,"'2026-02-17T23:06:13.803348087Z","'yukpo-backend",,"'europe-west1","'yukpo-project",,"'yukpo-backend-00209-hn8","'yukpo-backend",cloud_run_revision,,"'[2m2026-02-17T23:06:13.765784Z[0m [31mERROR[0m [2myukpomnang_backend::services::product_creation_queue[0m[2m:[0m [ProductCreationQueue] ❌ Erreur récupération jobs: ?? Internal error: Erreur récupération jobs: error communicating with database: No such file or directory (os error 2)","'2026-02-17T23:06:13.764581Z"
6994f464000a2c2049c042a8,,,,,00da6cd2c464c089e5e44eb66e1fbba3dc8ba46f714374877f940abaf883233cab71c111864b8572af033b2ba7d4f4441974fea6d07e9f8d521e263de8856c9faea30f6070537835f8ce39c300f0b11b,"'projects/yukpo-project/logs/run.googleapis.com%2Fstdout",,"'2026-02-17T23:06:12.804400162Z","'yukpo-backend",,"'europe-west1","'yukpo-project",,"'yukpo-backend-00209-hn8","'yukpo-backend",cloud_run_revision,,"'[2m2026-02-17T23:06:12.667693Z[0m [31mERROR[0m [2myukpomnang_backend::tasks::notification_queue_worker[0m[2m:[0m ❌ Erreur traitement batch notifications: Internal(""Redis connection failed: Connexion Redis échouée: failed to lookup address information: Name or service not known"")","'2026-02-17T23:06:12.666656Z"
6994f463000105f44b68d32d,,,,,00da6cd2c464c089e5e44eb66e1fbba3dc8ba46f714374877f940abaf883233cab71c111864b8572af033b2ba7d4f4441974fea6d07e9f8d521e263de8856c9faea30f6070537835f8ce39c300f0b11b,"'projects/yukpo-project/logs/run.googleapis.com%2Fstdout",,"'2026-02-17T23:06:11.138990075Z","'yukpo-backend",,"'europe-west1","'yukpo-project",,"'yukpo-backend-00209-hn8","'yukpo-backend",cloud_run_revision,,"'[2m2026-02-17T23:06:11.068310Z[0m [31mERROR[0m [2myukpomnang_backend::tasks::notification_queue_worker[0m[2m:[0m ❌ Erreur traitement batch notifications: Internal(""Redis connection failed: Connexion Redis échouée: failed to lookup address information: Name or service not known"")","'2026-02-17T23:06:11.067060Z"
6994f461000a4e7c23555fd4,,,,,00da6cd2c464c089e5e44eb66e1fbba3dc8ba46f714374877f940abaf883233cab71c111864b8572af033b2ba7d4f4441974fea6d07e9f8d521e263de8856c9faea30f6070537835f8ce39c300f0b11b,"'projects/yukpo-project/logs/run.googleapis.com%2Fstdout",,"'2026-02-17T23:06:09.808521288Z","'yukpo-backend",,"'europe-west1","'yukpo-project",,"'yukpo-backend-00209-hn8","'yukpo-backend",cloud_run_revision,,"'[2m2026-02-17T23:06:09.676264Z[0m [31mERROR[0m [2myukpomnang_backend::tasks::notification_queue_worker[0m[2m:[0m ❌ Erreur traitement batch notifications: Internal(""Redis connection failed: Connexion Redis échouée: failed to lookup address information: Name or service not known"")","'2026-02-17T23:06:09.675452Z"
6994f460000bb4c128d1e18c,,,,,00da6cd2c464c089e5e44eb66e1fbba3dc8ba46f714374877f940abaf883233cab71c111864b8572af033b2ba7d4f4441974fea6d07e9f8d521e263de8856c9faea30f6070537835f8ce39c300f0b11b,"'projects/yukpo-project/logs/run.googleapis.com%2Fstdout",,"'2026-02-17T23:06:08.809536245Z","'yukpo-backend",,"'europe-west1","'yukpo-project",,"'yukpo-backend-00209-hn8","'yukpo-backend",cloud_run_revision,,"'[2m2026-02-17T23:06:08.767873Z[0m [31mERROR[0m [2myukpomnang_backend::services::live_flash_sale_service[0m[2m:[0m process_timers live flash sales failed: Database(""error communicating with database: No such file or directory (os error 2)"")","'2026-02-17T23:06:08.767169Z"
6994f460000bb4b2d6305d47,,,,,00da6cd2c464c089e5e44eb66e1fbba3dc8ba46f714374877f940abaf883233cab71c111864b8572af033b2ba7d4f4441974fea6d07e9f8d521e263de8856c9faea30f6070537835f8ce39c300f0b11b,"'projects/yukpo-project/logs/run.googleapis.com%2Fstdout",,"'2026-02-17T23:06:08.809536245Z","'yukpo-backend",,"'europe-west1","'yukpo-project",,"'yukpo-backend-00209-hn8","'yukpo-backend",cloud_run_revision,,"'[2m2026-02-17T23:06:08.767726Z[0m [31mERROR[0m [2myukpomnang_backend::tasks::delivery_notification_repeat[0m[2m:[0m ❌ [DeliveryNotifications] Erreur lors de la répétition: Io(Os { code: 2, kind: NotFound, message: ""No such file or directory"" })","'2026-02-17T23:06:08.767154Z"
6994f4600005ac2aeca6c3cc,,,,,00da6cd2c464c089e5e44eb66e1fbba3dc8ba46f714374877f940abaf883233cab71c111864b8572af033b2ba7d4f4441974fea6d07e9f8d521e263de8856c9faea30f6070537835f8ce39c300f0b11b,"'projects/yukpo-project/logs/run.googleapis.com%2Fstdout",,"'2026-02-17T23:06:08.476963097Z","'yukpo-backend",,"'europe-west1","'yukpo-project",,"'yukpo-backend-00209-hn8","'yukpo-backend",cloud_run_revision,,"'[2m2026-02-17T23:06:08.372634Z[0m [31mERROR[0m [2myukpomnang_backend::tasks::notification_queue_worker[0m[2m:[0m ❌ Erreur traitement batch notifications: Internal(""Redis connection failed: Connexion Redis échouée: failed to lookup address information: Name or service not known"")","'2026-02-17T23:06:08.371754Z"
"'s=e3fcb03b85694b119ad1af4021701853;i=62a3d;b=6f99b7b3339f45a2998945324705e480;m=40c525f762;t=64b0d1dddbfc5;x=d4399e3fdc09df81-0@a1","'2-2b8ac77d-efeb-4ce6-b999-76f190471c46",54,376093909298,38333938656539376533323835643864e3b0c442,,"'projects/yukpo-project/logs/cloudsql.googleapis.com%2Fpostgres.log",,"'2026-02-17T23:07:17.249130400Z",,"'yukpo-project:yukpo-db",,"'yukpo-project",europe,,,cloudsql_database,INFO,"'2026-02-17 23:06:07.993 UTC [26]: [1850-1] db=,user= LOG:  checkpoint complete: wrote 3 buffers (0.0%); 0 WAL file(s) added, 0 removed, 0 recycled; write=0.203 s, sync=0.003 s, total=0.214 s; sync files=3, longest=0.002 s, average=0.001 s; distance=14 kB, estimate=14 kB","'2026-02-17T23:06:07.993797Z"
"'s=e3fcb03b85694b119ad1af4021701853;i=62a1b;b=6f99b7b3339f45a2998945324705e480;m=40c3a775eb;t=64b0d1c5f3e4e;x=a912def06db750a6-0@a3","'2-2b8ac77d-efeb-4ce6-b999-76f190471c46",54,376093909298,38333938656539376533323835643864e3b0c442,,"'projects/yukpo-project/logs/cloudsql.googleapis.com%2Fpostgres.log",,"'2026-02-17T23:06:16.577427421Z",,"'yukpo-project:yukpo-db",,"'yukpo-project",europe,,,cloudsql_database,INFO,"'2026-02-17 23:06:07.780 UTC [26]: [1849-1] db=,user= LOG:  checkpoint starting: time","'2026-02-17T23:06:07.780576Z"
6994f45e000ee2ec6b657b35,,,,,00da6cd2c464c089e5e44eb66e1fbba3dc8ba46f714374877f940abaf883233cab71c111864b8572af033b2ba7d4f4441974fea6d07e9f8d521e263de8856c9faea30f6070537835f8ce39c300f0b11b,"'projects/yukpo-project/logs/run.googleapis.com%2Fstdout",,"'2026-02-17T23:06:07.144692042Z","'yukpo-backend",,"'europe-west1","'yukpo-project",,"'yukpo-backend-00209-hn8","'yukpo-backend",cloud_run_revision,,"'[2m2026-02-17T23:06:06.976769Z[0m [31mERROR[0m [2myukpomnang_backend::tasks::notification_queue_worker[0m[2m:[0m ❌ Erreur traitement batch notifications: Internal(""Redis connection failed: Connexion Redis échouée: failed to lookup address information: Name or service not known"")","'2026-02-17T23:06:06.975596Z"
6994f45e000411cfcc877781,,,,,00da6cd2c464c089e5e44eb66e1fbba3dc8ba46f714374877f940abaf883233cab71c111864b8572af033b2ba7d4f4441974fea6d07e9f8d521e263de8856c9faea30f6070537835f8ce39c300f0b11b,"'projects/yukpo-project/logs/run.googleapis.com%2Fstdout",,"'2026-02-17T23:06:06.477416980Z","'yukpo-backend",,"'europe-west1","'yukpo-project",,"'yukpo-backend-00209-hn8","'yukpo-backend",cloud_run_revision,,"'[2m2026-02-17T23:06:06.267872Z[0m [33m WARN[0m [2myukpomnang_backend::utils::db_monitor[0m[2m:[0m [DB Monitor] ⚠️ Pool unhealthy - Error: error communicating with database: No such file or directory (os error 2), Size: 0, Active: 0, Idle: 0","'2026-02-17T23:06:06.266703Z"
6994f45d000717cfbb948354,,,,,00da6cd2c464c089e5e44eb66e1fbba3dc8ba46f714374877f940abaf883233cab71c111864b8572af033b2ba7d4f4441974fea6d07e9f8d521e263de8856c9faea30f6070537835f8ce39c300f0b11b,"'projects/yukpo-project/logs/run.googleapis.com%2Fstdout",,"'2026-02-17T23:06:05.478361743Z","'yukpo-backend",,"'europe-west1","'yukpo-project",,"'yukpo-backend-00209-hn8","'yukpo-backend",cloud_run_revision,,"'[2m2026-02-17T23:06:05.465989Z[0m [31mERROR[0m [2myukpomnang_backend::tasks::notification_queue_worker[0m[2m:[0m ❌ Erreur traitement batch notifications: Internal(""Redis connection failed: Connexion Redis échouée: failed to lookup address information: Name or service not known"")","'2026-02-17T23:06:05.464847Z"
6994f45c0002b98ca385665f,,,,,00da6cd2c464c089e5e44eb66e1fbba3dc8ba46f714374877f940abaf883233cab71c111864b8572af033b2ba7d4f4441974fea6d07e9f8d521e263de8856c9faea30f6070537835f8ce39c300f0b11b,"'projects/yukpo-project/logs/run.googleapis.com%2Fstdout",,"'2026-02-17T23:06:04.479259901Z","'yukpo-backend",,"'europe-west1","'yukpo-project",,"'yukpo-backend-00209-hn8","'yukpo-backend",cloud_run_revision,,"'[2m2026-02-17T23:06:04.179911Z[0m [31mERROR[0m [2myukpomnang_backend::tasks::notification_queue_worker[0m[2m:[0m ❌ Erreur traitement batch notifications: Internal(""Redis connection failed: Connexion Redis échouée: failed to lookup address information: Name or service not known"")","'2026-02-17T23:06:04.178572Z"
6994f45b000a3b425bcd05fe,,,,,00da6cd2c464c089e5e44eb66e1fbba3dc8ba46f714374877f940abaf883233cab71c111864b8572af033b2ba7d4f4441974fea6d07e9f8d521e263de8856c9faea30f6070537835f8ce39c300f0b11b,"'projects/yukpo-project/logs/run.googleapis.com%2Fstdout",,"'2026-02-17T23:06:03.813243986Z","'yukpo-backend",,"'europe-west1","'yukpo-project",,"'yukpo-backend-00209-hn8","'yukpo-backend",cloud_run_revision,,"'[2m2026-02-17T23:06:03.671656Z[0m [31mERROR[0m [2myukpomnang_backend::services::product_creation_queue[0m[2m:[0m [ProductCreationQueue] ❌ Erreur récupération jobs: ?? Internal error: Erreur récupération jobs: error communicating with database: No such file or directory (os error 2)","'2026-02-17T23:06:03.670530Z"
6994f45a000ec274ea588927,,,,,00da6cd2c464c089e5e44eb66e1fbba3dc8ba46f714374877f940abaf883233cab71c111864b8572af033b2ba7d4f4441974fea6d07e9f8d521e263de8856c9faea30f6070537835f8ce39c300f0b11b,"'projects/yukpo-project/logs/run.googleapis.com%2Fstdout",,"'2026-02-17T23:06:03.147633724Z","'yukpo-backend",,"'europe-west1","'yukpo-project",,"'yukpo-backend-00209-hn8","'yukpo-backend",cloud_run_revision,,"'[2m2026-02-17T23:06:02.968369Z[0m [31mERROR[0m [2myukpomnang_backend::tasks::notification_queue_worker[0m[2m:[0m ❌ Erreur traitement batch notifications: Internal(""Redis connection failed: Connexion Redis échouée: failed to lookup address information: Name or service not known"")","'2026-02-17T23:06:02.967284Z"
6994f459000717f375dbebe9,,,,,00da6cd2c464c089e5e44eb66e1fbba3dc8ba46f714374877f940abaf883233cab71c111864b8572af033b2ba7d4f4441974fea6d07e9f8d521e263de8856c9faea30f6070537835f8ce39c300f0b11b,"'projects/yukpo-project/logs/run.googleapis.com%2Fstdout",,"'2026-02-17T23:06:01.484082452Z","'yukpo-backend",,"'europe-west1","'yukpo-project",,"'yukpo-backend-00209-hn8","'yukpo-backend",cloud_run_revision,,"'[2m2026-02-17T23:06:01.466351Z[0m [31mERROR[0m [2myukpomnang_backend::tasks::notification_queue_worker[0m[2m:[0m ❌ Erreur traitement batch notifications: Internal(""Redis connection failed: Connexion Redis échouée: failed to lookup address information: Name or service not known"")","'2026-02-17T23:06:01.464883Z"
6994f4580002fa86f4da0576,,,,,00da6cd2c464c089e5e44eb66e1fbba3dc8ba46f714374877f940abaf883233cab71c111864b8572af033b2ba7d4f4441974fea6d07e9f8d521e263de8856c9faea30f6070537835f8ce39c300f0b11b,"'projects/yukpo-project/logs/run.googleapis.com%2Fstdout",,"'2026-02-17T23:06:00.486158653Z","'yukpo-backend",,"'europe-west1","'yukpo-project",,"'yukpo-backend-00209-hn8","'yukpo-backend",cloud_run_revision,,"'[2m2026-02-17T23:06:00.196003Z[0m [31mERROR[0m [2myukpomnang_backend::tasks::notification_queue_worker[0m[2m:[0m ❌ Erreur traitement batch notifications: Internal(""Redis connection failed: Connexion Redis échouée: failed to lookup address information: Name or service not known"")","'2026-02-17T23:06:00.195206Z"
6994f456000ef6017ead98c7,,,,,00da6cd2c464c089e5e44eb66e1fbba3dc8ba46f714374877f940abaf883233cab71c111864b8572af033b2ba7d4f4441974fea6d07e9f8d521e263de8856c9faea30f6070537835f8ce39c300f0b11b,"'projects/yukpo-project/logs/run.googleapis.com%2Fstdout",,"'2026-02-17T23:05:59.151090683Z","'yukpo-backend",,"'europe-west1","'yukpo-project",,"'yukpo-backend-00209-hn8","'yukpo-backend",cloud_run_revision,,"'[2m2026-02-17T23:05:58.981376Z[0m [31mERROR[0m [2myukpomnang_backend::tasks::notification_queue_worker[0m[2m:[0m ❌ Erreur traitement batch notifications: Internal(""Redis connection failed: Connexion Redis échouée: failed to lookup address information: Name or service not known"")","'2026-02-17T23:05:58.980481Z"
6994f455000bd1e5ec678e89,,,,,00da6cd2c464c089e5e44eb66e1fbba3dc8ba46f714374877f940abaf883233cab71c111864b8572af033b2ba7d4f4441974fea6d07e9f8d521e263de8856c9faea30f6070537835f8ce39c300f0b11b,"'projects/yukpo-project/logs/run.googleapis.com%2Fstdout",,"'2026-02-17T23:05:57.818554379Z","'yukpo-backend",,"'europe-west1","'yukpo-project",,"'yukpo-backend-00209-hn8","'yukpo-backend",cloud_run_revision,,"'[2m2026-02-17T23:05:57.775734Z[0m [31mERROR[0m [2myukpomnang_backend::tasks::notification_queue_worker[0m[2m:[0m ❌ Erreur traitement batch notifications: Internal(""Redis connection failed: Connexion Redis échouée: failed to lookup address information: Name or service not known"")","'2026-02-17T23:05:57.774629Z"
6994f45400089f724a154bf6,,,,,00da6cd2c464c089e5e44eb66e1fbba3dc8ba46f714374877f940abaf883233cab71c111864b8572af033b2ba7d4f4441974fea6d07e9f8d521e263de8856c9faea30f6070537835f8ce39c300f0b11b,"'projects/yukpo-project/logs/run.googleapis.com%2Fstdout",,"'2026-02-17T23:05:56.820464837Z","'yukpo-backend",,"'europe-west1","'yukpo-project",,"'yukpo-backend-00209-hn8","'yukpo-backend",cloud_run_revision,,"'[2m2026-02-17T23:05:56.566189Z[0m [31mERROR[0m [2myukpomnang_backend::tasks::notification_queue_worker[0m[2m:[0m ❌ Erreur traitement batch notifications: Internal(""Redis connection failed: Connexion Redis échouée: failed to lookup address information: Name or service not known"")","'2026-02-17T23:05:56.565106Z"
6994f45300042f8e6ed6bed2,,,,,00da6cd2c464c089e5e44eb66e1fbba3dc8ba46f714374877f940abaf883233cab71c111864b8572af033b2ba7d4f4441974fea6d07e9f8d521e263de8856c9faea30f6070537835f8ce39c300f0b11b,"'projects/yukpo-project/logs/run.googleapis.com%2Fstdout",,"'2026-02-17T23:05:55.487919025Z","'yukpo-backend",,"'europe-west1","'yukpo-project",,"'yukpo-backend-00209-hn8","'yukpo-backend",cloud_run_revision,,"'[2m2026-02-17T23:05:55.275932Z[0m [31mERROR[0m [2myukpomnang_backend::tasks::notification_queue_worker[0m[2m:[0m ❌ Erreur traitement batch notifications: Internal(""Redis connection failed: Connexion Redis échouée: failed to lookup address information: Name or service not known"")","'2026-02-17T23:05:55.274318Z"
6994f452000106f5f4362731,,,,,00da6cd2c464c089e5e44eb66e1fbba3dc8ba46f714374877f940abaf883233cab71c111864b8572af033b2ba7d4f4441974fea6d07e9f8d521e263de8856c9faea30f6070537835f8ce39c300f0b11b,"'projects/yukpo-project/logs/run.googleapis.com%2Fstdout",,"'2026-02-17T23:05:54.155807261Z","'yukpo-backend",,"'europe-west1","'yukpo-project",,"'yukpo-backend-00209-hn8","'yukpo-backend",cloud_run_revision,,"'[2m2026-02-17T23:05:54.068575Z[0m [31mERROR[0m [2myukpomnang_backend::tasks::notification_queue_worker[0m[2m:[0m ❌ Erreur traitement batch notifications: Internal(""Redis connection failed: Connexion Redis échouée: failed to lookup address information: Name or service not known"")","'2026-02-17T23:05:54.067317Z"
6994f451000a34f8b58def7f,,,,,00da6cd2c464c089e5e44eb66e1fbba3dc8ba46f714374877f940abaf883233cab71c111864b8572af033b2ba7d4f4441974fea6d07e9f8d521e263de8856c9faea30f6070537835f8ce39c300f0b11b,"'projects/yukpo-project/logs/run.googleapis.com%2Fstdout",,"'2026-02-17T23:05:53.822929815Z","'yukpo-backend",,"'europe-west1","'yukpo-project",,"'yukpo-backend-00209-hn8","'yukpo-backend",cloud_run_revision,,"'[2m2026-02-17T23:05:53.670333Z[0m [31mERROR[0m [2myukpomnang_backend::services::product_creation_queue[0m[2m:[0m [ProductCreationQueue] ❌ Erreur récupération jobs: ?? Internal error: Erreur récupération jobs: error communicating with database: No such file or directory (os error 2)","'2026-02-17T23:05:53.668920Z"
6994f450000c25585724c0d6,,,,,00da6cd2c464c089e5e44eb66e1fbba3dc8ba46f714374877f940abaf883233cab71c111864b8572af033b2ba7d4f4441974fea6d07e9f8d521e263de8856c9faea30f6070537835f8ce39c300f0b11b,"'projects/yukpo-project/logs/run.googleapis.com%2Fstdout",,"'2026-02-17T23:05:52.824455415Z","'yukpo-backend",,"'europe-west1","'yukpo-project",,"'yukpo-backend-00209-hn8","'yukpo-backend",cloud_run_revision,,"'[2m2026-02-17T23:05:52.797255Z[0m [31mERROR[0m [2myukpomnang_backend::tasks::notification_queue_worker[0m[2m:[0m ❌ Erreur traitement batch notifications: Internal(""Redis connection failed: Connexion Redis échouée: failed to lookup address information: Name or service not known"")","'2026-02-17T23:05:52.795992Z"
6994f44f0008bfe40277a36e,,,,,00da6cd2c464c089e5e44eb66e1fbba3dc8ba46f714374877f940abaf883233cab71c111864b8572af033b2ba7d4f4441974fea6d07e9f8d521e263de8856c9faea30f6070537835f8ce39c300f0b11b,"'projects/yukpo-project/logs/run.googleapis.com%2Fstdout",,"'2026-02-17T23:05:51.825808807Z","'yukpo-backend",,"'europe-west1","'yukpo-project",,"'yukpo-backend-00209-hn8","'yukpo-backend",cloud_run_revision,,"'[2m2026-02-17T23:05:51.574588Z[0m [31mERROR[0m [2myukpomnang_backend::tasks::notification_queue_worker[0m[2m:[0m ❌ Erreur traitement batch notifications: Internal(""Redis connection failed: Connexion Redis échouée: failed to lookup address information: Name or service not known"")","'2026-02-17T23:05:51.573412Z"
6994f44e000593ebe5ee2cf8,,,,,00da6cd2c464c089e5e44eb66e1fbba3dc8ba46f714374877f940abaf883233cab71c111864b8572af033b2ba7d4f4441974fea6d07e9f8d521e263de8856c9faea30f6070537835f8ce39c300f0b11b,"'projects/yukpo-project/logs/run.googleapis.com%2Fstdout",,"'2026-02-17T23:05:50.494149445Z","'yukpo-backend",,"'europe-west1","'yukpo-project",,"'yukpo-backend-00209-hn8","'yukpo-backend",cloud_run_revision,,"'[2m2026-02-17T23:05:50.366456Z[0m [31mERROR[0m [2myukpomnang_backend::tasks::notification_queue_worker[0m[2m:[0m ❌ Erreur traitement batch notifications: Internal(""Redis connection failed: Connexion Redis échouée: failed to lookup address information: Name or service not known"")","'2026-02-17T23:05:50.365547Z"
6994f44c000edf889d1ddf25,,,,,00da6cd2c464c089e5e44eb66e1fbba3dc8ba46f714374877f940abaf883233cab71c111864b8572af033b2ba7d4f4441974fea6d07e9f8d521e263de8856c9faea30f6070537835f8ce39c300f0b11b,"'projects/yukpo-project/logs/run.googleapis.com%2Fstdout",,"'2026-02-17T23:05:49.158301522Z","'yukpo-backend",,"'europe-west1","'yukpo-project",,"'yukpo-backend-00209-hn8","'yukpo-backend",cloud_run_revision,,"'[2m2026-02-17T23:05:48.975814Z[0m [31mERROR[0m [2myukpomnang_backend::tasks::notification_queue_worker[0m[2m:[0m ❌ Erreur traitement batch notifications: Internal(""Redis connection failed: Connexion Redis échouée: failed to lookup address information: Name or service not known"")","'2026-02-17T23:05:48.974728Z"
6994f44b000bb788034b3899,,,,,00da6cd2c464c089e5e44eb66e1fbba3dc8ba46f714374877f940abaf883233cab71c111864b8572af033b2ba7d4f4441974fea6d07e9f8d521e263de8856c9faea30f6070537835f8ce39c300f0b11b,"'projects/yukpo-project/logs/run.googleapis.com%2Fstdout",,"'2026-02-17T23:05:47.828172310Z","'yukpo-backend",,"'europe-west1","'yukpo-project",,"'yukpo-backend-00209-hn8","'yukpo-backend",cloud_run_revision,,"'[2m2026-02-17T23:05:47.769119Z[0m [31mERROR[0m [2myukpomnang_backend::tasks::notification_queue_worker[0m[2m:[0m ❌ Erreur traitement batch notifications: Internal(""Redis connection failed: Connexion Redis échouée: failed to lookup address information: Name or service not known"")","'2026-02-17T23:05:47.767880Z"
6994f44a00072df8b90d8add,,,,,00da6cd2c464c089e5e44eb66e1fbba3dc8ba46f714374877f940abaf883233cab71c111864b8572af033b2ba7d4f4441974fea6d07e9f8d521e263de8856c9faea30f6070537835f8ce39c300f0b11b,"'projects/yukpo-project/logs/run.googleapis.com%2Fstdout",,"'2026-02-17T23:05:46.502375844Z","'yukpo-backend",,"'europe-west1","'yukpo-project",,"'yukpo-backend-00209-hn8","'yukpo-backend",cloud_run_revision,,"'[2m2026-02-17T23:05:46.471396Z[0m [31mERROR[0m [2myukpomnang_backend::tasks::notification_queue_worker[0m[2m:[0m ❌ Erreur traitement batch notifications: Internal(""Redis connection failed: Connexion Redis échouée: failed to lookup address information: Name or service not known"")","'2026-02-17T23:05:46.470520Z"
6994f449000285a8eaefe714,,,,,00da6cd2c464c089e5e44eb66e1fbba3dc8ba46f714374877f940abaf883233cab71c111864b8572af033b2ba7d4f4441974fea6d07e9f8d521e263de8856c9faea30f6070537835f8ce39c300f0b11b,"'projects/yukpo-project/logs/run.googleapis.com%2Fstdout",,"'2026-02-17T23:05:45.501277270Z","'yukpo-backend",,"'europe-west1","'yukpo-project",,"'yukpo-backend-00209-hn8","'yukpo-backend",cloud_run_revision,,"'[2m2026-02-17T23:05:45.166668Z[0m [31mERROR[0m [2myukpomnang_backend::tasks::notification_queue_worker[0m[2m:[0m ❌ Erreur traitement batch notifications: Internal(""Redis connection failed: Connexion Redis échouée: failed to lookup address information: Name or service not known"")","'2026-02-17T23:05:45.165288Z"
6994f4480000fc7e0046051c,,,,,00da6cd2c464c089e5e44eb66e1fbba3dc8ba46f714374877f940abaf883233cab71c111864b8572af033b2ba7d4f4441974fea6d07e9f8d521e263de8856c9faea30f6070537835f8ce39c300f0b11b,"'projects/yukpo-project/logs/run.googleapis.com%2Fstdout",,"'2026-02-17T23:05:44.166871672Z","'yukpo-backend",,"'europe-west1","'yukpo-project",,"'yukpo-backend-00209-hn8","'yukpo-backend",cloud_run_revision,,"'[2m2026-02-17T23:05:44.065689Z[0m [33m WARN[0m [2myukpomnang_backend::tasks::delivery_matching_worker[0m[2m:[0m [DeliveryMatchingWorker] Itération échouée: ?? Internal error: 3 workers ont échoué. Nouvelle tentative programmée.","'2026-02-17T23:05:44.064638Z"
6994f4480000fc6188059fc5,,,,,00da6cd2c464c089e5e44eb66e1fbba3dc8ba46f714374877f940abaf883233cab71c111864b8572af033b2ba7d4f4441974fea6d07e9f8d521e263de8856c9faea30f6070537835f8ce39c300f0b11b,"'projects/yukpo-project/logs/run.googleapis.com%2Fstdout",,"'2026-02-17T23:05:44.166871672Z","'yukpo-backend",,"'europe-west1","'yukpo-project",,"'yukpo-backend-00209-hn8","'yukpo-backend",cloud_run_revision,,"'[2m2026-02-17T23:05:44.065664Z[0m [31mERROR[0m [2myukpomnang_backend::tasks::delivery_matching_worker[0m[2m:[0m [DeliveryMatchingWorker] Worker 2: Erreur après retries: ?? Database error: error communicating with database: No such file or directory (os error 2)","'2026-02-17T23:05:44.064609Z"
6994f4480000fc5087e7313e,,,,,00da6cd2c464c089e5e44eb66e1fbba3dc8ba46f714374877f940abaf883233cab71c111864b8572af033b2ba7d4f4441974fea6d07e9f8d521e263de8856c9faea30f6070537835f8ce39c300f0b11b,"'projects/yukpo-project/logs/run.googleapis.com%2Fstdout",,"'2026-02-17T23:05:44.166871672Z","'yukpo-backend",,"'europe-west1","'yukpo-project",,"'yukpo-backend-00209-hn8","'yukpo-backend",cloud_run_revision,,"'[2m2026-02-17T23:05:43.906432Z[0m [31mERROR[0m [2myukpomnang_backend::utils::db_retry[0m[2m:[0m [Service Retry] ❌ Toutes les 3 tentatives ont échoué. Dernière erreur: ?? Database error: error communicating with database: No such file or directory (os error 2)","'2026-02-17T23:05:44.064592Z"
6994f4480000fc3292c120c6,,,,,00da6cd2c464c089e5e44eb66e1fbba3dc8ba46f714374877f940abaf883233cab71c111864b8572af033b2ba7d4f4441974fea6d07e9f8d521e263de8856c9faea30f6070537835f8ce39c300f0b11b,"'projects/yukpo-project/logs/run.googleapis.com%2Fstdout",,"'2026-02-17T23:05:44.166871672Z","'yukpo-backend",,"'europe-west1","'yukpo-project",,"'yukpo-backend-00209-hn8","'yukpo-backend",cloud_run_revision,,"'[2m2026-02-17T23:05:44.065617Z[0m [31mERROR[0m [2myukpomnang_backend::tasks::delivery_matching_worker[0m[2m:[0m [DeliveryMatchingWorker] Worker 0: Erreur après retries: ?? Database error: error communicating with database: No such file or directory (os error 2)","'2026-02-17T23:05:44.064562Z"
6994f4480000fc2331ef583d,,,,,00da6cd2c464c089e5e44eb66e1fbba3dc8ba46f714374877f940abaf883233cab71c111864b8572af033b2ba7d4f4441974fea6d07e9f8d521e263de8856c9faea30f6070537835f8ce39c300f0b11b,"'projects/yukpo-project/logs/run.googleapis.com%2Fstdout",,"'2026-02-17T23:05:44.166871672Z","'yukpo-backend",,"'europe-west1","'yukpo-project",,"'yukpo-backend-00209-hn8","'yukpo-backend",cloud_run_revision,,"'[2m2026-02-17T23:05:44.065595Z[0m [31mERROR[0m [2myukpomnang_backend::utils::db_retry[0m[2m:[0m [Service Retry] ❌ Toutes les 3 tentatives ont échoué. Dernière erreur: ?? Database error: error communicating with database: No such file or directory (os error 2)","'2026-02-17T23:05:44.064547Z"
6994f4480000fc1f9a4f0166,,,,,00da6cd2c464c089e5e44eb66e1fbba3dc8ba46f714374877f940abaf883233cab71c111864b8572af033b2ba7d4f4441974fea6d07e9f8d521e263de8856c9faea30f6070537835f8ce39c300f0b11b,"'projects/yukpo-project/logs/run.googleapis.com%2Fstdout",,"'2026-02-17T23:05:44.166871672Z","'yukpo-backend",,"'europe-west1","'yukpo-project",,"'yukpo-backend-00209-hn8","'yukpo-backend",cloud_run_revision,,"'[2m2026-02-17T23:05:44.065589Z[0m [31mERROR[0m [2myukpomnang_backend::tasks::delivery_matching_worker[0m[2m:[0m [DeliveryMatchingWorker] Worker 1: Erreur après retries: ?? Database error: error communicating with database: No such file or directory (os error 2)","'2026-02-17T23:05:44.064543Z"
6994f4480000fc01803900eb,,,,,00da6cd2c464c089e5e44eb66e1fbba3dc8ba46f714374877f940abaf883233cab71c111864b8572af033b2ba7d4f4441974fea6d07e9f8d521e263de8856c9faea30f6070537835f8ce39c300f0b11b,"'projects/yukpo-project/logs/run.googleapis.com%2Fstdout",,"'2026-02-17T23:05:44.166871672Z","'yukpo-backend",,"'europe-west1","'yukpo-project",,"'yukpo-backend-00209-hn8","'yukpo-backend",cloud_run_revision,,"'[2m2026-02-17T23:05:44.065524Z[0m [31mERROR[0m [2myukpomnang_backend::utils::db_retry[0m[2m:[0m [Service Retry] ❌ Toutes les 3 tentatives ont échoué. Dernière erreur: ?? Database error: error communicating with database: No such file or directory (os error 2)","'2026-02-17T23:05:44.064513Z"
6994f4480000fbebbc90ca61,,,,,00da6cd2c464c089e5e44eb66e1fbba3dc8ba46f714374877f940abaf883233cab71c111864b8572af033b2ba7d4f4441974fea6d07e9f8d521e263de8856c9faea30f6070537835f8ce39c300f0b11b,"'projects/yukpo-project/logs/run.googleapis.com%2Fstdout",,"'2026-02-17T23:05:44.166871672Z","'yukpo-backend",,"'europe-west1","'yukpo-project",,"'yukpo-backend-00209-hn8","'yukpo-backend",cloud_run_revision,,"'[2m2026-02-17T23:05:43.878980Z[0m [31mERROR[0m [2myukpomnang_backend::utils::db_retry[0m[2m:[0m [DB Retry] ❌ Toutes les 3 tentatives ont échoué. Dernière erreur: error communicating with database: No such file or directory (os error 2)","'2026-02-17T23:05:44.064491Z"
6994f447000dd09682e58529,,,,,00da6cd2c464c089e5e44eb66e1fbba3dc8ba46f714374877f940abaf883233cab71c111864b8572af033b2ba7d4f4441974fea6d07e9f8d521e263de8856c9faea30f6070537835f8ce39c300f0b11b,"'projects/yukpo-project/logs/run.googleapis.com%2Fstdout",,"'2026-02-17T23:05:44.166871672Z","'yukpo-backend",,"'europe-west1","'yukpo-project",,"'yukpo-backend-00209-hn8","'yukpo-backend",cloud_run_revision,,"'[2m2026-02-17T23:05:43.878972Z[0m [31mERROR[0m [2myukpomnang_backend::utils::db_retry[0m[2m:[0m [DB Retry] ❌ Toutes les 3 tentatives ont échoué. Dernière erreur: error communicating with database: No such file or directory (os error 2)","'2026-02-17T23:05:43.905366Z"
6994f447000dd0440f63548c,,,,,00da6cd2c464c089e5e44eb66e1fbba3dc8ba46f714374877f940abaf883233cab71c111864b8572af033b2ba7d4f4441974fea6d07e9f8d521e263de8856c9faea30f6070537835f8ce39c300f0b11b,"'projects/yukpo-project/logs/run.googleapis.com%2Fstdout",,"'2026-02-17T23:05:44.166871672Z","'yukpo-backend",,"'europe-west1","'yukpo-project",,"'yukpo-backend-00209-hn8","'yukpo-backend",cloud_run_revision,,"'[2m2026-02-17T23:05:43.878864Z[0m [31mERROR[0m [2myukpomnang_backend::utils::db_retry[0m[2m:[0m [DB Retry] ❌ Toutes les 3 tentatives ont échoué. Dernière erreur: error communicating with database: No such file or directory (os error 2)","'2026-02-17T23:05:43.905284Z"
6994f447000bad6631cb6c46,,,,,00da6cd2c464c089e5e44eb66e1fbba3dc8ba46f714374877f940abaf883233cab71c111864b8572af033b2ba7d4f4441974fea6d07e9f8d521e263de8856c9faea30f6070537835f8ce39c300f0b11b,"'projects/yukpo-project/logs/run.googleapis.com%2Fstdout",,"'2026-02-17T23:05:43.834093955Z","'yukpo-backend",,"'europe-west1","'yukpo-project",,"'yukpo-backend-00209-hn8","'yukpo-backend",cloud_run_revision,,"'[2m2026-02-17T23:05:43.766331Z[0m [31mERROR[0m [2myukpomnang_backend::tasks::notification_queue_worker[0m[2m:[0m ❌ Erreur traitement batch notifications: Internal(""Redis connection failed: Connexion Redis échouée: failed to lookup address information: Name or service not known"")","'2026-02-17T23:05:43.765286Z"
6994f447000a2f0261786f4c,,,,,00da6cd2c464c089e5e44eb66e1fbba3dc8ba46f714374877f940abaf883233cab71c111864b8572af033b2ba7d4f4441974fea6d07e9f8d521e263de8856c9faea30f6070537835f8ce39c300f0b11b,"'projects/yukpo-project/logs/run.googleapis.com%2Fstdout",,"'2026-02-17T23:05:43.834093955Z","'yukpo-backend",,"'europe-west1","'yukpo-project",,"'yukpo-backend-00209-hn8","'yukpo-backend",cloud_run_revision,,"'[2m2026-02-17T23:05:43.668437Z[0m [31mERROR[0m [2myukpomnang_backend::services::product_creation_queue[0m[2m:[0m [ProductCreationQueue] ❌ Erreur récupération jobs: ?? Internal error: Erreur récupération jobs: error communicating with database: No such file or directory (os error 2)","'2026-02-17T23:05:43.667394Z"
"'s=e3fcb03b85694b119ad1af4021701853;i=62a1b;b=6f99b7b3339f45a2998945324705e480;m=40c3a775eb;t=64b0d1c5f3e4e;x=a912def06db750a6-0@a2","'2-2b8ac77d-efeb-4ce6-b999-76f190471c46",54,376093909298,38333938656539376533323835643864e3b0c442,,"'projects/yukpo-project/logs/cloudsql.googleapis.com%2Fpostgres.log",,"'2026-02-17T23:06:16.577427421Z",,"'yukpo-project:yukpo-db",,"'yukpo-project",europe,,,cloudsql_database,INFO,"'2026-02-17 23:05:42.930 UTC [172041]: [2-1] db=,user= LOG:  automatic analyze of table ""cloudsqladmin.public.heartbeat""
avg read rate: 0.000 MB/s, avg write rate: 1.953 MB/s
buffer usage: 175 hits, 0 misses, 1 dirtied
system usage: CPU: user: 0.00 s, system: 0.00 s, elapsed: 0.00 s","'2026-02-17T23:05:42.930623Z"
"'s=e3fcb03b85694b119ad1af4021701853;i=62a1b;b=6f99b7b3339f45a2998945324705e480;m=40c3a775eb;t=64b0d1c5f3e4e;x=a912def06db750a6-0@a1","'2-2b8ac77d-efeb-4ce6-b999-76f190471c46",54,376093909298,38333938656539376533323835643864e3b0c442,,"'projects/yukpo-project/logs/cloudsql.googleapis.com%2Fpostgres.log",,"'2026-02-17T23:06:16.577427421Z",,"'yukpo-project:yukpo-db",,"'yukpo-project",europe,,,cloudsql_database,INFO,"'2026-02-17 23:05:42.925 UTC [172041]: [1-1] db=,user= LOG:  automatic vacuum of table ""cloudsqladmin.public.heartbeat"": index scans: 0
pages: 0 removed, 1 remain, 1 scanned (100.00% of total)
tuples: 60 removed, 1 remain, 0 are dead but not yet removable
removable cutoff: 57192, which was 0 XIDs old when operation ended
new relfrozenxid: 57191, which is 61 XIDs ahead of previous value
index scan not needed: 0 pages from table (0.00% of total) had 0 dead item identifiers removed
avg read rate: 0.000 MB/s, avg write rate: 8.818 MB/s
buffer usage: 41 hits, 0 misses, 1 dirtied
WAL usage: 1 records, 1 full page images, 5413 bytes
system usage: CPU: user: 0.00 s, system: 0.00 s, elapsed: 0.00 s","'2026-02-17T23:05:42.925902Z"
6994f4460005a20fabce79fd,,,,,00da6cd2c464c089e5e44eb66e1fbba3dc8ba46f714374877f940abaf883233cab71c111864b8572af033b2ba7d4f4441974fea6d07e9f8d521e263de8856c9faea30f6070537835f8ce39c300f0b11b,"'projects/yukpo-project/logs/run.googleapis.com%2Fstdout",,"'2026-02-17T23:05:42.500722339Z","'yukpo-backend",,"'europe-west1","'yukpo-project",,"'yukpo-backend-00209-hn8","'yukpo-backend",cloud_run_revision,,"'[2m2026-02-17T23:05:42.370521Z[0m [31mERROR[0m [2myukpomnang_backend::tasks::notification_queue_worker[0m[2m:[0m ❌ Erreur traitement batch notifications: Internal(""Redis connection failed: Connexion Redis échouée: failed to lookup address information: Name or service not known"")","'2026-02-17T23:05:42.369167Z"
6994f444000eb8a8f99a4af3,,,,,00da6cd2c464c089e5e44eb66e1fbba3dc8ba46f714374877f940abaf883233cab71c111864b8572af033b2ba7d4f4441974fea6d07e9f8d521e263de8856c9faea30f6070537835f8ce39c300f0b11b,"'projects/yukpo-project/logs/run.googleapis.com%2Fstdout",,"'2026-02-17T23:05:41.168125465Z","'yukpo-backend",,"'europe-west1","'yukpo-project",,"'yukpo-backend-00209-hn8","'yukpo-backend",cloud_run_revision,,"'[2m2026-02-17T23:05:40.966097Z[0m [31mERROR[0m [2myukpomnang_backend::tasks::notification_queue_worker[0m[2m:[0m ❌ Erreur traitement batch notifications: Internal(""Redis connection failed: Connexion Redis échouée: failed to lookup address information: Name or service not known"")","'2026-02-17T23:05:40.964776Z"
6994f44300072185a339154f,,,,,00da6cd2c464c089e5e44eb66e1fbba3dc8ba46f714374877f940abaf883233cab71c111864b8572af033b2ba7d4f4441974fea6d07e9f8d521e263de8856c9faea30f6070537835f8ce39c300f0b11b,"'projects/yukpo-project/logs/run.googleapis.com%2Fstdout",,"'2026-02-17T23:05:39.500990786Z","'yukpo-backend",,"'europe-west1","'yukpo-project",,"'yukpo-backend-00209-hn8","'yukpo-backend",cloud_run_revision,,"'[2m2026-02-17T23:05:39.468936Z[0m [31mERROR[0m [2myukpomnang_backend::tasks::notification_queue_worker[0m[2m:[0m ❌ Erreur traitement batch notifications: Internal(""Redis connection failed: Connexion Redis échouée: failed to lookup address information: Name or service not known"")","'2026-02-17T23:05:39.467333Z"
6994f442000d5cfbbed56086,,,,,00da6cd2c464c089e5e44eb66e1fbba3dc8ba46f714374877f940abaf883233cab71c111864b8572af033b2ba7d4f4441974fea6d07e9f8d521e263de8856c9faea30f6070537835f8ce39c300f0b11b,"'projects/yukpo-project/logs/run.googleapis.com%2Fstdout",,"'2026-02-17T23:05:39.170233824Z","'yukpo-backend",,"'europe-west1","'yukpo-project",,"'yukpo-backend-00209-hn8","'yukpo-backend",cloud_run_revision,,"'[2m2026-02-17T23:05:38.877221Z[0m [32m INFO[0m [2myukpomnang_backend::utils::db_retry[0m[2m:[0m [DB Retry] Tentative 2/3 échouée (erreur TLS récupérable): error communicating with database: No such file or directory (os error 2). Retry dans 5000ms","'2026-02-17T23:05:38.875771Z"
6994f442000d5cf8fd4729bb,,,,,00da6cd2c464c089e5e44eb66e1fbba3dc8ba46f714374877f940abaf883233cab71c111864b8572af033b2ba7d4f4441974fea6d07e9f8d521e263de8856c9faea30f6070537835f8ce39c300f0b11b,"'projects/yukpo-project/logs/run.googleapis.com%2Fstdout",,"'2026-02-17T23:05:39.170233824Z","'yukpo-backend",,"'europe-west1","'yukpo-project",,"'yukpo-backend-00209-hn8","'yukpo-backend",cloud_run_revision,,"'[2m2026-02-17T23:05:38.877220Z[0m [32m INFO[0m [2myukpomnang_backend::utils::db_retry[0m[2m:[0m [DB Retry] Tentative 2/3 échouée (erreur TLS récupérable): error communicating with database: No such file or directory (os error 2). Retry dans 5000ms","'2026-02-17T23:05:38.875768Z"
6994f442000d5cedef4c65de,,,,,00da6cd2c464c089e5e44eb66e1fbba3dc8ba46f714374877f940abaf883233cab71c111864b8572af033b2ba7d4f4441974fea6d07e9f8d521e263de8856c9faea30f6070537835f8ce39c300f0b11b,"'projects/yukpo-project/logs/run.googleapis.com%2Fstdout",,"'2026-02-17T23:05:39.170233824Z","'yukpo-backend",,"'europe-west1","'yukpo-project",,"'yukpo-backend-00209-hn8","'yukpo-backend",cloud_run_revision,,"'[2m2026-02-17T23:05:38.877220Z[0m [32m INFO[0m [2myukpomnang_backend::utils::db_retry[0m[2m:[0m [DB Retry] Tentative 2/3 échouée (erreur TLS récupérable): error communicating with database: No such file or directory (os error 2). Retry dans 5000ms","'2026-02-17T23:05:38.875757Z"
6994f442000bb0129e4e8b26,,,,,00da6cd2c464c089e5e44eb66e1fbba3dc8ba46f714374877f940abaf883233cab71c111864b8572af033b2ba7d4f4441974fea6d07e9f8d521e263de8856c9faea30f6070537835f8ce39c300f0b11b,"'projects/yukpo-project/logs/run.googleapis.com%2Fstdout",,"'2026-02-17T23:05:38.839764776Z","'yukpo-backend",,"'europe-west1","'yukpo-project",,"'yukpo-backend-00209-hn8","'yukpo-backend",cloud_run_revision,,"'[2m2026-02-17T23:05:38.767430Z[0m [31mERROR[0m [2myukpomnang_backend::services::live_flash_sale_service[0m[2m:[0m process_timers live flash sales failed: Database(""error communicating with database: No such file or directory (os error 2)"")","'2026-02-17T23:05:38.765970Z"
6994f442000bb00484b8afb5,,,,,00da6cd2c464c089e5e44eb66e1fbba3dc8ba46f714374877f940abaf883233cab71c111864b8572af033b2ba7d4f4441974fea6d07e9f8d521e263de8856c9faea30f6070537835f8ce39c300f0b11b,"'projects/yukpo-project/logs/run.googleapis.com%2Fstdout",,"'2026-02-17T23:05:38.839764776Z","'yukpo-backend",,"'europe-west1","'yukpo-project",,"'yukpo-backend-00209-hn8","'yukpo-backend",cloud_run_revision,,"'[2m2026-02-17T23:05:38.767383Z[0m [31mERROR[0m [2myukpomnang_backend::tasks::delivery_notification_repeat[0m[2m:[0m ❌ [DeliveryNotifications] Erreur lors de la répétition: Io(Os { code: 2, kind: NotFound, message: ""No such file or directory"" })","'2026-02-17T23:05:38.765956Z"
6994f44200015523f7e45f50,,,,,00da6cd2c464c089e5e44eb66e1fbba3dc8ba46f714374877f940abaf883233cab71c111864b8572af033b2ba7d4f4441974fea6d07e9f8d521e263de8856c9faea30f6070537835f8ce39c300f0b11b,"'projects/yukpo-project/logs/run.googleapis.com%2Fstdout",,"'2026-02-17T23:05:38.171380937Z","'yukpo-backend",,"'europe-west1","'yukpo-project",,"'yukpo-backend-00209-hn8","'yukpo-backend",cloud_run_revision,,"'[2m2026-02-17T23:05:38.088700Z[0m [31mERROR[0m [2myukpomnang_backend::tasks::notification_queue_worker[0m[2m:[0m ❌ Erreur traitement batch notifications: Internal(""Redis connection failed: Connexion Redis échouée: failed to lookup address information: Name or service not known"")","'2026-02-17T23:05:38.087331Z"
6994f440000d73f31d8ebb9a,,,,,00da6cd2c464c089e5e44eb66e1fbba3dc8ba46f714374877f940abaf883233cab71c111864b8572af033b2ba7d4f4441974fea6d07e9f8d521e263de8856c9faea30f6070537835f8ce39c300f0b11b,"'projects/yukpo-project/logs/run.googleapis.com%2Fstdout",,"'2026-02-17T23:05:37.171787202Z","'yukpo-backend",,"'europe-west1","'yukpo-project",,"'yukpo-backend-00209-hn8","'yukpo-backend",cloud_run_revision,,"'[2m2026-02-17T23:05:36.883064Z[0m [31mERROR[0m [2myukpomnang_backend::tasks::notification_queue_worker[0m[2m:[0m ❌ Erreur traitement batch notifications: Internal(""Redis connection failed: Connexion Redis échouée: failed to lookup address information: Name or service not known"")","'2026-02-17T23:05:36.881651Z"
6994f4400004113f05bc6fc4,,,,,00da6cd2c464c089e5e44eb66e1fbba3dc8ba46f714374877f940abaf883233cab71c111864b8572af033b2ba7d4f4441974fea6d07e9f8d521e263de8856c9faea30f6070537835f8ce39c300f0b11b,"'projects/yukpo-project/logs/run.googleapis.com%2Fstdout",,"'2026-02-17T23:05:36.505823001Z","'yukpo-backend",,"'europe-west1","'yukpo-project",,"'yukpo-backend-00209-hn8","'yukpo-backend",cloud_run_revision,,"'[2m2026-02-17T23:05:36.267352Z[0m [33m WARN[0m [2myukpomnang_backend::utils::db_monitor[0m[2m:[0m [DB Monitor] ⚠️ Pool unhealthy - Error: error communicating with database: No such file or directory (os error 2), Size: 0, Active: 0, Idle: 0","'2026-02-17T23:05:36.266559Z"
6994f43f000d5997c5faa958,,,,,00da6cd2c464c089e5e44eb66e1fbba3dc8ba46f714374877f940abaf883233cab71c111864b8572af033b2ba7d4f4441974fea6d07e9f8d521e263de8856c9faea30f6070537835f8ce39c300f0b11b,"'projects/yukpo-project/logs/run.googleapis.com%2Fstdout",,"'2026-02-17T23:05:36.173027416Z","'yukpo-backend",,"'europe-west1","'yukpo-project",,"'yukpo-backend-00209-hn8","'yukpo-backend",cloud_run_revision,,"'[2m2026-02-17T23:05:35.875884Z[0m [32m INFO[0m [2myukpomnang_backend::utils::db_retry[0m[2m:[0m [DB Retry] Tentative 1/3 échouée (erreur TLS récupérable): error communicating with database: No such file or directory (os error 2). Retry dans 3000ms","'2026-02-17T23:05:35.874903Z"
6994f43f000d598ef8e71b99,,,,,00da6cd2c464c089e5e44eb66e1fbba3dc8ba46f714374877f940abaf883233cab71c111864b8572af033b2ba7d4f4441974fea6d07e9f8d521e263de8856c9faea30f6070537835f8ce39c300f0b11b,"'projects/yukpo-project/logs/run.googleapis.com%2Fstdout",,"'2026-02-17T23:05:36.173027416Z","'yukpo-backend",,"'europe-west1","'yukpo-project",,"'yukpo-backend-00209-hn8","'yukpo-backend",cloud_run_revision,,"'[2m2026-02-17T23:05:35.875914Z[0m [32m INFO[0m [2myukpomnang_backend::utils::db_retry[0m[2m:[0m [DB Retry] Tentative 1/3 échouée (erreur TLS récupérable): error communicating with database: No such file or directory (os error 2). Retry dans 3000ms","'2026-02-17T23:05:35.874894Z"
6994f43f000d5985570e29b1,,,,,00da6cd2c464c089e5e44eb66e1fbba3dc8ba46f714374877f940abaf883233cab71c111864b8572af033b2ba7d4f4441974fea6d07e9f8d521e263de8856c9faea30f6070537835f8ce39c300f0b11b,"'projects/yukpo-project/logs/run.googleapis.com%2Fstdout",,"'2026-02-17T23:05:36.173027416Z","'yukpo-backend",,"'europe-west1","'yukpo-project",,"'yukpo-backend-00209-hn8","'yukpo-backend",cloud_run_revision,,"'[2m2026-02-17T23:05:35.875882Z[0m [32m INFO[0m [2myukpomnang_backend::utils::db_retry[0m[2m:[0m [DB Retry] Tentative 1/3 échouée (erreur TLS récupérable): error communicating with database: No such file or directory (os error 2). Retry dans 3000ms","'2026-02-17T23:05:35.874885Z"
6994f43f000a23d6d923b252,,,,,00da6cd2c464c089e5e44eb66e1fbba3dc8ba46f714374877f940abaf883233cab71c111864b8572af033b2ba7d4f4441974fea6d07e9f8d521e263de8856c9faea30f6070537835f8ce39c300f0b11b,"'projects/yukpo-project/logs/run.googleapis.com%2Fstdout",,"'2026-02-17T23:05:35.841270346Z","'yukpo-backend",,"'europe-west1","'yukpo-project",,"'yukpo-backend-00209-hn8","'yukpo-backend",cloud_run_revision,,"'[2m2026-02-17T23:05:35.665654Z[0m [31mERROR[0m [2myukpomnang_backend::tasks::notification_queue_worker[0m[2m:[0m ❌ Erreur traitement batch notifications: Internal(""Redis connection failed: Connexion Redis échouée: failed to lookup address information: Name or service not known"")","'2026-02-17T23:05:35.664534Z"
6994f43f0007386efb90bfa0,,,,,00da6cd2c464c089e5e44eb66e1fbba3dc8ba46f714374877f940abaf883233cab71c111864b8572af033b2ba7d4f4441974fea6d07e9f8d521e263de8856c9faea30f6070537835f8ce39c300f0b11b,"'projects/yukpo-project/logs/run.googleapis.com%2Fstdout",,"'2026-02-17T23:05:35.508890365Z","'yukpo-backend",,"'europe-west1","'yukpo-project",,"'yukpo-backend-00209-hn8","'yukpo-backend",cloud_run_revision,,"'[2m2026-02-17T23:05:35.474420Z[0m [31mERROR[0m [2myukpomnang_backend::utils::db_retry[0m[2m:[0m [DB Retry] ❌ Toutes les 3 tentatives ont échoué. Dernière erreur: error communicating with database: No such file or directory (os error 2)","'2026-02-17T23:05:35.473198Z"
6994f43f0007385d38c1407d,,,,,00da6cd2c464c089e5e44eb66e1fbba3dc8ba46f714374877f940abaf883233cab71c111864b8572af033b2ba7d4f4441974fea6d07e9f8d521e263de8856c9faea30f6070537835f8ce39c300f0b11b,"'projects/yukpo-project/logs/run.googleapis.com%2Fstdout",,"'2026-02-17T23:05:35.508890365Z","'yukpo-backend",,"'europe-west1","'yukpo-project",,"'yukpo-backend-00209-hn8","'yukpo-backend",cloud_run_revision,,"'[2m2026-02-17T23:05:35.474409Z[0m [31mERROR[0m [2myukpomnang_backend::utils::db_retry[0m[2m:[0m [DB Retry] ❌ Toutes les 3 tentatives ont échoué. Dernière erreur: error communicating with database: No such file or directory (os error 2)","'2026-02-17T23:05:35.473181Z"
6994f43f0007385520793c84,,,,,00da6cd2c464c089e5e44eb66e1fbba3dc8ba46f714374877f940abaf883233cab71c111864b8572af033b2ba7d4f4441974fea6d07e9f8d521e263de8856c9faea30f6070537835f8ce39c300f0b11b,"'projects/yukpo-project/logs/run.googleapis.com%2Fstdout",,"'2026-02-17T23:05:35.508890365Z","'yukpo-backend",,"'europe-west1","'yukpo-project",,"'yukpo-backend-00209-hn8","'yukpo-backend",cloud_run_revision,,"'[2m2026-02-17T23:05:35.474409Z[0m [31mERROR[0m [2myukpomnang_backend::utils::db_retry[0m[2m:[0m [DB Retry] ❌ Toutes les 3 tentatives ont échoué. Dernière erreur: error communicating with database: No such file or directory (os error 2)","'2026-02-17T23:05:35.473173Z"
6994f43e0008aeaabfda3dd9,,,,,00da6cd2c464c089e5e44eb66e1fbba3dc8ba46f714374877f940abaf883233cab71c111864b8572af033b2ba7d4f4441974fea6d07e9f8d521e263de8856c9faea30f6070537835f8ce39c300f0b11b,"'projects/yukpo-project/logs/run.googleapis.com%2Fstdout",,"'2026-02-17T23:05:34.840976952Z","'yukpo-backend",,"'europe-west1","'yukpo-project",,"'yukpo-backend-00209-hn8","'yukpo-backend",cloud_run_revision,,"'[2m2026-02-17T23:05:34.570280Z[0m [31mERROR[0m [2myukpomnang_backend::tasks::order_timeout_monitor[0m[2m:[0m ❌ Erreur lors de la vérification des timeouts de commandes: ?? Database error: error communicating with database: No such file or directory (os error 2)","'2026-02-17T23:05:34.569002Z"
6994f43e0008aea289f5c44e,,,,,00da6cd2c464c089e5e44eb66e1fbba3dc8ba46f714374877f940abaf883233cab71c111864b8572af033b2ba7d4f4441974fea6d07e9f8d521e263de8856c9faea30f6070537835f8ce39c300f0b11b,"'projects/yukpo-project/logs/run.googleapis.com%2Fstdout",,"'2026-02-17T23:05:34.840976952Z","'yukpo-backend",,"'europe-west1","'yukpo-project",,"'yukpo-backend-00209-hn8","'yukpo-backend",cloud_run_revision,,"'[2m2026-02-17T23:05:34.570244Z[0m [31mERROR[0m [2myukpomnang_backend::utils::db_retry[0m[2m:[0m [DB Retry] ❌ Toutes les 3 tentatives ont échoué. Dernière erreur: error communicating with database: No such file or directory (os error 2)","'2026-02-17T23:05:34.568994Z"
6994f43e00059386f7545813,,,,,00da6cd2c464c089e5e44eb66e1fbba3dc8ba46f714374877f940abaf883233cab71c111864b8572af033b2ba7d4f4441974fea6d07e9f8d521e263de8856c9faea30f6070537835f8ce39c300f0b11b,"'projects/yukpo-project/logs/run.googleapis.com%2Fstdout",,"'2026-02-17T23:05:34.509055863Z","'yukpo-backend",,"'europe-west1","'yukpo-project",,"'yukpo-backend-00209-hn8","'yukpo-backend",cloud_run_revision,,"'[2m2026-02-17T23:05:34.366654Z[0m [31mERROR[0m [2myukpomnang_backend::tasks::notification_queue_worker[0m[2m:[0m ❌ Erreur traitement batch notifications: Internal(""Redis connection failed: Connexion Redis échouée: failed to lookup address information: Name or service not known"")","'2026-02-17T23:05:34.365446Z"
6994f43d000a2749275f3a8c,,,,,00da6cd2c464c089e5e44eb66e1fbba3dc8ba46f714374877f940abaf883233cab71c111864b8572af033b2ba7d4f4441974fea6d07e9f8d521e263de8856c9faea30f6070537835f8ce39c300f0b11b,"'projects/yukpo-project/logs/run.googleapis.com%2Fstdout",,"'2026-02-17T23:05:33.844289807Z","'yukpo-backend",,"'europe-west1","'yukpo-project",,"'yukpo-backend-00209-hn8","'yukpo-backend",cloud_run_revision,,"'[2m2026-02-17T23:05:33.666384Z[0m [31mERROR[0m [2myukpomnang_backend::services::product_creation_queue[0m[2m:[0m [ProductCreationQueue] ❌ Erreur récupération jobs: ?? Internal error: Erreur récupération jobs: error communicating with database: No such file or directory (os error 2)","'2026-02-17T23:05:33.665417Z"
6994f43d00010b298494a971,,,,,00da6cd2c464c089e5e44eb66e1fbba3dc8ba46f714374877f940abaf883233cab71c111864b8572af033b2ba7d4f4441974fea6d07e9f8d521e263de8856c9faea30f6070537835f8ce39c300f0b11b,"'projects/yukpo-project/logs/run.googleapis.com%2Fstdout",,"'2026-02-17T23:05:33.278305820Z","'yukpo-backend",,"'europe-west1","'yukpo-project",,"'yukpo-backend-00209-hn8","'yukpo-backend",cloud_run_revision,,"'[2m2026-02-17T23:05:33.069270Z[0m [31mERROR[0m [2myukpomnang_backend::tasks::notification_queue_worker[0m[2m:[0m ❌ Erreur traitement batch notifications: Internal(""Redis connection failed: Connexion Redis échouée: failed to lookup address information: Name or service not known"")","'2026-02-17T23:05:33.068393Z"
6994f43b000bd38ceda9fe4a,,,,,00da6cd2c464c089e5e44eb66e1fbba3dc8ba46f714374877f940abaf883233cab71c111864b8572af033b2ba7d4f4441974fea6d07e9f8d521e263de8856c9faea30f6070537835f8ce39c300f0b11b,"'projects/yukpo-project/logs/run.googleapis.com%2Fstdout",,"'2026-02-17T23:05:31.844420027Z","'yukpo-backend",,"'europe-west1","'yukpo-project",,"'yukpo-backend-00209-hn8","'yukpo-backend",cloud_run_revision,,"'[2m2026-02-17T23:05:31.776546Z[0m [31mERROR[0m [2myukpomnang_backend::tasks::notification_queue_worker[0m[2m:[0m ❌ Erreur traitement batch notifications: Internal(""Redis connection failed: Connexion Redis échouée: failed to lookup address information: Name or service not known"")","'2026-02-17T23:05:31.775052Z"
6994f43a0008a5d43a547b93,,,,,00da6cd2c464c089e5e44eb66e1fbba3dc8ba46f714374877f940abaf883233cab71c111864b8572af033b2ba7d4f4441974fea6d07e9f8d521e263de8856c9faea30f6070537835f8ce39c300f0b11b,"'projects/yukpo-project/logs/run.googleapis.com%2Fstdout",,"'2026-02-17T23:05:30.845963529Z","'yukpo-backend",,"'europe-west1","'yukpo-project",,"'yukpo-backend-00209-hn8","'yukpo-backend",cloud_run_revision,,"'[2m2026-02-17T23:05:30.568381Z[0m [31mERROR[0m [2myukpomnang_backend::tasks::notification_queue_worker[0m[2m:[0m ❌ Erreur traitement batch notifications: Internal(""Redis connection failed: Connexion Redis échouée: failed to lookup address information: Name or service not known"")","'2026-02-17T23:05:30.566740Z"
6994f43a000730d385d035ee,,,,,00da6cd2c464c089e5e44eb66e1fbba3dc8ba46f714374877f940abaf883233cab71c111864b8572af033b2ba7d4f4441974fea6d07e9f8d521e263de8856c9faea30f6070537835f8ce39c300f0b11b,"'projects/yukpo-project/logs/run.googleapis.com%2Fstdout",,"'2026-02-17T23:05:31.485414907Z","'yukpo-backend",,"'europe-west1","'yukpo-project",,"'yukpo-backend-00209-hn8","'yukpo-backend",cloud_run_revision,,"'[2m2026-02-17T23:05:30.472950Z[0m [32m INFO[0m [2myukpomnang_backend::utils::db_retry[0m[2m:[0m [DB Retry] Tentative 2/3 échouée (erreur TLS récupérable): error communicating with database: No such file or directory (os error 2). Retry dans 5000ms","'2026-02-17T23:05:30.471251Z"
6994f43a000730c1fb8471c6,,,,,00da6cd2c464c089e5e44eb66e1fbba3dc8ba46f714374877f940abaf883233cab71c111864b8572af033b2ba7d4f4441974fea6d07e9f8d521e263de8856c9faea30f6070537835f8ce39c300f0b11b,"'projects/yukpo-project/logs/run.googleapis.com%2Fstdout",,"'2026-02-17T23:05:31.485414907Z","'yukpo-backend",,"'europe-west1","'yukpo-project",,"'yukpo-backend-00209-hn8","'yukpo-backend",cloud_run_revision,,"'[2m2026-02-17T23:05:30.472927Z[0m [32m INFO[0m [2myukpomnang_backend::utils::db_retry[0m[2m:[0m [DB Retry] Tentative 2/3 échouée (erreur TLS récupérable): error communicating with database: No such file or directory (os error 2). Retry dans 5000ms","'2026-02-17T23:05:30.471233Z"
6994f43a000730b8039d5b8f,,,,,00da6cd2c464c089e5e44eb66e1fbba3dc8ba46f714374877f940abaf883233cab71c111864b8572af033b2ba7d4f4441974fea6d07e9f8d521e263de8856c9faea30f6070537835f8ce39c300f0b11b,"'projects/yukpo-project/logs/run.googleapis.com%2Fstdout",,"'2026-02-17T23:05:31.485414907Z","'yukpo-backend",,"'europe-west1","'yukpo-project",,"'yukpo-backend-00209-hn8","'yukpo-backend",cloud_run_revision,,"'[2m2026-02-17T23:05:30.472881Z[0m [32m INFO[0m [2myukpomnang_backend::utils::db_retry[0m[2m:[0m [DB Retry] Tentative 2/3 échouée (erreur TLS récupérable): error communicating with database: No such file or directory (os error 2). Retry dans 5000ms","'2026-02-17T23:05:30.471224Z"
6994f4390008a5e78f957c5c,,,,,00da6cd2c464c089e5e44eb66e1fbba3dc8ba46f714374877f940abaf883233cab71c111864b8572af033b2ba7d4f4441974fea6d07e9f8d521e263de8856c9faea30f6070537835f8ce39c300f0b11b,"'projects/yukpo-project/logs/run.googleapis.com%2Fstdout",,"'2026-02-17T23:05:29.852136517Z","'yukpo-backend",,"'europe-west1","'yukpo-project",,"'yukpo-backend-00209-hn8","'yukpo-backend",cloud_run_revision,,"'[2m2026-02-17T23:05:29.568259Z[0m [32m INFO[0m [2myukpomnang_backend::utils::db_retry[0m[2m:[0m [DB Retry] Tentative 2/3 échouée (erreur TLS récupérable): error communicating with database: No such file or directory (os error 2). Retry dans 5000ms","'2026-02-17T23:05:29.566759Z"
6994f4390003fe2fdf141fdf,,,,,00da6cd2c464c089e5e44eb66e1fbba3dc8ba46f714374877f940abaf883233cab71c111864b8572af033b2ba7d4f4441974fea6d07e9f8d521e263de8856c9faea30f6070537835f8ce39c300f0b11b,"'projects/yukpo-project/logs/run.googleapis.com%2Fstdout",,"'2026-02-17T23:05:29.514163009Z","'yukpo-backend",,"'europe-west1","'yukpo-project",,"'yukpo-backend-00209-hn8","'yukpo-backend",cloud_run_revision,,"'[2m2026-02-17T23:05:29.263109Z[0m [31mERROR[0m [2myukpomnang_backend::services::social_distribution_service[0m[2m:[0m [SocialDistribution] Fetch jobs error: Database(""error communicating with database: No such file or directory (os error 2)"")","'2026-02-17T23:05:29.261679Z"
6994f4390003fe24caed80b8,,,,,00da6cd2c464c089e5e44eb66e1fbba3dc8ba46f714374877f940abaf883233cab71c111864b8572af033b2ba7d4f4441974fea6d07e9f8d521e263de8856c9faea30f6070537835f8ce39c300f0b11b,"'projects/yukpo-project/logs/run.googleapis.com%2Fstdout",,"'2026-02-17T23:05:29.514163009Z","'yukpo-backend",,"'europe-west1","'yukpo-project",,"'yukpo-backend-00209-hn8","'yukpo-backend",cloud_run_revision,,"'[2m2026-02-17T23:05:29.263073Z[0m [31mERROR[0m [2myukpomnang_backend::utils::db_retry[0m[2m:[0m [DB Retry] ❌ Toutes les 3 tentatives ont échoué. Dernière erreur: error communicating with database: No such file or directory (os error 2)","'2026-02-17T23:05:29.261668Z"
6994f439000105f2439973f4,,,,,00da6cd2c464c089e5e44eb66e1fbba3dc8ba46f714374877f940abaf883233cab71c111864b8572af033b2ba7d4f4441974fea6d07e9f8d521e263de8856c9faea30f6070537835f8ce39c300f0b11b,"'projects/yukpo-project/logs/run.googleapis.com%2Fstdout",,"'2026-02-17T23:05:29.180258166Z","'yukpo-backend",,"'europe-west1","'yukpo-project",,"'yukpo-backend-00209-hn8","'yukpo-backend",cloud_run_revision,,"'[2m2026-02-17T23:05:29.068397Z[0m [31mERROR[0m [2myukpomnang_backend::tasks::notification_queue_worker[0m[2m:[0m ❌ Erreur traitement batch notifications: Internal(""Redis connection failed: Connexion Redis échouée: failed to lookup address information: Name or service not known"")","'2026-02-17T23:05:29.067058Z"
6994f43700090d62f3010274,,,,,00da6cd2c464c089e5e44eb66e1fbba3dc8ba46f714374877f940abaf883233cab71c111864b8572af033b2ba7d4f4441974fea6d07e9f8d521e263de8856c9faea30f6070537835f8ce39c300f0b11b,"'projects/yukpo-project/logs/run.googleapis.com%2Fstdout",,"'2026-02-17T23:05:27.847636980Z","'yukpo-backend",,"'europe-west1","'yukpo-project",,"'yukpo-backend-00209-hn8","'yukpo-backend",cloud_run_revision,,"'[2m2026-02-17T23:05:27.594303Z[0m [31mERROR[0m [2myukpomnang_backend::tasks::notification_queue_worker[0m[2m:[0m ❌ Erreur traitement batch notifications: Internal(""Redis connection failed: Connexion Redis échouée: failed to lookup address information: Name or service not known"")","'2026-02-17T23:05:27.593250Z"
6994f43700072cad6be27ce1,,,,,00da6cd2c464c089e5e44eb66e1fbba3dc8ba46f714374877f940abaf883233cab71c111864b8572af033b2ba7d4f4441974fea6d07e9f8d521e263de8856c9faea30f6070537835f8ce39c300f0b11b,"'projects/yukpo-project/logs/run.googleapis.com%2Fstdout",,"'2026-02-17T23:05:27.514920813Z","'yukpo-backend",,"'europe-west1","'yukpo-project",,"'yukpo-backend-00209-hn8","'yukpo-backend",cloud_run_revision,,"'[2m2026-02-17T23:05:27.471281Z[0m [32m INFO[0m [2myukpomnang_backend::utils::db_retry[0m[2m:[0m [DB Retry] Tentative 1/3 échouée (erreur TLS récupérable): error communicating with database: No such file or directory (os error 2). Retry dans 3000ms","'2026-02-17T23:05:27.470189Z"
6994f43700072c88245f6a63,,,,,00da6cd2c464c089e5e44eb66e1fbba3dc8ba46f714374877f940abaf883233cab71c111864b8572af033b2ba7d4f4441974fea6d07e9f8d521e263de8856c9faea30f6070537835f8ce39c300f0b11b,"'projects/yukpo-project/logs/run.googleapis.com%2Fstdout",,"'2026-02-17T23:05:27.514920813Z","'yukpo-backend",,"'europe-west1","'yukpo-project",,"'yukpo-backend-00209-hn8","'yukpo-backend",cloud_run_revision,,"'[2m2026-02-17T23:05:27.471249Z[0m [32m INFO[0m [2myukpomnang_backend::utils::db_retry[0m[2m:[0m [DB Retry] Tentative 1/3 échouée (erreur TLS récupérable): error communicating with database: No such file or directory (os error 2). Retry dans 3000ms","'2026-02-17T23:05:27.470152Z"
6994f43700072c7f2202f074,,,,,00da6cd2c464c089e5e44eb66e1fbba3dc8ba46f714374877f940abaf883233cab71c111864b8572af033b2ba7d4f4441974fea6d07e9f8d521e263de8856c9faea30f6070537835f8ce39c300f0b11b,"'projects/yukpo-project/logs/run.googleapis.com%2Fstdout",,"'2026-02-17T23:05:27.514920813Z","'yukpo-backend",,"'europe-west1","'yukpo-project",,"'yukpo-backend-00209-hn8","'yukpo-backend",cloud_run_revision,,"'[2m2026-02-17T23:05:27.471192Z[0m [32m INFO[0m [2myukpomnang_backend::utils::db_retry[0m[2m:[0m [DB Retry] Tentative 1/3 échouée (erreur TLS récupérable): error communicating with database: No such file or directory (os error 2). Retry dans 3000ms","'2026-02-17T23:05:27.470143Z"
6994f43700041a4ebaf99f67,,,,,00da6cd2c464c089e5e44eb66e1fbba3dc8ba46f714374877f940abaf883233cab71c111864b8572af033b2ba7d4f4441974fea6d07e9f8d521e263de8856c9faea30f6070537835f8ce39c300f0b11b,"'projects/yukpo-project/logs/run.googleapis.com%2Fstdout",,"'2026-02-17T23:05:27.514920813Z","'yukpo-backend",,"'europe-west1","'yukpo-project",,"'yukpo-backend-00209-hn8","'yukpo-backend",cloud_run_revision,,"'[2m2026-02-17T23:05:27.269956Z[0m [31mERROR[0m [2myukpomnang_backend::utils::db_retry[0m[2m:[0m [DB Retry] ❌ Toutes les 3 tentatives ont échoué. Dernière erreur: error communicating with database: No such file or directory (os error 2)","'2026-02-17T23:05:27.268878Z"
6994f43700041a0e9bce75b4,,,,,00da6cd2c464c089e5e44eb66e1fbba3dc8ba46f714374877f940abaf883233cab71c111864b8572af033b2ba7d4f4441974fea6d07e9f8d521e263de8856c9faea30f6070537835f8ce39c300f0b11b,"'projects/yukpo-project/logs/run.googleapis.com%2Fstdout",,"'2026-02-17T23:05:27.514920813Z","'yukpo-backend",,"'europe-west1","'yukpo-project",,"'yukpo-backend-00209-hn8","'yukpo-backend",cloud_run_revision,,"'[2m2026-02-17T23:05:27.269887Z[0m [31mERROR[0m [2myukpomnang_backend::utils::db_retry[0m[2m:[0m [DB Retry] ❌ Toutes les 3 tentatives ont échoué. Dernière erreur: error communicating with database: No such file or directory (os error 2)","'2026-02-17T23:05:27.268814Z"
6994f437000419eba9b0a183,,,,,00da6cd2c464c089e5e44eb66e1fbba3dc8ba46f714374877f940abaf883233cab71c111864b8572af033b2ba7d4f4441974fea6d07e9f8d521e263de8856c9faea30f6070537835f8ce39c300f0b11b,"'projects/yukpo-project/logs/run.googleapis.com%2Fstdout",,"'2026-02-17T23:05:27.514920813Z","'yukpo-backend",,"'europe-west1","'yukpo-project",,"'yukpo-backend-00209-hn8","'yukpo-backend",cloud_run_revision,,"'[2m2026-02-17T23:05:27.269831Z[0m [31mERROR[0m [2myukpomnang_backend::utils::db_retry[0m[2m:[0m [DB Retry] ❌ Toutes les 3 tentatives ont échoué. Dernière erreur: error communicating with database: No such file or directory (os error 2)","'2026-02-17T23:05:27.268779Z"
6994f4360008ad08d8e5aa03,,,,,00da6cd2c464c089e5e44eb66e1fbba3dc8ba46f714374877f940abaf883233cab71c111864b8572af033b2ba7d4f4441974fea6d07e9f8d521e263de8856c9faea30f6070537835f8ce39c300f0b11b,"'projects/yukpo-project/logs/run.googleapis.com%2Fstdout",,"'2026-02-17T23:05:26.849932908Z","'yukpo-backend",,"'europe-west1","'yukpo-project",,"'yukpo-backend-00209-hn8","'yukpo-backend",cloud_run_revision,,"'[2m2026-02-17T23:05:26.569745Z[0m [32m INFO[0m [2myukpomnang_backend::services::gpu_service[0m[2m:[0m [GpuService] Scaling check - Utilisation: 0.0%, Instances: 0","'2026-02-17T23:05:26.568584Z"
6994f4360008acfe292bf5c6,,,,,00da6cd2c464c089e5e44eb66e1fbba3dc8ba46f714374877f940abaf883233cab71c111864b8572af033b2ba7d4f4441974fea6d07e9f8d521e263de8856c9faea30f6070537835f8ce39c300f0b11b,"'projects/yukpo-project/logs/run.googleapis.com%2Fstdout",,"'2026-02-17T23:05:26.849932908Z","'yukpo-backend",,"'europe-west1","'yukpo-project",,"'yukpo-backend-00209-hn8","'yukpo-backend",cloud_run_revision,,"'[2m2026-02-17T23:05:26.569722Z[0m [33m WARN[0m [2myukpomnang_backend::services::gpu_service[0m[2m:[0m [GpuService] Impossible de récupérer métriques GPU, utilisation par défaut","'2026-02-17T23:05:26.568574Z"
6994f4360008a19f068cec88,,,,,00da6cd2c464c089e5e44eb66e1fbba3dc8ba46f714374877f940abaf883233cab71c111864b8572af033b2ba7d4f4441974fea6d07e9f8d521e263de8856c9faea30f6070537835f8ce39c300f0b11b,"'projects/yukpo-project/logs/run.googleapis.com%2Fstdout",,"'2026-02-17T23:05:26.849932908Z","'yukpo-backend",,"'europe-west1","'yukpo-project",,"'yukpo-backend-00209-hn8","'yukpo-backend",cloud_run_revision,,"'[2m2026-02-17T23:05:26.566788Z[0m [32m INFO[0m [2myukpomnang_backend::utils::db_retry[0m[2m:[0m [DB Retry] Tentative 1/3 échouée (erreur TLS récupérable): error communicating with database: No such file or directory (os error 2). Retry dans 3000ms","'2026-02-17T23:05:26.565663Z"
6994f4360005a474968265b6,,,,,00da6cd2c464c089e5e44eb66e1fbba3dc8ba46f714374877f940abaf883233cab71c111864b8572af033b2ba7d4f4441974fea6d07e9f8d521e263de8856c9faea30f6070537835f8ce39c300f0b11b,"'projects/yukpo-project/logs/run.googleapis.com%2Fstdout",,"'2026-02-17T23:05:26.517345466Z","'yukpo-backend",,"'europe-west1","'yukpo-project",,"'yukpo-backend-00209-hn8","'yukpo-backend",cloud_run_revision,,"'[2m2026-02-17T23:05:26.370930Z[0m [31mERROR[0m [2myukpomnang_backend::tasks::notification_queue_worker[0m[2m:[0m ❌ Erreur traitement batch notifications: Internal(""Redis connection failed: Connexion Redis échouée: failed to lookup address information: Name or service not known"")","'2026-02-17T23:05:26.369780Z"
6994f434000ebc8a16fa48b2,,,,,00da6cd2c464c089e5e44eb66e1fbba3dc8ba46f714374877f940abaf883233cab71c111864b8572af033b2ba7d4f4441974fea6d07e9f8d521e263de8856c9faea30f6070537835f8ce39c300f0b11b,"'projects/yukpo-project/logs/run.googleapis.com%2Fstdout",,"'2026-02-17T23:05:25.182681136Z","'yukpo-backend",,"'europe-west1","'yukpo-project",,"'yukpo-backend-00209-hn8","'yukpo-backend",cloud_run_revision,,"'[2m2026-02-17T23:05:24.967117Z[0m [31mERROR[0m [2myukpomnang_backend::tasks::notification_queue_worker[0m[2m:[0m ❌ Erreur traitement batch notifications: Internal(""Redis connection failed: Connexion Redis échouée: failed to lookup address information: Name or service not known"")","'2026-02-17T23:05:24.965770Z"
6994f43400028284eb06f9c2,,,,,00da6cd2c464c089e5e44eb66e1fbba3dc8ba46f714374877f940abaf883233cab71c111864b8572af033b2ba7d4f4441974fea6d07e9f8d521e263de8856c9faea30f6070537835f8ce39c300f0b11b,"'projects/yukpo-project/logs/run.googleapis.com%2Fstdout",,"'2026-02-17T23:05:24.186253947Z","'yukpo-backend",,"'europe-west1","'yukpo-project",,"'yukpo-backend-00209-hn8","'yukpo-backend",cloud_run_revision,,"'[2m2026-02-17T23:05:23.865343Z[0m [32m INFO[0m [2myukpomnang_backend::utils::db_retry[0m[2m:[0m [DB Retry] Tentative 2/3 échouée (erreur TLS récupérable): error communicating with database: No such file or directory (os error 2). Retry dans 5000ms","'2026-02-17T23:05:24.164484Z"
6994f433000a250d276aadb1,,,,,00da6cd2c464c089e5e44eb66e1fbba3dc8ba46f714374877f940abaf883233cab71c111864b8572af033b2ba7d4f4441974fea6d07e9f8d521e263de8856c9faea30f6070537835f8ce39c300f0b11b,"'projects/yukpo-project/logs/run.googleapis.com%2Fstdout",,"'2026-02-17T23:05:23.851630956Z","'yukpo-backend",,"'europe-west1","'yukpo-project",,"'yukpo-backend-00209-hn8","'yukpo-backend",cloud_run_revision,,"'[2m2026-02-17T23:05:23.665786Z[0m [31mERROR[0m [2myukpomnang_backend::services::product_creation_queue[0m[2m:[0m [ProductCreationQueue] ❌ Erreur récupération jobs: ?? Internal error: Erreur récupération jobs: error communicating with database: No such file or directory (os error 2)","'2026-02-17T23:05:23.664845Z"
6994f433000746c95a100b48,,,,,00da6cd2c464c089e5e44eb66e1fbba3dc8ba46f714374877f940abaf883233cab71c111864b8572af033b2ba7d4f4441974fea6d07e9f8d521e263de8856c9faea30f6070537835f8ce39c300f0b11b,"'projects/yukpo-project/logs/run.googleapis.com%2Fstdout",,"'2026-02-17T23:05:23.518947868Z","'yukpo-backend",,"'europe-west1","'yukpo-project",,"'yukpo-backend-00209-hn8","'yukpo-backend",cloud_run_revision,,"'[2m2026-02-17T23:05:23.477830Z[0m [31mERROR[0m [2myukpomnang_backend::tasks::notification_queue_worker[0m[2m:[0m ❌ Erreur traitement batch notifications: Internal(""Redis connection failed: Connexion Redis échouée: failed to lookup address information: Name or service not known"")","'2026-02-17T23:05:23.476873Z"
6994f432000415f3d31d1c1c,,,,,00da6cd2c464c089e5e44eb66e1fbba3dc8ba46f714374877f940abaf883233cab71c111864b8572af033b2ba7d4f4441974fea6d07e9f8d521e263de8856c9faea30f6070537835f8ce39c300f0b11b,"'projects/yukpo-project/logs/run.googleapis.com%2Fstdout",,"'2026-02-17T23:05:22.519366115Z","'yukpo-backend",,"'europe-west1","'yukpo-project",,"'yukpo-backend-00209-hn8","'yukpo-backend",cloud_run_revision,,"'[2m2026-02-17T23:05:22.268924Z[0m [32m INFO[0m [2myukpomnang_backend::utils::db_retry[0m[2m:[0m [DB Retry] Tentative 2/3 échouée (erreur TLS récupérable): error communicating with database: No such file or directory (os error 2). Retry dans 5000ms","'2026-02-17T23:05:22.267763Z"
6994f432000415f06ac7fa3a,,,,,00da6cd2c464c089e5e44eb66e1fbba3dc8ba46f714374877f940abaf883233cab71c111864b8572af033b2ba7d4f4441974fea6d07e9f8d521e263de8856c9faea30f6070537835f8ce39c300f0b11b,"'projects/yukpo-project/logs/run.googleapis.com%2Fstdout",,"'2026-02-17T23:05:22.519366115Z","'yukpo-backend",,"'europe-west1","'yukpo-project",,"'yukpo-backend-00209-hn8","'yukpo-backend",cloud_run_revision,,"'[2m2026-02-17T23:05:22.268953Z[0m [32m INFO[0m [2myukpomnang_backend::utils::db_retry[0m[2m:[0m [DB Retry] Tentative 2/3 échouée (erreur TLS récupérable): error communicating with database: No such file or directory (os error 2). Retry dans 5000ms","'2026-02-17T23:05:22.267760Z"
6994f432000415e642a57b38,,,,,00da6cd2c464c089e5e44eb66e1fbba3dc8ba46f714374877f940abaf883233cab71c111864b8572af033b2ba7d4f4441974fea6d07e9f8d521e263de8856c9faea30f6070537835f8ce39c300f0b11b,"'projects/yukpo-project/logs/run.googleapis.com%2Fstdout",,"'2026-02-17T23:05:22.519366115Z","'yukpo-backend",,"'europe-west1","'yukpo-project",,"'yukpo-backend-00209-hn8","'yukpo-backend",cloud_run_revision,,"'[2m2026-02-17T23:05:22.268924Z[0m [32m INFO[0m [2myukpomnang_backend::utils::db_retry[0m[2m:[0m [DB Retry] Tentative 2/3 échouée (erreur TLS récupérable): error communicating with database: No such file or directory (os error 2). Retry dans 5000ms","'2026-02-17T23:05:22.267750Z"
6994f431000a2827a175789c,,,,,00da6cd2c464c089e5e44eb66e1fbba3dc8ba46f714374877f940abaf883233cab71c111864b8572af033b2ba7d4f4441974fea6d07e9f8d521e263de8856c9faea30f6070537835f8ce39c300f0b11b,"'projects/yukpo-project/logs/run.googleapis.com%2Fstdout",,"'2026-02-17T23:05:21.853824133Z","'yukpo-backend",,"'europe-west1","'yukpo-project",,"'yukpo-backend-00209-hn8","'yukpo-backend",cloud_run_revision,,"'[2m2026-02-17T23:05:21.666653Z[0m [31mERROR[0m [2myukpomnang_backend::tasks::notification_queue_worker[0m[2m:[0m ❌ Erreur traitement batch notifications: Internal(""Redis connection failed: Connexion Redis échouée: failed to lookup address information: Name or service not known"")","'2026-02-17T23:05:21.665639Z"
6994f430000baac69df8bb59,,,,,00da6cd2c464c089e5e44eb66e1fbba3dc8ba46f714374877f940abaf883233cab71c111864b8572af033b2ba7d4f4441974fea6d07e9f8d521e263de8856c9faea30f6070537835f8ce39c300f0b11b,"'projects/yukpo-project/logs/run.googleapis.com%2Fstdout",,"'2026-02-17T23:05:20.856337708Z","'yukpo-backend",,"'europe-west1","'yukpo-project",,"'yukpo-backend-00209-hn8","'yukpo-backend",cloud_run_revision,,"'[2m2026-02-17T23:05:20.765500Z[0m [32m INFO[0m [2myukpomnang_backend::utils::db_retry[0m[2m:[0m [DB Retry] Tentative 1/3 échouée (erreur TLS récupérable): error communicating with database: No such file or directory (os error 2). Retry dans 3000ms","'2026-02-17T23:05:20.764614Z"
6994f430000455b5dbe0fb80,,,,,00da6cd2c464c089e5e44eb66e1fbba3dc8ba46f714374877f940abaf883233cab71c111864b8572af033b2ba7d4f4441974fea6d07e9f8d521e263de8856c9faea30f6070537835f8ce39c300f0b11b,"'projects/yukpo-project/logs/run.googleapis.com%2Fstdout",,"'2026-02-17T23:05:20.520815550Z","'yukpo-backend",,"'europe-west1","'yukpo-project",,"'yukpo-backend-00209-hn8","'yukpo-backend",cloud_run_revision,,"'[2m2026-02-17T23:05:20.284974Z[0m [31mERROR[0m [2myukpomnang_backend::tasks::notification_queue_worker[0m[2m:[0m ❌ Erreur traitement batch notifications: Internal(""Redis connection failed: Connexion Redis échouée: failed to lookup address information: Name or service not known"")","'2026-02-17T23:05:20.284085Z"
6994f42f0004110b13751c42,,,,,00da6cd2c464c089e5e44eb66e1fbba3dc8ba46f714374877f940abaf883233cab71c111864b8572af033b2ba7d4f4441974fea6d07e9f8d521e263de8856c9faea30f6070537835f8ce39c300f0b11b,"'projects/yukpo-project/logs/run.googleapis.com%2Fstdout",,"'2026-02-17T23:05:19.522998353Z","'yukpo-backend",,"'europe-west1","'yukpo-project",,"'yukpo-backend-00209-hn8","'yukpo-backend",cloud_run_revision,,"'[2m2026-02-17T23:05:19.267383Z[0m [32m INFO[0m [2myukpomnang_backend::utils::db_retry[0m[2m:[0m [DB Retry] Tentative 1/3 échouée (erreur TLS récupérable): error communicating with database: No such file or directory (os error 2). Retry dans 3000ms","'2026-02-17T23:05:19.266507Z"
6994f42f000411018f9aae57,,,,,00da6cd2c464c089e5e44eb66e1fbba3dc8ba46f714374877f940abaf883233cab71c111864b8572af033b2ba7d4f4441974fea6d07e9f8d521e263de8856c9faea30f6070537835f8ce39c300f0b11b,"'projects/yukpo-project/logs/run.googleapis.com%2Fstdout",,"'2026-02-17T23:05:19.522998353Z","'yukpo-backend",,"'europe-west1","'yukpo-project",,"'yukpo-backend-00209-hn8","'yukpo-backend",cloud_run_revision,,"'[2m2026-02-17T23:05:19.267359Z[0m [32m INFO[0m [2myukpomnang_backend::utils::db_retry[0m[2m:[0m [DB Retry] Tentative 1/3 échouée (erreur TLS récupérable): error communicating with database: No such file or directory (os error 2). Retry dans 3000ms","'2026-02-17T23:05:19.266497Z"
6994f42f000410f6326eb9c9,,,,,00da6cd2c464c089e5e44eb66e1fbba3dc8ba46f714374877f940abaf883233cab71c111864b8572af033b2ba7d4f4441974fea6d07e9f8d521e263de8856c9faea30f6070537835f8ce39c300f0b11b,"'projects/yukpo-project/logs/run.googleapis.com%2Fstdout",,"'2026-02-17T23:05:19.522998353Z","'yukpo-backend",,"'europe-west1","'yukpo-project",,"'yukpo-backend-00209-hn8","'yukpo-backend",cloud_run_revision,,"'[2m2026-02-17T23:05:19.267335Z[0m [32m INFO[0m [2myukpomnang_backend::utils::db_retry[0m[2m:[0m [DB Retry] Tentative 1/3 échouée (erreur TLS récupérable): error communicating with database: No such file or directory (os error 2). Retry dans 3000ms","'2026-02-17T23:05:19.266486Z"
6994f42f000104994491c22c,,,,,00da6cd2c464c089e5e44eb66e1fbba3dc8ba46f714374877f940abaf883233cab71c111864b8572af033b2ba7d4f4441974fea6d07e9f8d521e263de8856c9faea30f6070537835f8ce39c300f0b11b,"'projects/yukpo-project/logs/run.googleapis.com%2Fstdout",,"'2026-02-17T23:05:19.189721796Z","'yukpo-backend",,"'europe-west1","'yukpo-project",,"'yukpo-backend-00209-hn8","'yukpo-backend",cloud_run_revision,,"'[2m2026-02-17T23:05:19.067657Z[0m [31mERROR[0m [2myukpomnang_backend::tasks::notification_queue_worker[0m[2m:[0m ❌ Erreur traitement batch notifications: Internal(""Redis connection failed: Connexion Redis échouée: failed to lookup address information: Name or service not known"")","'2026-02-17T23:05:19.066713Z"
6994f42d000a36c77b832cbf,,,,,00da6cd2c464c089e5e44eb66e1fbba3dc8ba46f714374877f940abaf883233cab71c111864b8572af033b2ba7d4f4441974fea6d07e9f8d521e263de8856c9faea30f6070537835f8ce39c300f0b11b,"'projects/yukpo-project/logs/run.googleapis.com%2Fstdout",,"'2026-02-17T23:05:17.856958879Z","'yukpo-backend",,"'europe-west1","'yukpo-project",,"'yukpo-backend-00209-hn8","'yukpo-backend",cloud_run_revision,,"'[2m2026-02-17T23:05:17.670891Z[0m [31mERROR[0m [2myukpomnang_backend::tasks::notification_queue_worker[0m[2m:[0m ❌ Erreur traitement batch notifications: Internal(""Redis connection failed: Connexion Redis échouée: failed to lookup address information: Name or service not known"")","'2026-02-17T23:05:17.669383Z"
6994f42c0005a8acc981325c,,,,,00da6cd2c464c089e5e44eb66e1fbba3dc8ba46f714374877f940abaf883233cab71c111864b8572af033b2ba7d4f4441974fea6d07e9f8d521e263de8856c9faea30f6070537835f8ce39c300f0b11b,"'projects/yukpo-project/logs/run.googleapis.com%2Fstdout",,"'2026-02-17T23:05:16.526610121Z","'yukpo-backend",,"'europe-west1","'yukpo-project",,"'yukpo-backend-00209-hn8","'yukpo-backend",cloud_run_revision,,"'[2m2026-02-17T23:05:16.372281Z[0m [31mERROR[0m [2myukpomnang_backend::tasks::notification_queue_worker[0m[2m:[0m ❌ Erreur traitement batch notifications: Internal(""Redis connection failed: Connexion Redis échouée: failed to lookup address information: Name or service not known"")","'2026-02-17T23:05:16.370860Z"
6994f42b000100ba7ebabff4,,,,,00da6cd2c464c089e5e44eb66e1fbba3dc8ba46f714374877f940abaf883233cab71c111864b8572af033b2ba7d4f4441974fea6d07e9f8d521e263de8856c9faea30f6070537835f8ce39c300f0b11b,"'projects/yukpo-project/logs/run.googleapis.com%2Fstdout",,"'2026-02-17T23:05:15.194564666Z","'yukpo-backend",,"'europe-west1","'yukpo-project",,"'yukpo-backend-00209-hn8","'yukpo-backend",cloud_run_revision,,"'[2m2026-02-17T23:05:15.066713Z[0m [31mERROR[0m [2myukpomnang_backend::tasks::notification_queue_worker[0m[2m:[0m ❌ Erreur traitement batch notifications: Internal(""Redis connection failed: Connexion Redis échouée: failed to lookup address information: Name or service not known"")","'2026-02-17T23:05:15.065722Z"
6994f429000bfa4c3d53169c,,,,,00da6cd2c464c089e5e44eb66e1fbba3dc8ba46f714374877f940abaf883233cab71c111864b8572af033b2ba7d4f4441974fea6d07e9f8d521e263de8856c9faea30f6070537835f8ce39c300f0b11b,"'projects/yukpo-project/logs/run.googleapis.com%2Fstdout",,"'2026-02-17T23:05:13.863573912Z","'yukpo-backend",,"'europe-west1","'yukpo-project",,"'yukpo-backend-00209-hn8","'yukpo-backend",cloud_run_revision,,"'[2m2026-02-17T23:05:13.786129Z[0m [31mERROR[0m [2myukpomnang_backend::tasks::notification_queue_worker[0m[2m:[0m ❌ Erreur traitement batch notifications: Internal(""Redis connection failed: Connexion Redis échouée: failed to lookup address information: Name or service not known"")","'2026-02-17T23:05:13.784972Z"
6994f4290008bf16eb7075a2,,,,,00da6cd2c464c089e5e44eb66e1fbba3dc8ba46f714374877f940abaf883233cab71c111864b8572af033b2ba7d4f4441974fea6d07e9f8d521e263de8856c9faea30f6070537835f8ce39c300f0b11b,"'projects/yukpo-project/logs/run.googleapis.com%2Fstdout",,"'2026-02-17T23:05:13.863573912Z","'yukpo-backend",,"'europe-west1","'yukpo-project",,"'yukpo-backend-00209-hn8","'yukpo-backend",cloud_run_revision,,"'[2m2026-02-17T23:05:13.574545Z[0m [31mERROR[0m [2myukpomnang_backend::services::product_creation_queue[0m[2m:[0m [ProductCreationQueue] ❌ Erreur récupération jobs: ?? Internal error: Erreur récupération jobs: error communicating with database: No such file or directory (os error 2)","'2026-02-17T23:05:13.573206Z"
6994f42800059c83f575f804,,,,,00da6cd2c464c089e5e44eb66e1fbba3dc8ba46f714374877f940abaf883233cab71c111864b8572af033b2ba7d4f4441974fea6d07e9f8d521e263de8856c9faea30f6070537835f8ce39c300f0b11b,"'projects/yukpo-project/logs/run.googleapis.com%2Fstdout",,"'2026-02-17T23:05:12.528858669Z","'yukpo-backend",,"'europe-west1","'yukpo-project",,"'yukpo-backend-00209-hn8","'yukpo-backend",cloud_run_revision,,"'[2m2026-02-17T23:05:12.369089Z[0m [31mERROR[0m [2myukpomnang_backend::tasks::notification_queue_worker[0m[2m:[0m ❌ Erreur traitement batch notifications: Internal(""Redis connection failed: Connexion Redis échouée: failed to lookup address information: Name or service not known"")","'2026-02-17T23:05:12.367747Z"
6994f427000214f31f99cdb3,,,,,00da6cd2c464c089e5e44eb66e1fbba3dc8ba46f714374877f940abaf883233cab71c111864b8572af033b2ba7d4f4441974fea6d07e9f8d521e263de8856c9faea30f6070537835f8ce39c300f0b11b,"'projects/yukpo-project/logs/run.googleapis.com%2Fstdout",,"'2026-02-17T23:05:11.199307182Z","'yukpo-backend",,"'europe-west1","'yukpo-project",,"'yukpo-backend-00209-hn8","'yukpo-backend",cloud_run_revision,,"'[2m2026-02-17T23:05:11.137370Z[0m [31mERROR[0m [2myukpomnang_backend::tasks::notification_queue_worker[0m[2m:[0m ❌ Erreur traitement batch notifications: Internal(""Redis connection failed: Connexion Redis échouée: failed to lookup address information: Name or service not known"")","'2026-02-17T23:05:11.136435Z"
6994f425000d3406fea75045,,,,,00da6cd2c464c089e5e44eb66e1fbba3dc8ba46f714374877f940abaf883233cab71c111864b8572af033b2ba7d4f4441974fea6d07e9f8d521e263de8856c9faea30f6070537835f8ce39c300f0b11b,"'projects/yukpo-project/logs/run.googleapis.com%2Fstdout",,"'2026-02-17T23:05:10.196088942Z","'yukpo-backend",,"'europe-west1","'yukpo-project",,"'yukpo-backend-00209-hn8","'yukpo-backend",cloud_run_revision,,"'[2m2026-02-17T23:05:09.866609Z[0m [31mERROR[0m [2myukpomnang_backend::tasks::notification_queue_worker[0m[2m:[0m ❌ Erreur traitement batch notifications: Internal(""Redis connection failed: Connexion Redis échouée: failed to lookup address information: Name or service not known"")","'2026-02-17T23:05:09.865286Z"
6994f424000bb2bcda0c8696,,,,,00da6cd2c464c089e5e44eb66e1fbba3dc8ba46f714374877f940abaf883233cab71c111864b8572af033b2ba7d4f4441974fea6d07e9f8d521e263de8856c9faea30f6070537835f8ce39c300f0b11b,"'projects/yukpo-project/logs/run.googleapis.com%2Fstdout",,"'2026-02-17T23:05:08.865552717Z","'yukpo-backend",,"'europe-west1","'yukpo-project",,"'yukpo-backend-00209-hn8","'yukpo-backend",cloud_run_revision,,"'[2m2026-02-17T23:05:08.767917Z[0m [31mERROR[0m [2myukpomnang_backend::services::live_flash_sale_service[0m[2m:[0m process_timers live flash sales failed: Database(""error communicating with database: No such file or directory (os error 2)"")","'2026-02-17T23:05:08.766652Z"
6994f424000bb2b6bb920c9a,,,,,00da6cd2c464c089e5e44eb66e1fbba3dc8ba46f714374877f940abaf883233cab71c111864b8572af033b2ba7d4f4441974fea6d07e9f8d521e263de8856c9faea30f6070537835f8ce39c300f0b11b,"'projects/yukpo-project/logs/run.googleapis.com%2Fstdout",,"'2026-02-17T23:05:08.865552717Z","'yukpo-backend",,"'europe-west1","'yukpo-project",,"'yukpo-backend-00209-hn8","'yukpo-backend",cloud_run_revision,,"'[2m2026-02-17T23:05:08.767888Z[0m [31mERROR[0m [2myukpomnang_backend::tasks::delivery_notification_repeat[0m[2m:[0m ❌ [DeliveryNotifications] Erreur lors de la répétition: Io(Os { code: 2, kind: NotFound, message: ""No such file or directory"" })","'2026-02-17T23:05:08.766646Z"
6994f4240008a7d5675e8376,,,,,00da6cd2c464c089e5e44eb66e1fbba3dc8ba46f714374877f940abaf883233cab71c111864b8572af033b2ba7d4f4441974fea6d07e9f8d521e263de8856c9faea30f6070537835f8ce39c300f0b11b,"'projects/yukpo-project/logs/run.googleapis.com%2Fstdout",,"'2026-02-17T23:05:08.865552717Z","'yukpo-backend",,"'europe-west1","'yukpo-project",,"'yukpo-backend-00209-hn8","'yukpo-backend",cloud_run_revision,,"'[2m2026-02-17T23:05:08.568396Z[0m [31mERROR[0m [2myukpomnang_backend::tasks::notification_queue_worker[0m[2m:[0m ❌ Erreur traitement batch notifications: Internal(""Redis connection failed: Connexion Redis échouée: failed to lookup address information: Name or service not known"")","'2026-02-17T23:05:08.567253Z"
6994f423000107139b96d1ce,,,,,00da6cd2c464c089e5e44eb66e1fbba3dc8ba46f714374877f940abaf883233cab71c111864b8572af033b2ba7d4f4441974fea6d07e9f8d521e263de8856c9faea30f6070537835f8ce39c300f0b11b,"'projects/yukpo-project/logs/run.googleapis.com%2Fstdout",,"'2026-02-17T23:05:07.201097798Z","'yukpo-backend",,"'europe-west1","'yukpo-project",,"'yukpo-backend-00209-hn8","'yukpo-backend",cloud_run_revision,,"'[2m2026-02-17T23:05:07.068347Z[0m [31mERROR[0m [2myukpomnang_backend::tasks::notification_queue_worker[0m[2m:[0m ❌ Erreur traitement batch notifications: Internal(""Redis connection failed: Connexion Redis échouée: failed to lookup address information: Name or service not known"")","'2026-02-17T23:05:07.067347Z"
6994f422000716f60cf4ac9d,,,,,00da6cd2c464c089e5e44eb66e1fbba3dc8ba46f714374877f940abaf883233cab71c111864b8572af033b2ba7d4f4441974fea6d07e9f8d521e263de8856c9faea30f6070537835f8ce39c300f0b11b,"'projects/yukpo-project/logs/run.googleapis.com%2Fstdout",,"'2026-02-17T23:05:06.535645241Z","'yukpo-backend",,"'europe-west1","'yukpo-project",,"'yukpo-backend-00209-hn8","'yukpo-backend",cloud_run_revision,,"'[2m2026-02-17T23:05:06.465695Z[0m [33m WARN[0m [2myukpomnang_backend::utils::db_monitor[0m[2m:[0m [DB Monitor] ⚠️ Pool unhealthy - Error: error communicating with database: No such file or directory (os error 2), Size: 0, Active: 0, Idle: 0","'2026-02-17T23:05:06.464630Z"
6994f421000a347b5cdfcc34,,,,,00da6cd2c464c089e5e44eb66e1fbba3dc8ba46f714374877f940abaf883233cab71c111864b8572af033b2ba7d4f4441974fea6d07e9f8d521e263de8856c9faea30f6070537835f8ce39c300f0b11b,"'projects/yukpo-project/logs/run.googleapis.com%2Fstdout",,"'2026-02-17T23:05:05.869066997Z","'yukpo-backend",,"'europe-west1","'yukpo-project",,"'yukpo-backend-00209-hn8","'yukpo-backend",cloud_run_revision,,"'[2m2026-02-17T23:05:05.669951Z[0m [31mERROR[0m [2myukpomnang_backend::tasks::notification_queue_worker[0m[2m:[0m ❌ Erreur traitement batch notifications: Internal(""Redis connection failed: Connexion Redis échouée: failed to lookup address information: Name or service not known"")","'2026-02-17T23:05:05.668795Z"
"'s=67945bb738ad4a2fab406482c550b6a5;i=820ed;b=bc0eac41248a4c87997dd5939075e6dc;m=34f6fe6b08;t=64b0d1a25f499;x=2b1a3e87e0b024f0-0@a1","'2-24deff79-2f6f-49c3-9eee-896d1e18cfbd",45,376093909298,66613735376565636264363463326266e3b0c442,,"'projects/yukpo-project/logs/cloudsql.googleapis.com%2Fpostgres.log",,"'2026-02-17T23:05:50.521777913Z",,"'yukpo-project:yukpo-postgres",,"'yukpo-project",europe,,,cloudsql_database,INFO,"'2026-02-17 23:05:05.616 UTC [157297]: [2-1] db=,user= LOG:  automatic analyze of table ""cloudsqladmin.public.heartbeat""
avg read rate: 0.000 MB/s, avg write rate: 1.562 MB/s
buffer usage: 175 hits, 0 misses, 1 dirtied
system usage: CPU: user: 0.00 s, system: 0.00 s, elapsed: 0.00 s","'2026-02-17T23:05:05.617049Z"
"'s=67945bb738ad4a2fab406482c550b6a5;i=820c6;b=bc0eac41248a4c87997dd5939075e6dc;m=34f57a2135;t=64b0d18a1aac5;x=20df8ae4b0bd15c-0@a2","'2-24deff79-2f6f-49c3-9eee-896d1e18cfbd",45,376093909298,66613735376565636264363463326266e3b0c442,,"'projects/yukpo-project/logs/cloudsql.googleapis.com%2Fpostgres.log",,"'2026-02-17T23:05:07.182357684Z",,"'yukpo-project:yukpo-postgres",,"'yukpo-project",europe,,,cloudsql_database,INFO,"'2026-02-17 23:05:05.611 UTC [157297]: [1-1] db=,user= LOG:  automatic vacuum of table ""cloudsqladmin.public.heartbeat"": index scans: 0
pages: 0 removed, 1 remain, 1 scanned (100.00% of total)
tuples: 60 removed, 1 remain, 0 are dead but not yet removable
removable cutoff: 49430, which was 0 XIDs old when operation ended
new relfrozenxid: 49429, which is 61 XIDs ahead of previous value
index scan not needed: 0 pages from table (0.00% of total) had 0 dead item identifiers removed
avg read rate: 0.000 MB/s, avg write rate: 16.984 MB/s
buffer usage: 41 hits, 0 misses, 1 dirtied
WAL usage: 1 records, 1 full page images, 5413 bytes
system usage: CPU: user: 0.00 s, system: 0.00 s, elapsed: 0.00 s","'2026-02-17T23:05:05.612708Z"
6994f420000592754b8e3217,,,,,00da6cd2c464c089e5e44eb66e1fbba3dc8ba46f714374877f940abaf883233cab71c111864b8572af033b2ba7d4f4441974fea6d07e9f8d521e263de8856c9faea30f6070537835f8ce39c300f0b11b,"'projects/yukpo-project/logs/run.googleapis.com%2Fstdout",,"'2026-02-17T23:05:04.539388054Z","'yukpo-backend",,"'europe-west1","'yukpo-project",,"'yukpo-backend-00209-hn8","'yukpo-backend",cloud_run_revision,,"'[2m2026-02-17T23:05:04.365956Z[0m [31mERROR[0m [2myukpomnang_backend::tasks::notification_queue_worker[0m[2m:[0m ❌ Erreur traitement batch notifications: Internal(""Redis connection failed: Connexion Redis échouée: failed to lookup address information: Name or service not known"")","'2026-02-17T23:05:04.365173Z"
6994f41f0008bc2029f7722e,,,,,00da6cd2c464c089e5e44eb66e1fbba3dc8ba46f714374877f940abaf883233cab71c111864b8572af033b2ba7d4f4441974fea6d07e9f8d521e263de8856c9faea30f6070537835f8ce39c300f0b11b,"'projects/yukpo-project/logs/run.googleapis.com%2Fstdout",,"'2026-02-17T23:05:03.872082802Z","'yukpo-backend",,"'europe-west1","'yukpo-project",,"'yukpo-backend-00209-hn8","'yukpo-backend",cloud_run_revision,,"'[2m2026-02-17T23:05:03.573352Z[0m [31mERROR[0m [2myukpomnang_backend::services::product_creation_queue[0m[2m:[0m [ProductCreationQueue] ❌ Erreur récupération jobs: ?? Internal error: Erreur récupération jobs: error communicating with database: No such file or directory (os error 2)","'2026-02-17T23:05:03.572448Z"
6994f41e000ed7e297d29034,,,,,00da6cd2c464c089e5e44eb66e1fbba3dc8ba46f714374877f940abaf883233cab71c111864b8572af033b2ba7d4f4441974fea6d07e9f8d521e263de8856c9faea30f6070537835f8ce39c300f0b11b,"'projects/yukpo-project/logs/run.googleapis.com%2Fstdout",,"'2026-02-17T23:05:03.204624451Z","'yukpo-backend",,"'europe-west1","'yukpo-project",,"'yukpo-backend-00209-hn8","'yukpo-backend",cloud_run_revision,,"'[2m2026-02-17T23:05:02.973738Z[0m [31mERROR[0m [2myukpomnang_backend::tasks::notification_queue_worker[0m[2m:[0m ❌ Erreur traitement batch notifications: Internal(""Redis connection failed: Connexion Redis échouée: failed to lookup address information: Name or service not known"")","'2026-02-17T23:05:02.972770Z"
6994f41d000bb349342b88b5,,,,,00da6cd2c464c089e5e44eb66e1fbba3dc8ba46f714374877f940abaf883233cab71c111864b8572af033b2ba7d4f4441974fea6d07e9f8d521e263de8856c9faea30f6070537835f8ce39c300f0b11b,"'projects/yukpo-project/logs/run.googleapis.com%2Fstdout",,"'2026-02-17T23:05:01.873687881Z","'yukpo-backend",,"'europe-west1","'yukpo-project",,"'yukpo-backend-00209-hn8","'yukpo-backend",cloud_run_revision,,"'[2m2026-02-17T23:05:01.767866Z[0m [31mERROR[0m [2myukpomnang_backend::tasks::notification_queue_worker[0m[2m:[0m ❌ Erreur traitement batch notifications: Internal(""Redis connection failed: Connexion Redis échouée: failed to lookup address information: Name or service not known"")","'2026-02-17T23:05:01.766793Z"
6994f41c0004def6fdfef48b,,,,,00da6cd2c464c089e5e44eb66e1fbba3dc8ba46f714374877f940abaf883233cab71c111864b8572af033b2ba7d4f4441974fea6d07e9f8d521e263de8856c9faea30f6070537835f8ce39c300f0b11b,"'projects/yukpo-project/logs/run.googleapis.com%2Fstdout",,"'2026-02-17T23:05:00.546842777Z","'yukpo-backend",,"'europe-west1","'yukpo-project",,"'yukpo-backend-00209-hn8","'yukpo-backend",cloud_run_revision,,"'[2m2026-02-17T23:05:00.320807Z[0m [31mERROR[0m [2myukpomnang_backend::tasks::notification_queue_worker[0m[2m:[0m ❌ Erreur traitement batch notifications: Internal(""Redis connection failed: Connexion Redis échouée: failed to lookup address information: Name or service not known"")","'2026-02-17T23:05:00.319222Z"
6994f41b00015f06f0f8f68c,,,,,00da6cd2c464c089e5e44eb66e1fbba3dc8ba46f714374877f940abaf883233cab71c111864b8572af033b2ba7d4f4441974fea6d07e9f8d521e263de8856c9faea30f6070537835f8ce39c300f0b11b,"'projects/yukpo-project/logs/run.googleapis.com%2Fstdout",,"'2026-02-17T23:04:59.210468188Z","'yukpo-backend",,"'europe-west1","'yukpo-project",,"'yukpo-backend-00209-hn8","'yukpo-backend",cloud_run_revision,,"'[2m2026-02-17T23:04:59.090827Z[0m [31mERROR[0m [2myukpomnang_backend::tasks::notification_queue_worker[0m[2m:[0m ❌ Erreur traitement batch notifications: Internal(""Redis connection failed: Connexion Redis échouée: failed to lookup address information: Name or service not known"")","'2026-02-17T23:04:59.089862Z"
6994f419000d7334772d3239,,,,,00da6cd2c464c089e5e44eb66e1fbba3dc8ba46f714374877f940abaf883233cab71c111864b8572af033b2ba7d4f4441974fea6d07e9f8d521e263de8856c9faea30f6070537835f8ce39c300f0b11b,"'projects/yukpo-project/logs/run.googleapis.com%2Fstdout",,"'2026-02-17T23:04:58.211269100Z","'yukpo-backend",,"'europe-west1","'yukpo-project",,"'yukpo-backend-00209-hn8","'yukpo-backend",cloud_run_revision,,"'[2m2026-02-17T23:04:57.882594Z[0m [31mERROR[0m [2myukpomnang_backend::tasks::notification_queue_worker[0m[2m:[0m ❌ Erreur traitement batch notifications: Internal(""Redis connection failed: Connexion Redis échouée: failed to lookup address information: Name or service not known"")","'2026-02-17T23:04:57.881460Z"
6994f418000a4940ef45a86e,,,,,00da6cd2c464c089e5e44eb66e1fbba3dc8ba46f714374877f940abaf883233cab71c111864b8572af033b2ba7d4f4441974fea6d07e9f8d521e263de8856c9faea30f6070537835f8ce39c300f0b11b,"'projects/yukpo-project/logs/run.googleapis.com%2Fstdout",,"'2026-02-17T23:04:56.878149237Z","'yukpo-backend",,"'europe-west1","'yukpo-project",,"'yukpo-backend-00209-hn8","'yukpo-backend",cloud_run_revision,,"'[2m2026-02-17T23:04:56.675480Z[0m [31mERROR[0m [2myukpomnang_backend::tasks::notification_queue_worker[0m[2m:[0m ❌ Erreur traitement batch notifications: Internal(""Redis connection failed: Connexion Redis échouée: failed to lookup address information: Name or service not known"")","'2026-02-17T23:04:56.674112Z"
6994f41700040d8483f0e37f,,,,,00da6cd2c464c089e5e44eb66e1fbba3dc8ba46f714374877f940abaf883233cab71c111864b8572af033b2ba7d4f4441974fea6d07e9f8d521e263de8856c9faea30f6070537835f8ce39c300f0b11b,"'projects/yukpo-project/logs/run.googleapis.com%2Fstdout",,"'2026-02-17T23:04:55.547290483Z","'yukpo-backend",,"'europe-west1","'yukpo-project",,"'yukpo-backend-00209-hn8","'yukpo-backend",cloud_run_revision,,"'[2m2026-02-17T23:04:55.267223Z[0m [31mERROR[0m [2myukpomnang_backend::tasks::notification_queue_worker[0m[2m:[0m ❌ Erreur traitement batch notifications: Internal(""Redis connection failed: Connexion Redis échouée: failed to lookup address information: Name or service not known"")","'2026-02-17T23:04:55.265604Z"
6994f415000ec5fbcc3ec602,,,,,00da6cd2c464c089e5e44eb66e1fbba3dc8ba46f714374877f940abaf883233cab71c111864b8572af033b2ba7d4f4441974fea6d07e9f8d521e263de8856c9faea30f6070537835f8ce39c300f0b11b,"'projects/yukpo-project/logs/run.googleapis.com%2Fstdout",,"'2026-02-17T23:04:54.215016851Z","'yukpo-backend",,"'europe-west1","'yukpo-project",,"'yukpo-backend-00209-hn8","'yukpo-backend",cloud_run_revision,,"'[2m2026-02-17T23:04:53.969455Z[0m [31mERROR[0m [2myukpomnang_backend::tasks::notification_queue_worker[0m[2m:[0m ❌ Erreur traitement batch notifications: Internal(""Redis connection failed: Connexion Redis échouée: failed to lookup address information: Name or service not known"")","'2026-02-17T23:04:53.968187Z"
6994f4150008b3cb223842a2,,,,,00da6cd2c464c089e5e44eb66e1fbba3dc8ba46f714374877f940abaf883233cab71c111864b8572af033b2ba7d4f4441974fea6d07e9f8d521e263de8856c9faea30f6070537835f8ce39c300f0b11b,"'projects/yukpo-project/logs/run.googleapis.com%2Fstdout",,"'2026-02-17T23:04:53.882643397Z","'yukpo-backend",,"'europe-west1","'yukpo-project",,"'yukpo-backend-00209-hn8","'yukpo-backend",cloud_run_revision,,"'[2m2026-02-17T23:04:53.571371Z[0m [31mERROR[0m [2myukpomnang_backend::services::product_creation_queue[0m[2m:[0m [ProductCreationQueue] ❌ Erreur récupération jobs: ?? Internal error: Erreur récupération jobs: error communicating with database: No such file or directory (os error 2)","'2026-02-17T23:04:53.570315Z"
6994f414000a2ebf5b2e928e,,,,,00da6cd2c464c089e5e44eb66e1fbba3dc8ba46f714374877f940abaf883233cab71c111864b8572af033b2ba7d4f4441974fea6d07e9f8d521e263de8856c9faea30f6070537835f8ce39c300f0b11b,"'projects/yukpo-project/logs/run.googleapis.com%2Fstdout",,"'2026-02-17T23:04:52.881401887Z","'yukpo-backend",,"'europe-west1","'yukpo-project",,"'yukpo-backend-00209-hn8","'yukpo-backend",cloud_run_revision,,"'[2m2026-02-17T23:04:52.668483Z[0m [31mERROR[0m [2myukpomnang_backend::tasks::notification_queue_worker[0m[2m:[0m ❌ Erreur traitement batch notifications: Internal(""Redis connection failed: Connexion Redis échouée: failed to lookup address information: Name or service not known"")","'2026-02-17T23:04:52.667327Z"
6994f413000412c05c978422,,,,,00da6cd2c464c089e5e44eb66e1fbba3dc8ba46f714374877f940abaf883233cab71c111864b8572af033b2ba7d4f4441974fea6d07e9f8d521e263de8856c9faea30f6070537835f8ce39c300f0b11b,"'projects/yukpo-project/logs/run.googleapis.com%2Fstdout",,"'2026-02-17T23:04:51.549239480Z","'yukpo-backend",,"'europe-west1","'yukpo-project",,"'yukpo-backend-00209-hn8","'yukpo-backend",cloud_run_revision,,"'[2m2026-02-17T23:04:51.267751Z[0m [31mERROR[0m [2myukpomnang_backend::tasks::notification_queue_worker[0m[2m:[0m ❌ Erreur traitement batch notifications: Internal(""Redis connection failed: Connexion Redis échouée: failed to lookup address information: Name or service not known"")","'2026-02-17T23:04:51.266944Z"
6994f411000d41533c7c44b8,,,,,00da6cd2c464c089e5e44eb66e1fbba3dc8ba46f714374877f940abaf883233cab71c111864b8572af033b2ba7d4f4441974fea6d07e9f8d521e263de8856c9faea30f6070537835f8ce39c300f0b11b,"'projects/yukpo-project/logs/run.googleapis.com%2Fstdout",,"'2026-02-17T23:04:49.884586875Z","'yukpo-backend",,"'europe-west1","'yukpo-project",,"'yukpo-backend-00209-hn8","'yukpo-backend",cloud_run_revision,,"'[2m2026-02-17T23:04:49.870186Z[0m [31mERROR[0m [2myukpomnang_backend::tasks::notification_queue_worker[0m[2m:[0m ❌ Erreur traitement batch notifications: Internal(""Redis connection failed: Connexion Redis échouée: failed to lookup address information: Name or service not known"")","'2026-02-17T23:04:49.868691Z"
6994f41000089e844659aa8c,,,,,00da6cd2c464c089e5e44eb66e1fbba3dc8ba46f714374877f940abaf883233cab71c111864b8572af033b2ba7d4f4441974fea6d07e9f8d521e263de8856c9faea30f6070537835f8ce39c300f0b11b,"'projects/yukpo-project/logs/run.googleapis.com%2Fstdout",,"'2026-02-17T23:04:48.886267858Z","'yukpo-backend",,"'europe-west1","'yukpo-project",,"'yukpo-backend-00209-hn8","'yukpo-backend",cloud_run_revision,,"'[2m2026-02-17T23:04:48.467137Z[0m [31mERROR[0m [2myukpomnang_backend::tasks::notification_queue_worker[0m[2m:[0m ❌ Erreur traitement batch notifications: Internal(""Redis connection failed: Connexion Redis échouée: failed to lookup address information: Name or service not known"")","'2026-02-17T23:04:48.564868Z"
6994f40f0002b3cfec206ba8,,,,,00da6cd2c464c089e5e44eb66e1fbba3dc8ba46f714374877f940abaf883233cab71c111864b8572af033b2ba7d4f4441974fea6d07e9f8d521e263de8856c9faea30f6070537835f8ce39c300f0b11b,"'projects/yukpo-project/logs/run.googleapis.com%2Fstdout",,"'2026-02-17T23:04:47.221251967Z","'yukpo-backend",,"'europe-west1","'yukpo-project",,"'yukpo-backend-00209-hn8","'yukpo-backend",cloud_run_revision,,"'[2m2026-02-17T23:04:47.178442Z[0m [31mERROR[0m [2myukpomnang_backend::tasks::notification_queue_worker[0m[2m:[0m ❌ Erreur traitement batch notifications: Internal(""Redis connection failed: Connexion Redis échouée: failed to lookup address information: Name or service not known"")","'2026-02-17T23:04:47.177103Z"
6994f40d000ec48312aee364,,,,,00da6cd2c464c089e5e44eb66e1fbba3dc8ba46f714374877f940abaf883233cab71c111864b8572af033b2ba7d4f4441974fea6d07e9f8d521e263de8856c9faea30f6070537835f8ce39c300f0b11b,"'projects/yukpo-project/logs/run.googleapis.com%2Fstdout",,"'2026-02-17T23:04:46.223519945Z","'yukpo-backend",,"'europe-west1","'yukpo-project",,"'yukpo-backend-00209-hn8","'yukpo-backend",cloud_run_revision,,"'[2m2026-02-17T23:04:45.969377Z[0m [31mERROR[0m [2myukpomnang_backend::tasks::notification_queue_worker[0m[2m:[0m ❌ Erreur traitement batch notifications: Internal(""Redis connection failed: Connexion Redis échouée: failed to lookup address information: Name or service not known"")","'2026-02-17T23:04:45.967811Z"
6994f40c00040a0854cba4dd,,,,,00da6cd2c464c089e5e44eb66e1fbba3dc8ba46f714374877f940abaf883233cab71c111864b8572af033b2ba7d4f4441974fea6d07e9f8d521e263de8856c9faea30f6070537835f8ce39c300f0b11b,"'projects/yukpo-project/logs/run.googleapis.com%2Fstdout",,"'2026-02-17T23:04:44.556384028Z","'yukpo-backend",,"'europe-west1","'yukpo-project",,"'yukpo-backend-00209-hn8","'yukpo-backend",cloud_run_revision,,"'[2m2026-02-17T23:04:44.266055Z[0m [31mERROR[0m [2myukpomnang_backend::tasks::notification_queue_worker[0m[2m:[0m ❌ Erreur traitement batch notifications: Internal(""Redis connection failed: Connexion Redis échouée: failed to lookup address information: Name or service not known"")","'2026-02-17T23:04:44.264712Z"
6994f40c000283f877459787,,,,,00da6cd2c464c089e5e44eb66e1fbba3dc8ba46f714374877f940abaf883233cab71c111864b8572af033b2ba7d4f4441974fea6d07e9f8d521e263de8856c9faea30f6070537835f8ce39c300f0b11b,"'projects/yukpo-project/logs/run.googleapis.com%2Fstdout",,"'2026-02-17T23:04:44.225986622Z","'yukpo-backend",,"'europe-west1","'yukpo-project",,"'yukpo-backend-00209-hn8","'yukpo-backend",cloud_run_revision,,"'[2m2026-02-17T23:04:44.166243Z[0m [33m WARN[0m [2myukpomnang_backend::tasks::delivery_matching_worker[0m[2m:[0m [DeliveryMatchingWorker] Itération échouée: ?? Internal error: 3 workers ont échoué. Nouvelle tentative programmée.","'2026-02-17T23:04:44.164856Z"
6994f40c000283db27e3ca0c,,,,,00da6cd2c464c089e5e44eb66e1fbba3dc8ba46f714374877f940abaf883233cab71c111864b8572af033b2ba7d4f4441974fea6d07e9f8d521e263de8856c9faea30f6070537835f8ce39c300f0b11b,"'projects/yukpo-project/logs/run.googleapis.com%2Fstdout",,"'2026-02-17T23:04:44.225986622Z","'yukpo-backend",,"'europe-west1","'yukpo-project",,"'yukpo-backend-00209-hn8","'yukpo-backend",cloud_run_revision,,"'[2m2026-02-17T23:04:44.166153Z[0m [31mERROR[0m [2myukpomnang_backend::tasks::delivery_matching_worker[0m[2m:[0m [DeliveryMatchingWorker] Worker 2: Erreur après retries: ?? Database error: error communicating with database: No such file or directory (os error 2)","'2026-02-17T23:04:44.164827Z"
6994f40c000283983a10db11,,,,,00da6cd2c464c089e5e44eb66e1fbba3dc8ba46f714374877f940abaf883233cab71c111864b8572af033b2ba7d4f4441974fea6d07e9f8d521e263de8856c9faea30f6070537835f8ce39c300f0b11b,"'projects/yukpo-project/logs/run.googleapis.com%2Fstdout",,"'2026-02-17T23:04:44.225986622Z","'yukpo-backend",,"'europe-west1","'yukpo-project",,"'yukpo-backend-00209-hn8","'yukpo-backend",cloud_run_revision,,"'[2m2026-02-17T23:04:44.166099Z[0m [31mERROR[0m [2myukpomnang_backend::tasks::delivery_matching_worker[0m[2m:[0m [DeliveryMatchingWorker] Worker 0: Erreur après retries: ?? Database error: error communicating with database: No such file or directory (os error 2)","'2026-02-17T23:04:44.164760Z"
6994f40c000283939225ab0c,,,,,00da6cd2c464c089e5e44eb66e1fbba3dc8ba46f714374877f940abaf883233cab71c111864b8572af033b2ba7d4f4441974fea6d07e9f8d521e263de8856c9faea30f6070537835f8ce39c300f0b11b,"'projects/yukpo-project/logs/run.googleapis.com%2Fstdout",,"'2026-02-17T23:04:44.225986622Z","'yukpo-backend",,"'europe-west1","'yukpo-project",,"'yukpo-backend-00209-hn8","'yukpo-backend",cloud_run_revision,,"'[2m2026-02-17T23:04:44.166134Z[0m [31mERROR[0m [2myukpomnang_backend::utils::db_retry[0m[2m:[0m [Service Retry] ❌ Toutes les 3 tentatives ont échoué. Dernière erreur: ?? Database error: error communicating with database: No such file or directory (os error 2)","'2026-02-17T23:04:44.164755Z"
6994f40c000283617d383da1,,,,,00da6cd2c464c089e5e44eb66e1fbba3dc8ba46f714374877f940abaf883233cab71c111864b8572af033b2ba7d4f4441974fea6d07e9f8d521e263de8856c9faea30f6070537835f8ce39c300f0b11b,"'projects/yukpo-project/logs/run.googleapis.com%2Fstdout",,"'2026-02-17T23:04:44.225986622Z","'yukpo-backend",,"'europe-west1","'yukpo-project",,"'yukpo-backend-00209-hn8","'yukpo-backend",cloud_run_revision,,"'[2m2026-02-17T23:04:44.166079Z[0m [31mERROR[0m [2myukpomnang_backend::utils::db_retry[0m[2m:[0m [DB Retry] ❌ Toutes les 3 tentatives ont échoué. Dernière erreur: error communicating with database: No such file or directory (os error 2)","'2026-02-17T23:04:44.164705Z"
6994f40c0002835ee6f68e72,,,,,00da6cd2c464c089e5e44eb66e1fbba3dc8ba46f714374877f940abaf883233cab71c111864b8572af033b2ba7d4f4441974fea6d07e9f8d521e263de8856c9faea30f6070537835f8ce39c300f0b11b,"'projects/yukpo-project/logs/run.googleapis.com%2Fstdout",,"'2026-02-17T23:04:44.225986622Z","'yukpo-backend",,"'europe-west1","'yukpo-project",,"'yukpo-backend-00209-hn8","'yukpo-backend",cloud_run_revision,,"'[2m2026-02-17T23:04:44.166083Z[0m [31mERROR[0m [2myukpomnang_backend::utils::db_retry[0m[2m:[0m [Service Retry] ❌ Toutes les 3 tentatives ont échoué. Dernière erreur: ?? Database error: error communicating with database: No such file or directory (os error 2)","'2026-02-17T23:04:44.164702Z"
6994f40c00028354791b21ca,,,,,00da6cd2c464c089e5e44eb66e1fbba3dc8ba46f714374877f940abaf883233cab71c111864b8572af033b2ba7d4f4441974fea6d07e9f8d521e263de8856c9faea30f6070537835f8ce39c300f0b11b,"'projects/yukpo-project/logs/run.googleapis.com%2Fstdout",,"'2026-02-17T23:04:44.225986622Z","'yukpo-backend",,"'europe-west1","'yukpo-project",,"'yukpo-backend-00209-hn8","'yukpo-backend",cloud_run_revision,,"'[2m2026-02-17T23:04:44.166040Z[0m [31mERROR[0m [2myukpomnang_backend::utils::db_retry[0m[2m:[0m [DB Retry] ❌ Toutes les 3 tentatives ont échoué. Dernière erreur: error communicating with database: No such file or directory (os error 2)","'2026-02-17T23:04:44.164692Z"
6994f40b000eceaaa6792270,,,,,00da6cd2c464c089e5e44eb66e1fbba3dc8ba46f714374877f940abaf883233cab71c111864b8572af033b2ba7d4f4441974fea6d07e9f8d521e263de8856c9faea30f6070537835f8ce39c300f0b11b,"'projects/yukpo-project/logs/run.googleapis.com%2Fstdout",,"'2026-02-17T23:04:44.225986622Z","'yukpo-backend",,"'europe-west1","'yukpo-project",,"'yukpo-backend-00209-hn8","'yukpo-backend",cloud_run_revision,,"'[2m2026-02-17T23:04:43.971640Z[0m [31mERROR[0m [2myukpomnang_backend::tasks::delivery_matching_worker[0m[2m:[0m [DeliveryMatchingWorker] Worker 1: Erreur après retries: ?? Database error: error communicating with database: No such file or directory (os error 2)","'2026-02-17T23:04:43.970410Z"
6994f40b000ecea6017a921f,,,,,00da6cd2c464c089e5e44eb66e1fbba3dc8ba46f714374877f940abaf883233cab71c111864b8572af033b2ba7d4f4441974fea6d07e9f8d521e263de8856c9faea30f6070537835f8ce39c300f0b11b,"'projects/yukpo-project/logs/run.googleapis.com%2Fstdout",,"'2026-02-17T23:04:44.225986622Z","'yukpo-backend",,"'europe-west1","'yukpo-project",,"'yukpo-backend-00209-hn8","'yukpo-backend",cloud_run_revision,,"'[2m2026-02-17T23:04:43.971625Z[0m [31mERROR[0m [2myukpomnang_backend::utils::db_retry[0m[2m:[0m [Service Retry] ❌ Toutes les 3 tentatives ont échoué. Dernière erreur: ?? Database error: error communicating with database: No such file or directory (os error 2)","'2026-02-17T23:04:43.970406Z"
6994f40b000ece9c0cbfffda,,,,,00da6cd2c464c089e5e44eb66e1fbba3dc8ba46f714374877f940abaf883233cab71c111864b8572af033b2ba7d4f4441974fea6d07e9f8d521e263de8856c9faea30f6070537835f8ce39c300f0b11b,"'projects/yukpo-project/logs/run.googleapis.com%2Fstdout",,"'2026-02-17T23:04:44.225986622Z","'yukpo-backend",,"'europe-west1","'yukpo-project",,"'yukpo-backend-00209-hn8","'yukpo-backend",cloud_run_revision,,"'[2m2026-02-17T23:04:43.971582Z[0m [31mERROR[0m [2myukpomnang_backend::utils::db_retry[0m[2m:[0m [DB Retry] ❌ Toutes les 3 tentatives ont échoué. Dernière erreur: error communicating with database: No such file or directory (os error 2)","'2026-02-17T23:04:43.970396Z"
6994f40b0008ab6688e979b1,,,,,00da6cd2c464c089e5e44eb66e1fbba3dc8ba46f714374877f940abaf883233cab71c111864b8572af033b2ba7d4f4441974fea6d07e9f8d521e263de8856c9faea30f6070537835f8ce39c300f0b11b,"'projects/yukpo-project/logs/run.googleapis.com%2Fstdout",,"'2026-02-17T23:04:43.890521706Z","'yukpo-backend",,"'europe-west1","'yukpo-project",,"'yukpo-backend-00209-hn8","'yukpo-backend",cloud_run_revision,,"'[2m2026-02-17T23:04:43.569547Z[0m [31mERROR[0m [2myukpomnang_backend::services::product_creation_queue[0m[2m:[0m [ProductCreationQueue] ❌ Erreur récupération jobs: ?? Internal error: Erreur récupération jobs: error communicating with database: No such file or directory (os error 2)","'2026-02-17T23:04:43.568166Z"
6994f40a000ebcab39cdbcf0,,,,,00da6cd2c464c089e5e44eb66e1fbba3dc8ba46f714374877f940abaf883233cab71c111864b8572af033b2ba7d4f4441974fea6d07e9f8d521e263de8856c9faea30f6070537835f8ce39c300f0b11b,"'projects/yukpo-project/logs/run.googleapis.com%2Fstdout",,"'2026-02-17T23:04:43.222944697Z","'yukpo-backend",,"'europe-west1","'yukpo-project",,"'yukpo-backend-00209-hn8","'yukpo-backend",cloud_run_revision,,"'[2m2026-02-17T23:04:42.967086Z[0m [31mERROR[0m [2myukpomnang_backend::tasks::notification_queue_worker[0m[2m:[0m ❌ Erreur traitement batch notifications: Internal(""Redis connection failed: Connexion Redis échouée: failed to lookup address information: Name or service not known"")","'2026-02-17T23:04:42.965803Z"
6994f4090008cc6df4be7892,,,,,00da6cd2c464c089e5e44eb66e1fbba3dc8ba46f714374877f940abaf883233cab71c111864b8572af033b2ba7d4f4441974fea6d07e9f8d521e263de8856c9faea30f6070537835f8ce39c300f0b11b,"'projects/yukpo-project/logs/run.googleapis.com%2Fstdout",,"'2026-02-17T23:04:41.892544461Z","'yukpo-backend",,"'europe-west1","'yukpo-project",,"'yukpo-backend-00209-hn8","'yukpo-backend",cloud_run_revision,,"'[2m2026-02-17T23:04:41.577658Z[0m [31mERROR[0m [2myukpomnang_backend::tasks::notification_queue_worker[0m[2m:[0m ❌ Erreur traitement batch notifications: Internal(""Redis connection failed: Connexion Redis échouée: failed to lookup address information: Name or service not known"")","'2026-02-17T23:04:41.576621Z"
6994f408000415a22a7dd115,,,,,00da6cd2c464c089e5e44eb66e1fbba3dc8ba46f714374877f940abaf883233cab71c111864b8572af033b2ba7d4f4441974fea6d07e9f8d521e263de8856c9faea30f6070537835f8ce39c300f0b11b,"'projects/yukpo-project/logs/run.googleapis.com%2Fstdout",,"'2026-02-17T23:04:40.559896402Z","'yukpo-backend",,"'europe-west1","'yukpo-project",,"'yukpo-backend-00209-hn8","'yukpo-backend",cloud_run_revision,,"'[2m2026-02-17T23:04:40.268562Z[0m [31mERROR[0m [2myukpomnang_backend::tasks::notification_queue_worker[0m[2m:[0m ❌ Erreur traitement batch notifications: Internal(""Redis connection failed: Connexion Redis échouée: failed to lookup address information: Name or service not known"")","'2026-02-17T23:04:40.267682Z"
"'s=67945bb738ad4a2fab406482c550b6a5;i=820c6;b=bc0eac41248a4c87997dd5939075e6dc;m=34f57a2135;t=64b0d18a1aac5;x=20df8ae4b0bd15c-0@a1","'2-24deff79-2f6f-49c3-9eee-896d1e18cfbd",45,376093909298,66613735376565636264363463326266e3b0c442,,"'projects/yukpo-project/logs/cloudsql.googleapis.com%2Fpostgres.log",,"'2026-02-17T23:05:07.182357684Z",,"'yukpo-project:yukpo-postgres",,"'yukpo-project",europe,,,cloudsql_database,INFO,"'2026-02-17 23:04:40.169 UTC [31]: [1512-1] db=,user= LOG:  checkpoint complete: wrote 3 buffers (0.0%); 0 WAL file(s) added, 0 removed, 0 recycled; write=0.203 s, sync=0.004 s, total=0.215 s; sync files=3, longest=0.003 s, average=0.002 s; distance=11 kB, estimate=15 kB","'2026-02-17T23:04:40.170181Z"
"'s=67945bb738ad4a2fab406482c550b6a5;i=820c5;b=bc0eac41248a4c87997dd5939075e6dc;m=34f576db5c;t=64b0d189e64ec;x=f0c50215b8a641a5-0@a1","'2-24deff79-2f6f-49c3-9eee-896d1e18cfbd",45,376093909298,66613735376565636264363463326266e3b0c442,,"'projects/yukpo-project/logs/cloudsql.googleapis.com%2Fpostgres.log",,"'2026-02-17T23:05:05.363435149Z",,"'yukpo-project:yukpo-postgres",,"'yukpo-project",europe,,,cloudsql_database,INFO,"'2026-02-17 23:04:39.955 UTC [31]: [1511-1] db=,user= LOG:  checkpoint starting: time","'2026-02-17T23:04:39.955692Z"
6994f4070001193aeb7ac68f,,,,,00da6cd2c464c089e5e44eb66e1fbba3dc8ba46f714374877f940abaf883233cab71c111864b8572af033b2ba7d4f4441974fea6d07e9f8d521e263de8856c9faea30f6070537835f8ce39c300f0b11b,"'projects/yukpo-project/logs/run.googleapis.com%2Fstdout",,"'2026-02-17T23:04:39.229353134Z","'yukpo-backend",,"'europe-west1","'yukpo-project",,"'yukpo-backend-00209-hn8","'yukpo-backend",cloud_run_revision,,"'[2m2026-02-17T23:04:39.073124Z[0m [32m INFO[0m [2myukpomnang_backend::utils::db_retry[0m[2m:[0m [DB Retry] Tentative 2/3 échouée (erreur TLS récupérable): error communicating with database: No such file or directory (os error 2). Retry dans 5000ms","'2026-02-17T23:04:39.071994Z"
6994f4070001192fdf67670c,,,,,00da6cd2c464c089e5e44eb66e1fbba3dc8ba46f714374877f940abaf883233cab71c111864b8572af033b2ba7d4f4441974fea6d07e9f8d521e263de8856c9faea30f6070537835f8ce39c300f0b11b,"'projects/yukpo-project/logs/run.googleapis.com%2Fstdout",,"'2026-02-17T23:04:39.229353134Z","'yukpo-backend",,"'europe-west1","'yukpo-project",,"'yukpo-backend-00209-hn8","'yukpo-backend",cloud_run_revision,,"'[2m2026-02-17T23:04:39.073124Z[0m [32m INFO[0m [2myukpomnang_backend::utils::db_retry[0m[2m:[0m [DB Retry] Tentative 2/3 échouée (erreur TLS récupérable): error communicating with database: No such file or directory (os error 2). Retry dans 5000ms","'2026-02-17T23:04:39.071983Z"
6994f406000ecbe3e299ecf6,,,,,00da6cd2c464c089e5e44eb66e1fbba3dc8ba46f714374877f940abaf883233cab71c111864b8572af033b2ba7d4f4441974fea6d07e9f8d521e263de8856c9faea30f6070537835f8ce39c300f0b11b,"'projects/yukpo-project/logs/run.googleapis.com%2Fstdout",,"'2026-02-17T23:04:39.229353134Z","'yukpo-backend",,"'europe-west1","'yukpo-project",,"'yukpo-backend-00209-hn8","'yukpo-backend",cloud_run_revision,,"'[2m2026-02-17T23:04:38.970811Z[0m [32m INFO[0m [2myukpomnang_backend::utils::db_retry[0m[2m:[0m [DB Retry] Tentative 2/3 échouée (erreur TLS récupérable): error communicating with database: No such file or directory (os error 2). Retry dans 5000ms","'2026-02-17T23:04:38.969699Z"
6994f406000d335fb6fe5198,,,,,00da6cd2c464c089e5e44eb66e1fbba3dc8ba46f714374877f940abaf883233cab71c111864b8572af033b2ba7d4f4441974fea6d07e9f8d521e263de8856c9faea30f6070537835f8ce39c300f0b11b,"'projects/yukpo-project/logs/run.googleapis.com%2Fstdout",,"'2026-02-17T23:04:38.894319135Z","'yukpo-backend",,"'europe-west1","'yukpo-project",,"'yukpo-backend-00209-hn8","'yukpo-backend",cloud_run_revision,,"'[2m2026-02-17T23:04:38.866194Z[0m [31mERROR[0m [2myukpomnang_backend::tasks::notification_queue_worker[0m[2m:[0m ❌ Erreur traitement batch notifications: Internal(""Redis connection failed: Connexion Redis échouée: failed to lookup address information: Name or service not known"")","'2026-02-17T23:04:38.865119Z"
6994f406000baff6a6bf03e6,,,,,00da6cd2c464c089e5e44eb66e1fbba3dc8ba46f714374877f940abaf883233cab71c111864b8572af033b2ba7d4f4441974fea6d07e9f8d521e263de8856c9faea30f6070537835f8ce39c300f0b11b,"'projects/yukpo-project/logs/run.googleapis.com%2Fstdout",,"'2026-02-17T23:04:38.894319135Z","'yukpo-backend",,"'europe-west1","'yukpo-project",,"'yukpo-backend-00209-hn8","'yukpo-backend",cloud_run_revision,,"'[2m2026-02-17T23:04:38.766995Z[0m [31mERROR[0m [2myukpomnang_backend::services::live_flash_sale_service[0m[2m:[0m process_timers live flash sales failed: Database(""error communicating with database: No such file or directory (os error 2)"")","'2026-02-17T23:04:38.765942Z"
6994f406000bafed1aada731,,,,,00da6cd2c464c089e5e44eb66e1fbba3dc8ba46f714374877f940abaf883233cab71c111864b8572af033b2ba7d4f4441974fea6d07e9f8d521e263de8856c9faea30f6070537835f8ce39c300f0b11b,"'projects/yukpo-project/logs/run.googleapis.com%2Fstdout",,"'2026-02-17T23:04:38.894319135Z","'yukpo-backend",,"'europe-west1","'yukpo-project",,"'yukpo-backend-00209-hn8","'yukpo-backend",cloud_run_revision,,"'[2m2026-02-17T23:04:38.766966Z[0m [31mERROR[0m [2myukpomnang_backend::tasks::delivery_notification_repeat[0m[2m:[0m ❌ [DeliveryNotifications] Erreur lors de la répétition: Io(Os { code: 2, kind: NotFound, message: ""No such file or directory"" })","'2026-02-17T23:04:38.765933Z"
6994f40500045d7af7f60afb,,,,,00da6cd2c464c089e5e44eb66e1fbba3dc8ba46f714374877f940abaf883233cab71c111864b8572af033b2ba7d4f4441974fea6d07e9f8d521e263de8856c9faea30f6070537835f8ce39c300f0b11b,"'projects/yukpo-project/logs/run.googleapis.com%2Fstdout",,"'2026-02-17T23:04:37.566529430Z","'yukpo-backend",,"'europe-west1","'yukpo-project",,"'yukpo-backend-00209-hn8","'yukpo-backend",cloud_run_revision,,"'[2m2026-02-17T23:04:37.287733Z[0m [31mERROR[0m [2myukpomnang_backend::tasks::notification_queue_worker[0m[2m:[0m ❌ Erreur traitement batch notifications: Internal(""Redis connection failed: Connexion Redis échouée: failed to lookup address information: Name or service not known"")","'2026-02-17T23:04:37.286074Z"
6994f404000411422051f10b,,,,,00da6cd2c464c089e5e44eb66e1fbba3dc8ba46f714374877f940abaf883233cab71c111864b8572af033b2ba7d4f4441974fea6d07e9f8d521e263de8856c9faea30f6070537835f8ce39c300f0b11b,"'projects/yukpo-project/logs/run.googleapis.com%2Fstdout",,"'2026-02-17T23:04:36.563738507Z","'yukpo-backend",,"'europe-west1","'yukpo-project",,"'yukpo-backend-00209-hn8","'yukpo-backend",cloud_run_revision,,"'[2m2026-02-17T23:04:36.267914Z[0m [33m WARN[0m [2myukpomnang_backend::utils::db_monitor[0m[2m:[0m [DB Monitor] ⚠️ Pool unhealthy - Error: error communicating with database: No such file or directory (os error 2), Size: 0, Active: 0, Idle: 0","'2026-02-17T23:04:36.266562Z"
6994f40400012c0fcb4f1ea9,,,,,00da6cd2c464c089e5e44eb66e1fbba3dc8ba46f714374877f940abaf883233cab71c111864b8572af033b2ba7d4f4441974fea6d07e9f8d521e263de8856c9faea30f6070537835f8ce39c300f0b11b,"'projects/yukpo-project/logs/run.googleapis.com%2Fstdout",,"'2026-02-17T23:04:36.231211805Z","'yukpo-backend",,"'europe-west1","'yukpo-project",,"'yukpo-backend-00209-hn8","'yukpo-backend",cloud_run_revision,,"'[2m2026-02-17T23:04:36.078229Z[0m [31mERROR[0m [2myukpomnang_backend::tasks::notification_queue_worker[0m[2m:[0m ❌ Erreur traitement batch notifications: Internal(""Redis connection failed: Connexion Redis échouée: failed to lookup address information: Name or service not known"")","'2026-02-17T23:04:36.076815Z"
6994f4040001110cc3e8f844,,,,,00da6cd2c464c089e5e44eb66e1fbba3dc8ba46f714374877f940abaf883233cab71c111864b8572af033b2ba7d4f4441974fea6d07e9f8d521e263de8856c9faea30f6070537835f8ce39c300f0b11b,"'projects/yukpo-project/logs/run.googleapis.com%2Fstdout",,"'2026-02-17T23:04:36.231211805Z","'yukpo-backend",,"'europe-west1","'yukpo-project",,"'yukpo-backend-00209-hn8","'yukpo-backend",cloud_run_revision,,"'[2m2026-02-17T23:04:36.071311Z[0m [32m INFO[0m [2myukpomnang_backend::utils::db_retry[0m[2m:[0m [DB Retry] Tentative 1/3 échouée (erreur TLS récupérable): error communicating with database: No such file or directory (os error 2). Retry dans 3000ms","'2026-02-17T23:04:36.069900Z"
6994f40400011101540f43fc,,,,,00da6cd2c464c089e5e44eb66e1fbba3dc8ba46f714374877f940abaf883233cab71c111864b8572af033b2ba7d4f4441974fea6d07e9f8d521e263de8856c9faea30f6070537835f8ce39c300f0b11b,"'projects/yukpo-project/logs/run.googleapis.com%2Fstdout",,"'2026-02-17T23:04:36.231211805Z","'yukpo-backend",,"'europe-west1","'yukpo-project",,"'yukpo-backend-00209-hn8","'yukpo-backend",cloud_run_revision,,"'[2m2026-02-17T23:04:36.071312Z[0m [32m INFO[0m [2myukpomnang_backend::utils::db_retry[0m[2m:[0m [DB Retry] Tentative 1/3 échouée (erreur TLS récupérable): error communicating with database: No such file or directory (os error 2). Retry dans 3000ms","'2026-02-17T23:04:36.069889Z"
6994f403000ec4d7a45196e7,,,,,00da6cd2c464c089e5e44eb66e1fbba3dc8ba46f714374877f940abaf883233cab71c111864b8572af033b2ba7d4f4441974fea6d07e9f8d521e263de8856c9faea30f6070537835f8ce39c300f0b11b,"'projects/yukpo-project/logs/run.googleapis.com%2Fstdout",,"'2026-02-17T23:04:36.231211805Z","'yukpo-backend",,"'europe-west1","'yukpo-project",,"'yukpo-backend-00209-hn8","'yukpo-backend",cloud_run_revision,,"'[2m2026-02-17T23:04:35.969343Z[0m [32m INFO[0m [2myukpomnang_backend::utils::db_retry[0m[2m:[0m [DB Retry] Tentative 1/3 échouée (erreur TLS récupérable): error communicating with database: No such file or directory (os error 2). Retry dans 3000ms","'2026-02-17T23:04:35.967895Z"
6994f403000a309847d1caae,,,,,00da6cd2c464c089e5e44eb66e1fbba3dc8ba46f714374877f940abaf883233cab71c111864b8572af033b2ba7d4f4441974fea6d07e9f8d521e263de8856c9faea30f6070537835f8ce39c300f0b11b,"'projects/yukpo-project/logs/run.googleapis.com%2Fstdout",,"'2026-02-17T23:04:35.898091591Z","'yukpo-backend",,"'europe-west1","'yukpo-project",,"'yukpo-backend-00209-hn8","'yukpo-backend",cloud_run_revision,,"'[2m2026-02-17T23:04:35.669349Z[0m [31mERROR[0m [2myukpomnang_backend::utils::db_retry[0m[2m:[0m [DB Retry] ❌ Toutes les 3 tentatives ont échoué. Dernière erreur: error communicating with database: No such file or directory (os error 2)","'2026-02-17T23:04:35.667800Z"
6994f403000a3083d23945ff,,,,,00da6cd2c464c089e5e44eb66e1fbba3dc8ba46f714374877f940abaf883233cab71c111864b8572af033b2ba7d4f4441974fea6d07e9f8d521e263de8856c9faea30f6070537835f8ce39c300f0b11b,"'projects/yukpo-project/logs/run.googleapis.com%2Fstdout",,"'2026-02-17T23:04:35.898091591Z","'yukpo-backend",,"'europe-west1","'yukpo-project",,"'yukpo-backend-00209-hn8","'yukpo-backend",cloud_run_revision,,"'[2m2026-02-17T23:04:35.669349Z[0m [31mERROR[0m [2myukpomnang_backend::utils::db_retry[0m[2m:[0m [DB Retry] ❌ Toutes les 3 tentatives ont échoué. Dernière erreur: error communicating with database: No such file or directory (os error 2)","'2026-02-17T23:04:35.667779Z"
6994f4030008a29d365c3789,,,,,00da6cd2c464c089e5e44eb66e1fbba3dc8ba46f714374877f940abaf883233cab71c111864b8572af033b2ba7d4f4441974fea6d07e9f8d521e263de8856c9faea30f6070537835f8ce39c300f0b11b,"'projects/yukpo-project/logs/run.googleapis.com%2Fstdout",,"'2026-02-17T23:04:35.898091591Z","'yukpo-backend",,"'europe-west1","'yukpo-project",,"'yukpo-backend-00209-hn8","'yukpo-backend",cloud_run_revision,,"'[2m2026-02-17T23:04:35.567519Z[0m [31mERROR[0m [2myukpomnang_backend::utils::db_retry[0m[2m:[0m [DB Retry] ❌ Toutes les 3 tentatives ont échoué. Dernière erreur: error communicating with database: No such file or directory (os error 2)","'2026-02-17T23:04:35.565917Z"
6994f402000d34e29e1a244e,,,,,00da6cd2c464c089e5e44eb66e1fbba3dc8ba46f714374877f940abaf883233cab71c111864b8572af033b2ba7d4f4441974fea6d07e9f8d521e263de8856c9faea30f6070537835f8ce39c300f0b11b,"'projects/yukpo-project/logs/run.googleapis.com%2Fstdout",,"'2026-02-17T23:04:34.898403796Z","'yukpo-backend",,"'europe-west1","'yukpo-project",,"'yukpo-backend-00209-hn8","'yukpo-backend",cloud_run_revision,,"'[2m2026-02-17T23:04:34.867015Z[0m [31mERROR[0m [2myukpomnang_backend::tasks::notification_queue_worker[0m[2m:[0m ❌ Erreur traitement batch notifications: Internal(""Redis connection failed: Connexion Redis échouée: failed to lookup address information: Name or service not known"")","'2026-02-17T23:04:34.865506Z"
6994f4020008ad05b4b1a677,,,,,00da6cd2c464c089e5e44eb66e1fbba3dc8ba46f714374877f940abaf883233cab71c111864b8572af033b2ba7d4f4441974fea6d07e9f8d521e263de8856c9faea30f6070537835f8ce39c300f0b11b,"'projects/yukpo-project/logs/run.googleapis.com%2Fstdout",,"'2026-02-17T23:04:34.898403796Z","'yukpo-backend",,"'europe-west1","'yukpo-project",,"'yukpo-backend-00209-hn8","'yukpo-backend",cloud_run_revision,,"'[2m2026-02-17T23:04:34.569909Z[0m [31mERROR[0m [2myukpomnang_backend::tasks::order_timeout_monitor[0m[2m:[0m ❌ Erreur lors de la vérification des timeouts de commandes: ?? Database error: error communicating with database: No such file or directory (os error 2)","'2026-02-17T23:04:34.568581Z"
6994f4020008acf9d0e32787,,,,,00da6cd2c464c089e5e44eb66e1fbba3dc8ba46f714374877f940abaf883233cab71c111864b8572af033b2ba7d4f4441974fea6d07e9f8d521e263de8856c9faea30f6070537835f8ce39c300f0b11b,"'projects/yukpo-project/logs/run.googleapis.com%2Fstdout",,"'2026-02-17T23:04:34.898403796Z","'yukpo-backend",,"'europe-west1","'yukpo-project",,"'yukpo-backend-00209-hn8","'yukpo-backend",cloud_run_revision,,"'[2m2026-02-17T23:04:34.569877Z[0m [31mERROR[0m [2myukpomnang_backend::utils::db_retry[0m[2m:[0m [DB Retry] ❌ Toutes les 3 tentatives ont échoué. Dernière erreur: error communicating with database: No such file or directory (os error 2)","'2026-02-17T23:04:34.568569Z"
6994f4010008a8b9266c5c85,,,,,00da6cd2c464c089e5e44eb66e1fbba3dc8ba46f714374877f940abaf883233cab71c111864b8572af033b2ba7d4f4441974fea6d07e9f8d521e263de8856c9faea30f6070537835f8ce39c300f0b11b,"'projects/yukpo-project/logs/run.googleapis.com%2Fstdout",,"'2026-02-17T23:04:33.900591491Z","'yukpo-backend",,"'europe-west1","'yukpo-project",,"'yukpo-backend-00209-hn8","'yukpo-backend",cloud_run_revision,,"'[2m2026-02-17T23:04:33.568975Z[0m [31mERROR[0m [2myukpomnang_backend::services::product_creation_queue[0m[2m:[0m [ProductCreationQueue] ❌ Erreur récupération jobs: ?? Internal error: Erreur récupération jobs: error communicating with database: No such file or directory (os error 2)","'2026-02-17T23:04:33.567481Z"
6994f4010007173060194cfb,,,,,00da6cd2c464c089e5e44eb66e1fbba3dc8ba46f714374877f940abaf883233cab71c111864b8572af033b2ba7d4f4441974fea6d07e9f8d521e263de8856c9faea30f6070537835f8ce39c300f0b11b,"'projects/yukpo-project/logs/run.googleapis.com%2Fstdout",,"'2026-02-17T23:04:33.567833066Z","'yukpo-backend",,"'europe-west1","'yukpo-project",,"'yukpo-backend-00209-hn8","'yukpo-backend",cloud_run_revision,,"'[2m2026-02-17T23:04:33.466255Z[0m [31mERROR[0m [2myukpomnang_backend::tasks::notification_queue_worker[0m[2m:[0m ❌ Erreur traitement batch notifications: Internal(""Redis connection failed: Connexion Redis échouée: failed to lookup address information: Name or service not known"")","'2026-02-17T23:04:33.464688Z"
6994f3ff000d3187c15bc70a,,,,,00da6cd2c464c089e5e44eb66e1fbba3dc8ba46f714374877f940abaf883233cab71c111864b8572af033b2ba7d4f4441974fea6d07e9f8d521e263de8856c9faea30f6070537835f8ce39c300f0b11b,"'projects/yukpo-project/logs/run.googleapis.com%2Fstdout",,"'2026-02-17T23:04:31.901436822Z","'yukpo-backend",,"'europe-west1","'yukpo-project",,"'yukpo-backend-00209-hn8","'yukpo-backend",cloud_run_revision,,"'[2m2026-02-17T23:04:31.865803Z[0m [31mERROR[0m [2myukpomnang_backend::tasks::notification_queue_worker[0m[2m:[0m ❌ Erreur traitement batch notifications: Internal(""Redis connection failed: Connexion Redis échouée: failed to lookup address information: Name or service not known"")","'2026-02-17T23:04:31.864647Z"
6994f3fe000a2be7bb6fbfe7,,,,,00da6cd2c464c089e5e44eb66e1fbba3dc8ba46f714374877f940abaf883233cab71c111864b8572af033b2ba7d4f4441974fea6d07e9f8d521e263de8856c9faea30f6070537835f8ce39c300f0b11b,"'projects/yukpo-project/logs/run.googleapis.com%2Fstdout",,"'2026-02-17T23:04:30.905558560Z","'yukpo-backend",,"'europe-west1","'yukpo-project",,"'yukpo-backend-00209-hn8","'yukpo-backend",cloud_run_revision,,"'[2m2026-02-17T23:04:30.667693Z[0m [32m INFO[0m [2myukpomnang_backend::utils::db_retry[0m[2m:[0m [DB Retry] Tentative 2/3 échouée (erreur TLS récupérable): error communicating with database: No such file or directory (os error 2). Retry dans 5000ms","'2026-02-17T23:04:30.666599Z"
6994f3fe000a2bdea8672828,,,,,00da6cd2c464c089e5e44eb66e1fbba3dc8ba46f714374877f940abaf883233cab71c111864b8572af033b2ba7d4f4441974fea6d07e9f8d521e263de8856c9faea30f6070537835f8ce39c300f0b11b,"'projects/yukpo-project/logs/run.googleapis.com%2Fstdout",,"'2026-02-17T23:04:30.905558560Z","'yukpo-backend",,"'europe-west1","'yukpo-project",,"'yukpo-backend-00209-hn8","'yukpo-backend",cloud_run_revision,,"'[2m2026-02-17T23:04:30.667665Z[0m [32m INFO[0m [2myukpomnang_backend::utils::db_retry[0m[2m:[0m [DB Retry] Tentative 2/3 échouée (erreur TLS récupérable): error communicating with database: No such file or directory (os error 2). Retry dans 5000ms","'2026-02-17T23:04:30.666590Z"
6994f3fe0008a2339d684b1d,,,,,00da6cd2c464c089e5e44eb66e1fbba3dc8ba46f714374877f940abaf883233cab71c111864b8572af033b2ba7d4f4441974fea6d07e9f8d521e263de8856c9faea30f6070537835f8ce39c300f0b11b,"'projects/yukpo-project/logs/run.googleapis.com%2Fstdout",,"'2026-02-17T23:04:30.570166959Z","'yukpo-backend",,"'europe-west1","'yukpo-project",,"'yukpo-backend-00209-hn8","'yukpo-backend",cloud_run_revision,,"'[2m2026-02-17T23:04:30.566887Z[0m [32m INFO[0m [2myukpomnang_backend::utils::db_retry[0m[2m:[0m [DB Retry] Tentative 2/3 échouée (erreur TLS récupérable): error communicating with database: No such file or directory (os error 2). Retry dans 5000ms","'2026-02-17T23:04:30.565811Z"
6994f3fe00028368e02bf55a,,,,,00da6cd2c464c089e5e44eb66e1fbba3dc8ba46f714374877f940abaf883233cab71c111864b8572af033b2ba7d4f4441974fea6d07e9f8d521e263de8856c9faea30f6070537835f8ce39c300f0b11b,"'projects/yukpo-project/logs/run.googleapis.com%2Fstdout",,"'2026-02-17T23:04:30.239656581Z","'yukpo-backend",,"'europe-west1","'yukpo-project",,"'yukpo-backend-00209-hn8","'yukpo-backend",cloud_run_revision,,"'[2m2026-02-17T23:04:30.165870Z[0m [31mERROR[0m [2myukpomnang_backend::tasks::notification_queue_worker[0m[2m:[0m ❌ Erreur traitement batch notifications: Internal(""Redis connection failed: Connexion Redis échouée: failed to lookup address information: Name or service not known"")","'2026-02-17T23:04:30.164712Z"
6994f3fd0008a6b723087034,,,,,00da6cd2c464c089e5e44eb66e1fbba3dc8ba46f714374877f940abaf883233cab71c111864b8572af033b2ba7d4f4441974fea6d07e9f8d521e263de8856c9faea30f6070537835f8ce39c300f0b11b,"'projects/yukpo-project/logs/run.googleapis.com%2Fstdout",,"'2026-02-17T23:04:30.702901386Z","'yukpo-backend",,"'europe-west1","'yukpo-project",,"'yukpo-backend-00209-hn8","'yukpo-backend",cloud_run_revision,,"'[2m2026-02-17T23:04:29.568361Z[0m [32m INFO[0m [2myukpomnang_backend::utils::db_retry[0m[2m:[0m [DB Retry] Tentative 2/3 échouée (erreur TLS récupérable): error communicating with database: No such file or directory (os error 2). Retry dans 5000ms","'2026-02-17T23:04:29.566967Z"
6994f3fc000d324cf6aa5c4a,,,,,00da6cd2c464c089e5e44eb66e1fbba3dc8ba46f714374877f940abaf883233cab71c111864b8572af033b2ba7d4f4441974fea6d07e9f8d521e263de8856c9faea30f6070537835f8ce39c300f0b11b,"'projects/yukpo-project/logs/run.googleapis.com%2Fstdout",,"'2026-02-17T23:04:28.904799350Z","'yukpo-backend",,"'europe-west1","'yukpo-project",,"'yukpo-backend-00209-hn8","'yukpo-backend",cloud_run_revision,,"'[2m2026-02-17T23:04:28.866219Z[0m [31mERROR[0m [2myukpomnang_backend::tasks::notification_queue_worker[0m[2m:[0m ❌ Erreur traitement batch notifications: Internal(""Redis connection failed: Connexion Redis échouée: failed to lookup address information: Name or service not known"")","'2026-02-17T23:04:28.864844Z"
6994f3fb000a257b923a7f1b,,,,,00da6cd2c464c089e5e44eb66e1fbba3dc8ba46f714374877f940abaf883233cab71c111864b8572af033b2ba7d4f4441974fea6d07e9f8d521e263de8856c9faea30f6070537835f8ce39c300f0b11b,"'projects/yukpo-project/logs/run.googleapis.com%2Fstdout",,"'2026-02-17T23:04:27.905117790Z","'yukpo-backend",,"'europe-west1","'yukpo-project",,"'yukpo-backend-00209-hn8","'yukpo-backend",cloud_run_revision,,"'[2m2026-02-17T23:04:27.666421Z[0m [32m INFO[0m [2myukpomnang_backend::utils::db_retry[0m[2m:[0m [DB Retry] Tentative 1/3 échouée (erreur TLS récupérable): error communicating with database: No such file or directory (os error 2). Retry dans 3000ms","'2026-02-17T23:04:27.664955Z"
6994f3fb000a2572c38a0a00,,,,,00da6cd2c464c089e5e44eb66e1fbba3dc8ba46f714374877f940abaf883233cab71c111864b8572af033b2ba7d4f4441974fea6d07e9f8d521e263de8856c9faea30f6070537835f8ce39c300f0b11b,"'projects/yukpo-project/logs/run.googleapis.com%2Fstdout",,"'2026-02-17T23:04:27.905117790Z","'yukpo-backend",,"'europe-west1","'yukpo-project",,"'yukpo-backend-00209-hn8","'yukpo-backend",cloud_run_revision,,"'[2m2026-02-17T23:04:27.666384Z[0m [32m INFO[0m [2myukpomnang_backend::utils::db_retry[0m[2m:[0m [DB Retry] Tentative 1/3 échouée (erreur TLS récupérable): error communicating with database: No such file or directory (os error 2). Retry dans 3000ms","'2026-02-17T23:04:27.664946Z"
6994f3fb0008a060186c3bb8,,,,,00da6cd2c464c089e5e44eb66e1fbba3dc8ba46f714374877f940abaf883233cab71c111864b8572af033b2ba7d4f4441974fea6d07e9f8d521e263de8856c9faea30f6070537835f8ce39c300f0b11b,"'projects/yukpo-project/logs/run.googleapis.com%2Fstdout",,"'2026-02-17T23:04:27.574581674Z","'yukpo-backend",,"'europe-west1","'yukpo-project",,"'yukpo-backend-00209-hn8","'yukpo-backend",cloud_run_revision,,"'[2m2026-02-17T23:04:27.566892Z[0m [31mERROR[0m [2myukpomnang_backend::tasks::notification_queue_worker[0m[2m:[0m ❌ Erreur traitement batch notifications: Internal(""Redis connection failed: Connexion Redis échouée: failed to lookup address information: Name or service not known"")","'2026-02-17T23:04:27.565344Z"
6994f3fb00089da649cd2147,,,,,00da6cd2c464c089e5e44eb66e1fbba3dc8ba46f714374877f940abaf883233cab71c111864b8572af033b2ba7d4f4441974fea6d07e9f8d521e263de8856c9faea30f6070537835f8ce39c300f0b11b,"'projects/yukpo-project/logs/run.googleapis.com%2Fstdout",,"'2026-02-17T23:04:27.574581674Z","'yukpo-backend",,"'europe-west1","'yukpo-project",,"'yukpo-backend-00209-hn8","'yukpo-backend",cloud_run_revision,,"'[2m2026-02-17T23:04:27.566166Z[0m [32m INFO[0m [2myukpomnang_backend::utils::db_retry[0m[2m:[0m [DB Retry] Tentative 1/3 échouée (erreur TLS récupérable): error communicating with database: No such file or directory (os error 2). Retry dans 3000ms","'2026-02-17T23:04:27.564646Z"
6994f3fb0004131ec2385e48,,,,,00da6cd2c464c089e5e44eb66e1fbba3dc8ba46f714374877f940abaf883233cab71c111864b8572af033b2ba7d4f4441974fea6d07e9f8d521e263de8856c9faea30f6070537835f8ce39c300f0b11b,"'projects/yukpo-project/logs/run.googleapis.com%2Fstdout",,"'2026-02-17T23:04:27.574581674Z","'yukpo-backend",,"'europe-west1","'yukpo-project",,"'yukpo-backend-00209-hn8","'yukpo-backend",cloud_run_revision,,"'[2m2026-02-17T23:04:27.268727Z[0m [31mERROR[0m [2myukpomnang_backend::utils::db_retry[0m[2m:[0m [DB Retry] ❌ Toutes les 3 tentatives ont échoué. Dernière erreur: error communicating with database: No such file or directory (os error 2)","'2026-02-17T23:04:27.267038Z"
6994f3fb00041308c9c8e175,,,,,00da6cd2c464c089e5e44eb66e1fbba3dc8ba46f714374877f940abaf883233cab71c111864b8572af033b2ba7d4f4441974fea6d07e9f8d521e263de8856c9faea30f6070537835f8ce39c300f0b11b,"'projects/yukpo-project/logs/run.googleapis.com%2Fstdout",,"'2026-02-17T23:04:27.574581674Z","'yukpo-backend",,"'europe-west1","'yukpo-project",,"'yukpo-backend-00209-hn8","'yukpo-backend",cloud_run_revision,,"'[2m2026-02-17T23:04:27.268762Z[0m [31mERROR[0m [2myukpomnang_backend::utils::db_retry[0m[2m:[0m [DB Retry] ❌ Toutes les 3 tentatives ont échoué. Dernière erreur: error communicating with database: No such file or directory (os error 2)","'2026-02-17T23:04:27.267016Z"
6994f3fb000412f0a94d9cf7,,,,,00da6cd2c464c089e5e44eb66e1fbba3dc8ba46f714374877f940abaf883233cab71c111864b8572af033b2ba7d4f4441974fea6d07e9f8d521e263de8856c9faea30f6070537835f8ce39c300f0b11b,"'projects/yukpo-project/logs/run.googleapis.com%2Fstdout",,"'2026-02-17T23:04:27.574581674Z","'yukpo-backend",,"'europe-west1","'yukpo-project",,"'yukpo-backend-00209-hn8","'yukpo-backend",cloud_run_revision,,"'[2m2026-02-17T23:04:27.268717Z[0m [31mERROR[0m [2myukpomnang_backend::utils::db_retry[0m[2m:[0m [DB Retry] ❌ Toutes les 3 tentatives ont échoué. Dernière erreur: error communicating with database: No such file or directory (os error 2)","'2026-02-17T23:04:27.266992Z"
6994f3fa000d3ed7c6df7561,,,,,00da6cd2c464c089e5e44eb66e1fbba3dc8ba46f714374877f940abaf883233cab71c111864b8572af033b2ba7d4f4441974fea6d07e9f8d521e263de8856c9faea30f6070537835f8ce39c300f0b11b,"'projects/yukpo-project/logs/run.googleapis.com%2Fstdout",,"'2026-02-17T23:04:26.906119516Z","'yukpo-backend",,"'europe-west1","'yukpo-project",,"'yukpo-backend-00209-hn8","'yukpo-backend",cloud_run_revision,,"'[2m2026-02-17T23:04:26.869714Z[0m [31mERROR[0m [2myukpomnang_backend::services::redis_scaling_service[0m[2m:[0m [RedisScalingService] Erreur scaling: ?? Internal error: Erreur connexion Redis: failed to lookup address information: Name or service not known","'2026-02-17T23:04:26.868055Z"
6994f3fa0008af3103c896c2,,,,,00da6cd2c464c089e5e44eb66e1fbba3dc8ba46f714374877f940abaf883233cab71c111864b8572af033b2ba7d4f4441974fea6d07e9f8d521e263de8856c9faea30f6070537835f8ce39c300f0b11b,"'projects/yukpo-project/logs/run.googleapis.com%2Fstdout",,"'2026-02-17T23:04:26.572958569Z","'yukpo-backend",,"'europe-west1","'yukpo-project",,"'yukpo-backend-00209-hn8","'yukpo-backend",cloud_run_revision,,"'[2m2026-02-17T23:04:26.570790Z[0m [32m INFO[0m [2myukpomnang_backend::services::gpu_service[0m[2m:[0m [GpuService] Scaling check - Utilisation: 0.0%, Instances: 0","'2026-02-17T23:04:26.569137Z"
6994f3fa0008af274fdf3767,,,,,00da6cd2c464c089e5e44eb66e1fbba3dc8ba46f714374877f940abaf883233cab71c111864b8572af033b2ba7d4f4441974fea6d07e9f8d521e263de8856c9faea30f6070537835f8ce39c300f0b11b,"'projects/yukpo-project/logs/run.googleapis.com%2Fstdout",,"'2026-02-17T23:04:26.572958569Z","'yukpo-backend",,"'europe-west1","'yukpo-project",,"'yukpo-backend-00209-hn8","'yukpo-backend",cloud_run_revision,,"'[2m2026-02-17T23:04:26.570764Z[0m [33m WARN[0m [2myukpomnang_backend::services::gpu_service[0m[2m:[0m [GpuService] Impossible de récupérer métriques GPU, utilisation par défaut","'2026-02-17T23:04:26.569127Z"
6994f3fa0008a26662e90f95,,,,,00da6cd2c464c089e5e44eb66e1fbba3dc8ba46f714374877f940abaf883233cab71c111864b8572af033b2ba7d4f4441974fea6d07e9f8d521e263de8856c9faea30f6070537835f8ce39c300f0b11b,"'projects/yukpo-project/logs/run.googleapis.com%2Fstdout",,"'2026-02-17T23:04:26.572958569Z","'yukpo-backend",,"'europe-west1","'yukpo-project",,"'yukpo-backend-00209-hn8","'yukpo-backend",cloud_run_revision,,"'[2m2026-02-17T23:04:26.567468Z[0m [32m INFO[0m [2myukpomnang_backend::utils::db_retry[0m[2m:[0m [DB Retry] Tentative 1/3 échouée (erreur TLS récupérable): error communicating with database: No such file or directory (os error 2). Retry dans 3000ms","'2026-02-17T23:04:26.565862Z"
6994f3fa0007197cf578919c,,,,,00da6cd2c464c089e5e44eb66e1fbba3dc8ba46f714374877f940abaf883233cab71c111864b8572af033b2ba7d4f4441974fea6d07e9f8d521e263de8856c9faea30f6070537835f8ce39c300f0b11b,"'projects/yukpo-project/logs/run.googleapis.com%2Fstdout",,"'2026-02-17T23:04:26.572958569Z","'yukpo-backend",,"'europe-west1","'yukpo-project",,"'yukpo-backend-00209-hn8","'yukpo-backend",cloud_run_revision,,"'[2m2026-02-17T23:04:26.466868Z[0m [33m WARN[0m [2myukpomnang_backend::tasks::delivery_sla_monitor[0m[2m:[0m [DeliverySLA] Analyse échouée: Database(""error communicating with database: No such file or directory (os error 2)"")","'2026-02-17T23:04:26.465276Z"
6994f3fa00028b3c1f55d2c7,,,,,00da6cd2c464c089e5e44eb66e1fbba3dc8ba46f714374877f940abaf883233cab71c111864b8572af033b2ba7d4f4441974fea6d07e9f8d521e263de8856c9faea30f6070537835f8ce39c300f0b11b,"'projects/yukpo-project/logs/run.googleapis.com%2Fstdout",,"'2026-02-17T23:04:26.241728653Z","'yukpo-backend",,"'europe-west1","'yukpo-project",,"'yukpo-backend-00209-hn8","'yukpo-backend",cloud_run_revision,,"'[2m2026-02-17T23:04:26.168227Z[0m [31mERROR[0m [2myukpomnang_backend::tasks::notification_queue_worker[0m[2m:[0m ❌ Erreur traitement batch notifications: Internal(""Redis connection failed: Connexion Redis échouée: failed to lookup address information: Name or service not known"")","'2026-02-17T23:04:26.166716Z"
6994f3f90005a762a91a6c43,,,,,00da6cd2c464c089e5e44eb66e1fbba3dc8ba46f714374877f940abaf883233cab71c111864b8572af033b2ba7d4f4441974fea6d07e9f8d521e263de8856c9faea30f6070537835f8ce39c300f0b11b,"'projects/yukpo-project/logs/run.googleapis.com%2Fstdout",,"'2026-02-17T23:04:25.573962702Z","'yukpo-backend",,"'europe-west1","'yukpo-project",,"'yukpo-backend-00209-hn8","'yukpo-backend",cloud_run_revision,,"'[2m2026-02-17T23:04:25.371737Z[0m [31mERROR[0m [2myukpomnang_backend::tasks::pipeline_health_worker[0m[2m:[0m [PipelineWorker] Impossible de calculer le health pipeline: Database(""error communicating with database: No such file or directory (os error 2)"")","'2026-02-17T23:04:25.370530Z"
6994f3f8000d337308852cf6,,,,,00da6cd2c464c089e5e44eb66e1fbba3dc8ba46f714374877f940abaf883233cab71c111864b8572af033b2ba7d4f4441974fea6d07e9f8d521e263de8856c9faea30f6070537835f8ce39c300f0b11b,"'projects/yukpo-project/logs/run.googleapis.com%2Fstdout",,"'2026-02-17T23:04:24.909726605Z","'yukpo-backend",,"'europe-west1","'yukpo-project",,"'yukpo-backend-00209-hn8","'yukpo-backend",cloud_run_revision,,"'[2m2026-02-17T23:04:24.866401Z[0m [31mERROR[0m [2myukpomnang_backend::tasks::notification_queue_worker[0m[2m:[0m ❌ Erreur traitement batch notifications: Internal(""Redis connection failed: Connexion Redis échouée: failed to lookup address information: Name or service not known"")","'2026-02-17T23:04:24.865139Z"
6994f3f70008a2bb02c313c0,,,,,00da6cd2c464c089e5e44eb66e1fbba3dc8ba46f714374877f940abaf883233cab71c111864b8572af033b2ba7d4f4441974fea6d07e9f8d521e263de8856c9faea30f6070537835f8ce39c300f0b11b,"'projects/yukpo-project/logs/run.googleapis.com%2Fstdout",,"'2026-02-17T23:04:23.577803358Z","'yukpo-backend",,"'europe-west1","'yukpo-project",,"'yukpo-backend-00209-hn8","'yukpo-backend",cloud_run_revision,,"'[2m2026-02-17T23:04:23.567570Z[0m [31mERROR[0m [2myukpomnang_backend::services::product_creation_queue[0m[2m:[0m [ProductCreationQueue] ❌ Erreur récupération jobs: ?? Internal error: Erreur récupération jobs: error communicating with database: No such file or directory (os error 2)","'2026-02-17T23:04:23.565947Z"
6994f3f700071621b78ddf9d,,,,,00da6cd2c464c089e5e44eb66e1fbba3dc8ba46f714374877f940abaf883233cab71c111864b8572af033b2ba7d4f4441974fea6d07e9f8d521e263de8856c9faea30f6070537835f8ce39c300f0b11b,"'projects/yukpo-project/logs/run.googleapis.com%2Fstdout",,"'2026-02-17T23:04:23.577803358Z","'yukpo-backend",,"'europe-west1","'yukpo-project",,"'yukpo-backend-00209-hn8","'yukpo-backend",cloud_run_revision,,"'[2m2026-02-17T23:04:23.366746Z[0m [31mERROR[0m [2myukpomnang_backend::tasks::notification_queue_worker[0m[2m:[0m ❌ Erreur traitement batch notifications: Internal(""Redis connection failed: Connexion Redis échouée: failed to lookup address information: Name or service not known"")","'2026-02-17T23:04:23.464417Z"
6994f3f6000411437d77f40a,,,,,00da6cd2c464c089e5e44eb66e1fbba3dc8ba46f714374877f940abaf883233cab71c111864b8572af033b2ba7d4f4441974fea6d07e9f8d521e263de8856c9faea30f6070537835f8ce39c300f0b11b,"'projects/yukpo-project/logs/run.googleapis.com%2Fstdout",,"'2026-02-17T23:04:22.578443683Z","'yukpo-backend",,"'europe-west1","'yukpo-project",,"'yukpo-backend-00209-hn8","'yukpo-backend",cloud_run_revision,,"'[2m2026-02-17T23:04:22.267985Z[0m [32m INFO[0m [2myukpomnang_backend::utils::db_retry[0m[2m:[0m [DB Retry] Tentative 2/3 échouée (erreur TLS récupérable): error communicating with database: No such file or directory (os error 2). Retry dans 5000ms","'2026-02-17T23:04:22.266563Z"
6994f3f60004114004bbccce,,,,,00da6cd2c464c089e5e44eb66e1fbba3dc8ba46f714374877f940abaf883233cab71c111864b8572af033b2ba7d4f4441974fea6d07e9f8d521e263de8856c9faea30f6070537835f8ce39c300f0b11b,"'projects/yukpo-project/logs/run.googleapis.com%2Fstdout",,"'2026-02-17T23:04:22.578443683Z","'yukpo-backend",,"'europe-west1","'yukpo-project",,"'yukpo-backend-00209-hn8","'yukpo-backend",cloud_run_revision,,"'[2m2026-02-17T23:04:22.267985Z[0m [32m INFO[0m [2myukpomnang_backend::utils::db_retry[0m[2m:[0m [DB Retry] Tentative 2/3 échouée (erreur TLS récupérable): error communicating with database: No such file or directory (os error 2). Retry dans 5000ms","'2026-02-17T23:04:22.266560Z"
6994f3f6000411386655f849,,,,,00da6cd2c464c089e5e44eb66e1fbba3dc8ba46f714374877f940abaf883233cab71c111864b8572af033b2ba7d4f4441974fea6d07e9f8d521e263de8856c9faea30f6070537835f8ce39c300f0b11b,"'projects/yukpo-project/logs/run.googleapis.com%2Fstdout",,"'2026-02-17T23:04:22.578443683Z","'yukpo-backend",,"'europe-west1","'yukpo-project",,"'yukpo-backend-00209-hn8","'yukpo-backend",cloud_run_revision,,"'[2m2026-02-17T23:04:22.267985Z[0m [32m INFO[0m [2myukpomnang_backend::utils::db_retry[0m[2m:[0m [DB Retry] Tentative 2/3 échouée (erreur TLS récupérable): error communicating with database: No such file or directory (os error 2). Retry dans 5000ms","'2026-02-17T23:04:22.266552Z"
6994f3f5000ebc9f9386a44c,,,,,00da6cd2c464c089e5e44eb66e1fbba3dc8ba46f714374877f940abaf883233cab71c111864b8572af033b2ba7d4f4441974fea6d07e9f8d521e263de8856c9faea30f6070537835f8ce39c300f0b11b,"'projects/yukpo-project/logs/run.googleapis.com%2Fstdout",,"'2026-02-17T23:04:22.243821776Z","'yukpo-backend",,"'europe-west1","'yukpo-project",,"'yukpo-backend-00209-hn8","'yukpo-backend",cloud_run_revision,,"'[2m2026-02-17T23:04:21.967179Z[0m [31mERROR[0m [2myukpomnang_backend::tasks::notification_queue_worker[0m[2m:[0m ❌ Erreur traitement batch notifications: Internal(""Redis connection failed: Connexion Redis échouée: failed to lookup address information: Name or service not known"")","'2026-02-17T23:04:21.965791Z"
6994f3f4000a45f07420bf4e,,,,,00da6cd2c464c089e5e44eb66e1fbba3dc8ba46f714374877f940abaf883233cab71c111864b8572af033b2ba7d4f4441974fea6d07e9f8d521e263de8856c9faea30f6070537835f8ce39c300f0b11b,"'projects/yukpo-project/logs/run.googleapis.com%2Fstdout",,"'2026-02-17T23:04:20.913103997Z","'yukpo-backend",,"'europe-west1","'yukpo-project",,"'yukpo-backend-00209-hn8","'yukpo-backend",cloud_run_revision,,"'[2m2026-02-17T23:04:20.674724Z[0m [31mERROR[0m [2myukpomnang_backend::services::social_distribution_service[0m[2m:[0m [SocialDistribution] Fetch jobs error: Database(""error communicating with database: No such file or directory (os error 2)"")","'2026-02-17T23:04:20.673264Z"
6994f3f4000a45ed5bdc3339,,,,,00da6cd2c464c089e5e44eb66e1fbba3dc8ba46f714374877f940abaf883233cab71c111864b8572af033b2ba7d4f4441974fea6d07e9f8d521e263de8856c9faea30f6070537835f8ce39c300f0b11b,"'projects/yukpo-project/logs/run.googleapis.com%2Fstdout",,"'2026-02-17T23:04:20.913103997Z","'yukpo-backend",,"'europe-west1","'yukpo-project",,"'yukpo-backend-00209-hn8","'yukpo-backend",cloud_run_revision,,"'[2m2026-02-17T23:04:20.674704Z[0m [31mERROR[0m [2myukpomnang_backend::utils::db_retry[0m[2m:[0m [DB Retry] ❌ Toutes les 3 tentatives ont échoué. Dernière erreur: error communicating with database: No such file or directory (os error 2)","'2026-02-17T23:04:20.673261Z"
6994f3f4000a45991c928e6d,,,,,00da6cd2c464c089e5e44eb66e1fbba3dc8ba46f714374877f940abaf883233cab71c111864b8572af033b2ba7d4f4441974fea6d07e9f8d521e263de8856c9faea30f6070537835f8ce39c300f0b11b,"'projects/yukpo-project/logs/run.googleapis.com%2Fstdout",,"'2026-02-17T23:04:20.913103997Z","'yukpo-backend",,"'europe-west1","'yukpo-project",,"'yukpo-backend-00209-hn8","'yukpo-backend",cloud_run_revision,,"'[2m2026-02-17T23:04:20.674600Z[0m [31mERROR[0m [2myukpomnang_backend::tasks::notification_queue_worker[0m[2m:[0m ❌ Erreur traitement batch notifications: Internal(""Redis connection failed: Connexion Redis échouée: failed to lookup address information: Name or service not known"")","'2026-02-17T23:04:20.673177Z"
6994f3f300071b770b8c5a07,,,,,00da6cd2c464c089e5e44eb66e1fbba3dc8ba46f714374877f940abaf883233cab71c111864b8572af033b2ba7d4f4441974fea6d07e9f8d521e263de8856c9faea30f6070537835f8ce39c300f0b11b,"'projects/yukpo-project/logs/run.googleapis.com%2Fstdout",,"'2026-02-17T23:04:19.580330272Z","'yukpo-backend",,"'europe-west1","'yukpo-project",,"'yukpo-backend-00209-hn8","'yukpo-backend",cloud_run_revision,,"'[2m2026-02-17T23:04:19.467430Z[0m [31mERROR[0m [2myukpomnang_backend::tasks::notification_queue_worker[0m[2m:[0m ❌ Erreur traitement batch notifications: Internal(""Redis connection failed: Connexion Redis échouée: failed to lookup address information: Name or service not known"")","'2026-02-17T23:04:19.465783Z"
6994f3f300040c50a567512e,,,,,00da6cd2c464c089e5e44eb66e1fbba3dc8ba46f714374877f940abaf883233cab71c111864b8572af033b2ba7d4f4441974fea6d07e9f8d521e263de8856c9faea30f6070537835f8ce39c300f0b11b,"'projects/yukpo-project/logs/run.googleapis.com%2Fstdout",,"'2026-02-17T23:04:19.580330272Z","'yukpo-backend",,"'europe-west1","'yukpo-project",,"'yukpo-backend-00209-hn8","'yukpo-backend",cloud_run_revision,,"'[2m2026-02-17T23:04:19.267007Z[0m [32m INFO[0m [2myukpomnang_backend::utils::db_retry[0m[2m:[0m [DB Retry] Tentative 1/3 échouée (erreur TLS récupérable): error communicating with database: No such file or directory (os error 2). Retry dans 3000ms","'2026-02-17T23:04:19.265296Z"
6994f3f300040c361f7786e6,,,,,00da6cd2c464c089e5e44eb66e1fbba3dc8ba46f714374877f940abaf883233cab71c111864b8572af033b2ba7d4f4441974fea6d07e9f8d521e263de8856c9faea30f6070537835f8ce39c300f0b11b,"'projects/yukpo-project/logs/run.googleapis.com%2Fstdout",,"'2026-02-17T23:04:19.580330272Z","'yukpo-backend",,"'europe-west1","'yukpo-project",,"'yukpo-backend-00209-hn8","'yukpo-backend",cloud_run_revision,,"'[2m2026-02-17T23:04:19.266984Z[0m [32m INFO[0m [2myukpomnang_backend::utils::db_retry[0m[2m:[0m [DB Retry] Tentative 1/3 échouée (erreur TLS récupérable): error communicating with database: No such file or directory (os error 2). Retry dans 3000ms","'2026-02-17T23:04:19.265270Z"
6994f3f300040c28b6851204,,,,,00da6cd2c464c089e5e44eb66e1fbba3dc8ba46f714374877f940abaf883233cab71c111864b8572af033b2ba7d4f4441974fea6d07e9f8d521e263de8856c9faea30f6070537835f8ce39c300f0b11b,"'projects/yukpo-project/logs/run.googleapis.com%2Fstdout",,"'2026-02-17T23:04:19.580330272Z","'yukpo-backend",,"'europe-west1","'yukpo-project",,"'yukpo-backend-00209-hn8","'yukpo-backend",cloud_run_revision,,"'[2m2026-02-17T23:04:19.266934Z[0m [32m INFO[0m [2myukpomnang_backend::utils::db_retry[0m[2m:[0m [DB Retry] Tentative 1/3 échouée (erreur TLS récupérable): error communicating with database: No such file or directory (os error 2). Retry dans 3000ms","'2026-02-17T23:04:19.265256Z"
6994f3f20002872b063badb3,,,,,00da6cd2c464c089e5e44eb66e1fbba3dc8ba46f714374877f940abaf883233cab71c111864b8572af033b2ba7d4f4441974fea6d07e9f8d521e263de8856c9faea30f6070537835f8ce39c300f0b11b,"'projects/yukpo-project/logs/run.googleapis.com%2Fstdout",,"'2026-02-17T23:04:18.250014354Z","'yukpo-backend",,"'europe-west1","'yukpo-project",,"'yukpo-backend-00209-hn8","'yukpo-backend",cloud_run_revision,,"'[2m2026-02-17T23:04:18.167179Z[0m [31mERROR[0m [2myukpomnang_backend::tasks::notification_queue_worker[0m[2m:[0m ❌ Erreur traitement batch notifications: Internal(""Redis connection failed: Connexion Redis échouée: failed to lookup address information: Name or service not known"")","'2026-02-17T23:04:18.165675Z"
6994f3f0000d31e99097ee05,,,,,00da6cd2c464c089e5e44eb66e1fbba3dc8ba46f714374877f940abaf883233cab71c111864b8572af033b2ba7d4f4441974fea6d07e9f8d521e263de8856c9faea30f6070537835f8ce39c300f0b11b,"'projects/yukpo-project/logs/run.googleapis.com%2Fstdout",,"'2026-02-17T23:04:16.917622088Z","'yukpo-backend",,"'europe-west1","'yukpo-project",,"'yukpo-backend-00209-hn8","'yukpo-backend",cloud_run_revision,,"'[2m2026-02-17T23:04:16.866263Z[0m [31mERROR[0m [2myukpomnang_backend::tasks::notification_queue_worker[0m[2m:[0m ❌ Erreur traitement batch notifications: Internal(""Redis connection failed: Connexion Redis échouée: failed to lookup address information: Name or service not known"")","'2026-02-17T23:04:16.864745Z"
6994f3f0000d31d28083535b,,,,,00da6cd2c464c089e5e44eb66e1fbba3dc8ba46f714374877f940abaf883233cab71c111864b8572af033b2ba7d4f4441974fea6d07e9f8d521e263de8856c9faea30f6070537835f8ce39c300f0b11b,"'projects/yukpo-project/logs/run.googleapis.com%2Fstdout",,"'2026-02-17T23:04:16.917622088Z","'yukpo-backend",,"'europe-west1","'yukpo-project",,"'yukpo-backend-00209-hn8","'yukpo-backend",cloud_run_revision,,"'[2m2026-02-17T23:04:16.866222Z[0m [33m WARN[0m [2myukpomnang_backend::utils::redis_helper[0m[2m:[0m ⚠️ [Redis] Toutes les tentatives (3) ont échoué. Dernière erreur: failed to lookup address information: Name or service not known. Redis non disponible - mode dégradé activé.","'2026-02-17T23:04:16.864722Z"
6994f3ef000a4520dc8a875d,,,,,00da6cd2c464c089e5e44eb66e1fbba3dc8ba46f714374877f940abaf883233cab71c111864b8572af033b2ba7d4f4441974fea6d07e9f8d521e263de8856c9faea30f6070537835f8ce39c300f0b11b,"'projects/yukpo-project/logs/run.googleapis.com%2Fstdout",,"'2026-02-17T23:04:15.915169827Z","'yukpo-backend",,"'europe-west1","'yukpo-project",,"'yukpo-backend-00209-hn8","'yukpo-backend",cloud_run_revision,,"'[2m2026-02-17T23:04:15.674152Z[0m [32m INFO[0m [2myukpomnang_backend::utils::db_retry[0m[2m:[0m [DB Retry] Tentative 2/3 échouée (erreur TLS récupérable): error communicating with database: No such file or directory (os error 2). Retry dans 5000ms","'2026-02-17T23:04:15.673056Z"
6994f3ef00059b1d138c1de1,,,,,00da6cd2c464c089e5e44eb66e1fbba3dc8ba46f714374877f940abaf883233cab71c111864b8572af033b2ba7d4f4441974fea6d07e9f8d521e263de8856c9faea30f6070537835f8ce39c300f0b11b,"'projects/yukpo-project/logs/run.googleapis.com%2Fstdout",,"'2026-02-17T23:04:15.584229339Z","'yukpo-backend",,"'europe-west1","'yukpo-project",,"'yukpo-backend-00209-hn8","'yukpo-backend",cloud_run_revision,,"'[2m2026-02-17T23:04:15.368280Z[0m [31mERROR[0m [2myukpomnang_backend::tasks::notification_queue_worker[0m[2m:[0m ❌ Erreur traitement batch notifications: Internal(""Redis connection failed: Connexion Redis échouée: failed to lookup address information: Name or service not known"")","'2026-02-17T23:04:15.367389Z"
6994f3ee0000fcf188b16f73,,,,,00da6cd2c464c089e5e44eb66e1fbba3dc8ba46f714374877f940abaf883233cab71c111864b8572af033b2ba7d4f4441974fea6d07e9f8d521e263de8856c9faea30f6070537835f8ce39c300f0b11b,"'projects/yukpo-project/logs/run.googleapis.com%2Fstdout",,"'2026-02-17T23:04:14.251858047Z","'yukpo-backend",,"'europe-west1","'yukpo-project",,"'yukpo-backend-00209-hn8","'yukpo-backend",cloud_run_revision,,"'[2m2026-02-17T23:04:14.066134Z[0m [31mERROR[0m [2myukpomnang_backend::tasks::notification_queue_worker[0m[2m:[0m ❌ Erreur traitement batch notifications: Internal(""Redis connection failed: Connexion Redis échouée: failed to lookup address information: Name or service not known"")","'2026-02-17T23:04:14.064753Z"
6994f3ed00089fa43f79aac6,,,,,00da6cd2c464c089e5e44eb66e1fbba3dc8ba46f714374877f940abaf883233cab71c111864b8572af033b2ba7d4f4441974fea6d07e9f8d521e263de8856c9faea30f6070537835f8ce39c300f0b11b,"'projects/yukpo-project/logs/run.googleapis.com%2Fstdout",,"'2026-02-17T23:04:13.587210197Z","'yukpo-backend",,"'europe-west1","'yukpo-project",,"'yukpo-backend-00209-hn8","'yukpo-backend",cloud_run_revision,,"'[2m2026-02-17T23:04:13.566366Z[0m [31mERROR[0m [2myukpomnang_backend::services::product_creation_queue[0m[2m:[0m [ProductCreationQueue] ❌ Erreur récupération jobs: ?? Internal error: Erreur récupération jobs: error communicating with database: No such file or directory (os error 2)","'2026-02-17T23:04:13.565156Z"
6994f3ec000a3d9ad2855705,,,,,00da6cd2c464c089e5e44eb66e1fbba3dc8ba46f714374877f940abaf883233cab71c111864b8572af033b2ba7d4f4441974fea6d07e9f8d521e263de8856c9faea30f6070537835f8ce39c300f0b11b,"'projects/yukpo-project/logs/run.googleapis.com%2Fstdout",,"'2026-02-17T23:04:14.063270631Z","'yukpo-backend",,"'europe-west1","'yukpo-project",,"'yukpo-backend-00209-hn8","'yukpo-backend",cloud_run_revision,,"'[2m2026-02-17T23:04:12.672454Z[0m [32m INFO[0m [2myukpomnang_backend::utils::db_retry[0m[2m:[0m [DB Retry] Tentative 1/3 échouée (erreur TLS récupérable): error communicating with database: No such file or directory (os error 2). Retry dans 3000ms","'2026-02-17T23:04:12.671130Z"
6994f3ec000a3cf90a806d5b,,,,,00da6cd2c464c089e5e44eb66e1fbba3dc8ba46f714374877f940abaf883233cab71c111864b8572af033b2ba7d4f4441974fea6d07e9f8d521e263de8856c9faea30f6070537835f8ce39c300f0b11b,"'projects/yukpo-project/logs/run.googleapis.com%2Fstdout",,"'2026-02-17T23:04:14.063270631Z","'yukpo-backend",,"'europe-west1","'yukpo-project",,"'yukpo-backend-00209-hn8","'yukpo-backend",cloud_run_revision,,"'[2m2026-02-17T23:04:12.672258Z[0m [31mERROR[0m [2myukpomnang_backend::tasks::notification_queue_worker[0m[2m:[0m ❌ Erreur traitement batch notifications: Internal(""Redis connection failed: Connexion Redis échouée: failed to lookup address information: Name or service not known"")","'2026-02-17T23:04:12.670969Z"
6994f3eb00058fc54bffd01c,,,,,00da6cd2c464c089e5e44eb66e1fbba3dc8ba46f714374877f940abaf883233cab71c111864b8572af033b2ba7d4f4441974fea6d07e9f8d521e263de8856c9faea30f6070537835f8ce39c300f0b11b,"'projects/yukpo-project/logs/run.googleapis.com%2Fstdout",,"'2026-02-17T23:04:11.587420010Z","'yukpo-backend",,"'europe-west1","'yukpo-project",,"'yukpo-backend-00209-hn8","'yukpo-backend",cloud_run_revision,,"'[2m2026-02-17T23:04:11.365357Z[0m [31mERROR[0m [2myukpomnang_backend::tasks::notification_queue_worker[0m[2m:[0m ❌ Erreur traitement batch notifications: Internal(""Redis connection failed: Connexion Redis échouée: failed to lookup address information: Name or service not known"")","'2026-02-17T23:04:11.364485Z"
6994f3e9000d35eefbe74858,,,,,00da6cd2c464c089e5e44eb66e1fbba3dc8ba46f714374877f940abaf883233cab71c111864b8572af033b2ba7d4f4441974fea6d07e9f8d521e263de8856c9faea30f6070537835f8ce39c300f0b11b,"'projects/yukpo-project/logs/run.googleapis.com%2Fstdout",,"'2026-02-17T23:04:09.924645531Z","'yukpo-backend",,"'europe-west1","'yukpo-project",,"'yukpo-backend-00209-hn8","'yukpo-backend",cloud_run_revision,,"'[2m2026-02-17T23:04:09.866863Z[0m [31mERROR[0m [2myukpomnang_backend::tasks::notification_queue_worker[0m[2m:[0m ❌ Erreur traitement batch notifications: Internal(""Redis connection failed: Connexion Redis échouée: failed to lookup address information: Name or service not known"")","'2026-02-17T23:04:09.865774Z"
6994f3e8000bad2b72c25362,,,,,00da6cd2c464c089e5e44eb66e1fbba3dc8ba46f714374877f940abaf883233cab71c111864b8572af033b2ba7d4f4441974fea6d07e9f8d521e263de8856c9faea30f6070537835f8ce39c300f0b11b,"'projects/yukpo-project/logs/run.googleapis.com%2Fstdout",,"'2026-02-17T23:04:08.925323703Z","'yukpo-backend",,"'europe-west1","'yukpo-project",,"'yukpo-backend-00209-hn8","'yukpo-backend",cloud_run_revision,,"'[2m2026-02-17T23:04:08.766817Z[0m [31mERROR[0m [2myukpomnang_backend::services::live_flash_sale_service[0m[2m:[0m process_timers live flash sales failed: Database(""error communicating with database: No such file or directory (os error 2)"")","'2026-02-17T23:04:08.765227Z"
6994f3e8000bad173af75817,,,,,00da6cd2c464c089e5e44eb66e1fbba3dc8ba46f714374877f940abaf883233cab71c111864b8572af033b2ba7d4f4441974fea6d07e9f8d521e263de8856c9faea30f6070537835f8ce39c300f0b11b,"'projects/yukpo-project/logs/run.googleapis.com%2Fstdout",,"'2026-02-17T23:04:08.925323703Z","'yukpo-backend",,"'europe-west1","'yukpo-project",,"'yukpo-backend-00209-hn8","'yukpo-backend",cloud_run_revision,,"'[2m2026-02-17T23:04:08.766788Z[0m [31mERROR[0m [2myukpomnang_backend::tasks::delivery_notification_repeat[0m[2m:[0m ❌ [DeliveryNotifications] Erreur lors de la répétition: Io(Os { code: 2, kind: NotFound, message: ""No such file or directory"" })","'2026-02-17T23:04:08.765207Z"
6994f3e800089ff5e6de0b07,,,,,00da6cd2c464c089e5e44eb66e1fbba3dc8ba46f714374877f940abaf883233cab71c111864b8572af033b2ba7d4f4441974fea6d07e9f8d521e263de8856c9faea30f6070537835f8ce39c300f0b11b,"'projects/yukpo-project/logs/run.googleapis.com%2Fstdout",,"'2026-02-17T23:04:08.590559685Z","'yukpo-backend",,"'europe-west1","'yukpo-project",,"'yukpo-backend-00209-hn8","'yukpo-backend",cloud_run_revision,,"'[2m2026-02-17T23:04:08.566874Z[0m [31mERROR[0m [2myukpomnang_backend::tasks::notification_queue_worker[0m[2m:[0m ❌ Erreur traitement batch notifications: Internal(""Redis connection failed: Connexion Redis échouée: failed to lookup address information: Name or service not known"")","'2026-02-17T23:04:08.565237Z"
6994f3e6000ebba080f7ab51,,,,,00da6cd2c464c089e5e44eb66e1fbba3dc8ba46f714374877f940abaf883233cab71c111864b8572af033b2ba7d4f4441974fea6d07e9f8d521e263de8856c9faea30f6070537835f8ce39c300f0b11b,"'projects/yukpo-project/logs/run.googleapis.com%2Fstdout",,"'2026-02-17T23:04:07.259209801Z","'yukpo-backend",,"'europe-west1","'yukpo-project",,"'yukpo-backend-00209-hn8","'yukpo-backend",cloud_run_revision,,"'[2m2026-02-17T23:04:06.966746Z[0m [31mERROR[0m [2myukpomnang_backend::tasks::notification_queue_worker[0m[2m:[0m ❌ Erreur traitement batch notifications: Internal(""Redis connection failed: Connexion Redis échouée: failed to lookup address information: Name or service not known"")","'2026-02-17T23:04:06.965536Z"
6994f3e6000412b7dadfaebb,,,,,00da6cd2c464c089e5e44eb66e1fbba3dc8ba46f714374877f940abaf883233cab71c111864b8572af033b2ba7d4f4441974fea6d07e9f8d521e263de8856c9faea30f6070537835f8ce39c300f0b11b,"'projects/yukpo-project/logs/run.googleapis.com%2Fstdout",,"'2026-02-17T23:04:06.595463Z","'yukpo-backend",,"'europe-west1","'yukpo-project",,"'yukpo-backend-00209-hn8","'yukpo-backend",cloud_run_revision,,"'[2m2026-02-17T23:04:06.268261Z[0m [33m WARN[0m [2myukpomnang_backend::utils::db_monitor[0m[2m:[0m [DB Monitor] ⚠️ Pool unhealthy - Error: error communicating with database: No such file or directory (os error 2), Size: 0, Active: 0, Idle: 0","'2026-02-17T23:04:06.266935Z"
6994f3e50008a147f5dae273,,,,,00da6cd2c464c089e5e44eb66e1fbba3dc8ba46f714374877f940abaf883233cab71c111864b8572af033b2ba7d4f4441974fea6d07e9f8d521e263de8856c9faea30f6070537835f8ce39c300f0b11b,"'projects/yukpo-project/logs/run.googleapis.com%2Fstdout",,"'2026-02-17T23:04:05.595415691Z","'yukpo-backend",,"'europe-west1","'yukpo-project",,"'yukpo-backend-00209-hn8","'yukpo-backend",cloud_run_revision,,"'[2m2026-02-17T23:04:05.566629Z[0m [31mERROR[0m [2myukpomnang_backend::tasks::notification_queue_worker[0m[2m:[0m ❌ Erreur traitement batch notifications: Internal(""Redis connection failed: Connexion Redis échouée: failed to lookup address information: Name or service not known"")","'2026-02-17T23:04:05.565575Z"
6994f3e40002839029be96a1,,,,,00da6cd2c464c089e5e44eb66e1fbba3dc8ba46f714374877f940abaf883233cab71c111864b8572af033b2ba7d4f4441974fea6d07e9f8d521e263de8856c9faea30f6070537835f8ce39c300f0b11b,"'projects/yukpo-project/logs/run.googleapis.com%2Fstdout",,"'2026-02-17T23:04:04.261303796Z","'yukpo-backend",,"'europe-west1","'yukpo-project",,"'yukpo-backend-00209-hn8","'yukpo-backend",cloud_run_revision,,"'[2m2026-02-17T23:04:04.165634Z[0m [31mERROR[0m [2myukpomnang_backend::tasks::notification_queue_worker[0m[2m:[0m ❌ Erreur traitement batch notifications: Internal(""Redis connection failed: Connexion Redis échouée: failed to lookup address information: Name or service not known"")","'2026-02-17T23:04:04.164752Z"
6994f3e300059efbc005c9e4,,,,,00da6cd2c464c089e5e44eb66e1fbba3dc8ba46f714374877f940abaf883233cab71c111864b8572af033b2ba7d4f4441974fea6d07e9f8d521e263de8856c9faea30f6070537835f8ce39c300f0b11b,"'projects/yukpo-project/logs/run.googleapis.com%2Fstdout",,"'2026-02-17T23:04:03.596936874Z","'yukpo-backend",,"'europe-west1","'yukpo-project",,"'yukpo-backend-00209-hn8","'yukpo-backend",cloud_run_revision,,"'[2m2026-02-17T23:04:03.369353Z[0m [31mERROR[0m [2myukpomnang_backend::services::product_creation_queue[0m[2m:[0m [ProductCreationQueue] ❌ Erreur récupération jobs: ?? Internal error: Erreur récupération jobs: error communicating with database: No such file or directory (os error 2)","'2026-02-17T23:04:03.368379Z"
6994f3e2000bc67b79ca0c5d,,,,,00da6cd2c464c089e5e44eb66e1fbba3dc8ba46f714374877f940abaf883233cab71c111864b8572af033b2ba7d4f4441974fea6d07e9f8d521e263de8856c9faea30f6070537835f8ce39c300f0b11b,"'projects/yukpo-project/logs/run.googleapis.com%2Fstdout",,"'2026-02-17T23:04:02.930289960Z","'yukpo-backend",,"'europe-west1","'yukpo-project",,"'yukpo-backend-00209-hn8","'yukpo-backend",cloud_run_revision,,"'[2m2026-02-17T23:04:02.772665Z[0m [31mERROR[0m [2myukpomnang_backend::tasks::notification_queue_worker[0m[2m:[0m ❌ Erreur traitement batch notifications: Internal(""Redis connection failed: Connexion Redis échouée: failed to lookup address information: Name or service not known"")","'2026-02-17T23:04:02.771707Z"
6994f3e10008a088cc90a454,,,,,00da6cd2c464c089e5e44eb66e1fbba3dc8ba46f714374877f940abaf883233cab71c111864b8572af033b2ba7d4f4441974fea6d07e9f8d521e263de8856c9faea30f6070537835f8ce39c300f0b11b,"'projects/yukpo-project/logs/run.googleapis.com%2Fstdout",,"'2026-02-17T23:04:01.598618516Z","'yukpo-backend",,"'europe-west1","'yukpo-project",,"'yukpo-backend-00209-hn8","'yukpo-backend",cloud_run_revision,,"'[2m2026-02-17T23:04:01.566652Z[0m [31mERROR[0m [2myukpomnang_backend::tasks::notification_queue_worker[0m[2m:[0m ❌ Erreur traitement batch notifications: Internal(""Redis connection failed: Connexion Redis échouée: failed to lookup address information: Name or service not known"")","'2026-02-17T23:04:01.565384Z"
6994f3e000041a48c96ddae1,,,,,00da6cd2c464c089e5e44eb66e1fbba3dc8ba46f714374877f940abaf883233cab71c111864b8572af033b2ba7d4f4441974fea6d07e9f8d521e263de8856c9faea30f6070537835f8ce39c300f0b11b,"'projects/yukpo-project/logs/run.googleapis.com%2Fstdout",,"'2026-02-17T23:04:00.600778638Z","'yukpo-backend",,"'europe-west1","'yukpo-project",,"'yukpo-backend-00209-hn8","'yukpo-backend",cloud_run_revision,,"'[2m2026-02-17T23:04:00.270623Z[0m [31mERROR[0m [2myukpomnang_backend::tasks::notification_queue_worker[0m[2m:[0m ❌ Erreur traitement batch notifications: Internal(""Redis connection failed: Connexion Redis échouée: failed to lookup address information: Name or service not known"")","'2026-02-17T23:04:00.268872Z"
6994f3de000d329817849fb7,,,,,00da6cd2c464c089e5e44eb66e1fbba3dc8ba46f714374877f940abaf883233cab71c111864b8572af033b2ba7d4f4441974fea6d07e9f8d521e263de8856c9faea30f6070537835f8ce39c300f0b11b,"'projects/yukpo-project/logs/run.googleapis.com%2Fstdout",,"'2026-02-17T23:03:58.932659206Z","'yukpo-backend",,"'europe-west1","'yukpo-project",,"'yukpo-backend-00209-hn8","'yukpo-backend",cloud_run_revision,,"'[2m2026-02-17T23:03:58.866391Z[0m [31mERROR[0m [2myukpomnang_backend::tasks::notification_queue_worker[0m[2m:[0m ❌ Erreur traitement batch notifications: Internal(""Redis connection failed: Connexion Redis échouée: failed to lookup address information: Name or service not known"")","'2026-02-17T23:03:58.864920Z"
6994f3dd000408e9fa4f90b6,,,,,00da6cd2c464c089e5e44eb66e1fbba3dc8ba46f714374877f940abaf883233cab71c111864b8572af033b2ba7d4f4441974fea6d07e9f8d521e263de8856c9faea30f6070537835f8ce39c300f0b11b,"'projects/yukpo-project/logs/run.googleapis.com%2Fstdout",,"'2026-02-17T23:03:57.268476796Z","'yukpo-backend",,"'europe-west1","'yukpo-project",,"'yukpo-backend-00209-hn8","'yukpo-backend",cloud_run_revision,,"'[2m2026-02-17T23:03:57.263181Z[0m [31mERROR[0m [2myukpomnang_backend::tasks::notification_queue_worker[0m[2m:[0m ❌ Erreur traitement batch notifications: Internal(""Redis connection failed: Connexion Redis échouée: failed to lookup address information: Name or service not known"")","'2026-02-17T23:03:57.264425Z"
6994f3db000ebae324ca2c61,,,,,00da6cd2c464c089e5e44eb66e1fbba3dc8ba46f714374877f940abaf883233cab71c111864b8572af033b2ba7d4f4441974fea6d07e9f8d521e263de8856c9faea30f6070537835f8ce39c300f0b11b,"'projects/yukpo-project/logs/run.googleapis.com%2Fstdout",,"'2026-02-17T23:03:56.269919094Z","'yukpo-backend",,"'europe-west1","'yukpo-project",,"'yukpo-backend-00209-hn8","'yukpo-backend",cloud_run_revision,,"'[2m2026-02-17T23:03:55.966747Z[0m [31mERROR[0m [2myukpomnang_backend::tasks::notification_queue_worker[0m[2m:[0m ❌ Erreur traitement batch notifications: Internal(""Redis connection failed: Connexion Redis échouée: failed to lookup address information: Name or service not known"")","'2026-02-17T23:03:55.965347Z"
6994f3da000a27df3cdb7b93,,,,,00da6cd2c464c089e5e44eb66e1fbba3dc8ba46f714374877f940abaf883233cab71c111864b8572af033b2ba7d4f4441974fea6d07e9f8d521e263de8856c9faea30f6070537835f8ce39c300f0b11b,"'projects/yukpo-project/logs/run.googleapis.com%2Fstdout",,"'2026-02-17T23:03:54.937014732Z","'yukpo-backend",,"'europe-west1","'yukpo-project",,"'yukpo-backend-00209-hn8","'yukpo-backend",cloud_run_revision,,"'[2m2026-02-17T23:03:54.667039Z[0m [31mERROR[0m [2myukpomnang_backend::tasks::notification_queue_worker[0m[2m:[0m ❌ Erreur traitement batch notifications: Internal(""Redis connection failed: Connexion Redis échouée: failed to lookup address information: Name or service not known"")","'2026-02-17T23:03:54.665567Z"
6994f3d9000595344c6d5298,,,,,00da6cd2c464c089e5e44eb66e1fbba3dc8ba46f714374877f940abaf883233cab71c111864b8572af033b2ba7d4f4441974fea6d07e9f8d521e263de8856c9faea30f6070537835f8ce39c300f0b11b,"'projects/yukpo-project/logs/run.googleapis.com%2Fstdout",,"'2026-02-17T23:03:53.605850293Z","'yukpo-backend",,"'europe-west1","'yukpo-project",,"'yukpo-backend-00209-hn8","'yukpo-backend",cloud_run_revision,,"'[2m2026-02-17T23:03:53.367242Z[0m [31mERROR[0m [2myukpomnang_backend::services::product_creation_queue[0m[2m:[0m [ProductCreationQueue] ❌ Erreur récupération jobs: ?? Internal error: Erreur récupération jobs: error communicating with database: No such file or directory (os error 2)","'2026-02-17T23:03:53.365876Z"
6994f3d9000412cbb512c8b0,,,,,00da6cd2c464c089e5e44eb66e1fbba3dc8ba46f714374877f940abaf883233cab71c111864b8572af033b2ba7d4f4441974fea6d07e9f8d521e263de8856c9faea30f6070537835f8ce39c300f0b11b,"'projects/yukpo-project/logs/run.googleapis.com%2Fstdout",,"'2026-02-17T23:03:53.271559476Z","'yukpo-backend",,"'europe-west1","'yukpo-project",,"'yukpo-backend-00209-hn8","'yukpo-backend",cloud_run_revision,,"'[2m2026-02-17T23:03:53.268311Z[0m [31mERROR[0m [2myukpomnang_backend::tasks::notification_queue_worker[0m[2m:[0m ❌ Erreur traitement batch notifications: Internal(""Redis connection failed: Connexion Redis échouée: failed to lookup address information: Name or service not known"")","'2026-02-17T23:03:53.266955Z"
6994f3d7000b6243f07f8e94,,,,,00da6cd2c464c089e5e44eb66e1fbba3dc8ba46f714374877f940abaf883233cab71c111864b8572af033b2ba7d4f4441974fea6d07e9f8d521e263de8856c9faea30f6070537835f8ce39c300f0b11b,"'projects/yukpo-project/logs/run.googleapis.com%2Fstdout",,"'2026-02-17T23:03:51.940171795Z","'yukpo-backend",,"'europe-west1","'yukpo-project",,"'yukpo-backend-00209-hn8","'yukpo-backend",cloud_run_revision,,"'[2m2026-02-17T23:03:51.747435Z[0m [31mERROR[0m [2myukpomnang_backend::tasks::notification_queue_worker[0m[2m:[0m ❌ Erreur traitement batch notifications: Internal(""Redis connection failed: Connexion Redis échouée: failed to lookup address information: Name or service not known"")","'2026-02-17T23:03:51.746051Z"
6994f3d600073ca5f50c6111,,,,,00da6cd2c464c089e5e44eb66e1fbba3dc8ba46f714374877f940abaf883233cab71c111864b8572af033b2ba7d4f4441974fea6d07e9f8d521e263de8856c9faea30f6070537835f8ce39c300f0b11b,"'projects/yukpo-project/logs/run.googleapis.com%2Fstdout",,"'2026-02-17T23:03:50.609842500Z","'yukpo-backend",,"'europe-west1","'yukpo-project",,"'yukpo-backend-00209-hn8","'yukpo-backend",cloud_run_revision,,"'[2m2026-02-17T23:03:50.475274Z[0m [31mERROR[0m [2myukpomnang_backend::tasks::notification_queue_worker[0m[2m:[0m ❌ Erreur traitement batch notifications: Internal(""Redis connection failed: Connexion Redis échouée: failed to lookup address information: Name or service not known"")","'2026-02-17T23:03:50.474277Z"
6994f3d5000282b6a103ce08,,,,,00da6cd2c464c089e5e44eb66e1fbba3dc8ba46f714374877f940abaf883233cab71c111864b8572af033b2ba7d4f4441974fea6d07e9f8d521e263de8856c9faea30f6070537835f8ce39c300f0b11b,"'projects/yukpo-project/logs/run.googleapis.com%2Fstdout",,"'2026-02-17T23:03:49.279033753Z","'yukpo-backend",,"'europe-west1","'yukpo-project",,"'yukpo-backend-00209-hn8","'yukpo-backend",cloud_run_revision,,"'[2m2026-02-17T23:03:49.166060Z[0m [31mERROR[0m [2myukpomnang_backend::tasks::notification_queue_worker[0m[2m:[0m ❌ Erreur traitement batch notifications: Internal(""Redis connection failed: Connexion Redis échouée: failed to lookup address information: Name or service not known"")","'2026-02-17T23:03:49.164534Z"
6994f3d300067ebcc4560bd3,,,,,00da6cd2c464c089e5e44eb66e1fbba3dc8ba46f714374877f940abaf883233cab71c111864b8572af033b2ba7d4f4441974fea6d07e9f8d521e263de8856c9faea30f6070537835f8ce39c300f0b11b,"'projects/yukpo-project/logs/run.googleapis.com%2Fstdout",,"'2026-02-17T23:03:47.612207458Z","'yukpo-backend",,"'europe-west1","'yukpo-project",,"'yukpo-backend-00209-hn8","'yukpo-backend",cloud_run_revision,,"'[2m2026-02-17T23:03:47.426917Z[0m [31mERROR[0m [2myukpomnang_backend::tasks::notification_queue_worker[0m[2m:[0m ❌ Erreur traitement batch notifications: Internal(""Redis connection failed: Connexion Redis échouée: failed to lookup address information: Name or service not known"")","'2026-02-17T23:03:47.425660Z"
6994f3d200011ad953ce66db,,,,,00da6cd2c464c089e5e44eb66e1fbba3dc8ba46f714374877f940abaf883233cab71c111864b8572af033b2ba7d4f4441974fea6d07e9f8d521e263de8856c9faea30f6070537835f8ce39c300f0b11b,"'projects/yukpo-project/logs/run.googleapis.com%2Fstdout",,"'2026-02-17T23:03:46.280779854Z","'yukpo-backend",,"'europe-west1","'yukpo-project",,"'yukpo-backend-00209-hn8","'yukpo-backend",cloud_run_revision,,"'[2m2026-02-17T23:03:46.073282Z[0m [31mERROR[0m [2myukpomnang_backend::tasks::notification_queue_worker[0m[2m:[0m ❌ Erreur traitement batch notifications: Internal(""Redis connection failed: Connexion Redis échouée: failed to lookup address information: Name or service not known"")","'2026-02-17T23:03:46.072409Z"
6994f3d0000bc6d9f7957ce5,,,,,00da6cd2c464c089e5e44eb66e1fbba3dc8ba46f714374877f940abaf883233cab71c111864b8572af033b2ba7d4f4441974fea6d07e9f8d521e263de8856c9faea30f6070537835f8ce39c300f0b11b,"'projects/yukpo-project/logs/run.googleapis.com%2Fstdout",,"'2026-02-17T23:03:44.946617530Z","'yukpo-backend",,"'europe-west1","'yukpo-project",,"'yukpo-backend-00209-hn8","'yukpo-backend",cloud_run_revision,,"'[2m2026-02-17T23:03:44.772941Z[0m [31mERROR[0m [2myukpomnang_backend::tasks::notification_queue_worker[0m[2m:[0m ❌ Erreur traitement batch notifications: Internal(""Redis connection failed: Connexion Redis échouée: failed to lookup address information: Name or service not known"")","'2026-02-17T23:03:44.771801Z"
6994f3cf000d5f526b71666c,,,,,00da6cd2c464c089e5e44eb66e1fbba3dc8ba46f714374877f940abaf883233cab71c111864b8572af033b2ba7d4f4441974fea6d07e9f8d521e263de8856c9faea30f6070537835f8ce39c300f0b11b,"'projects/yukpo-project/logs/run.googleapis.com%2Fstdout",,"'2026-02-17T23:03:43.948515046Z","'yukpo-backend",,"'europe-west1","'yukpo-project",,"'yukpo-backend-00209-hn8","'yukpo-backend",cloud_run_revision,,"'[2m2026-02-17T23:03:43.877600Z[0m [33m WARN[0m [2myukpomnang_backend::tasks::delivery_matching_worker[0m[2m:[0m [DeliveryMatchingWorker] Itération échouée: ?? Internal error: 3 workers ont échoué. Nouvelle tentative programmée.","'2026-02-17T23:03:43.876370Z"
6994f3cf000d5f2b2e8e3539,,,,,00da6cd2c464c089e5e44eb66e1fbba3dc8ba46f714374877f940abaf883233cab71c111864b8572af033b2ba7d4f4441974fea6d07e9f8d521e263de8856c9faea30f6070537835f8ce39c300f0b11b,"'projects/yukpo-project/logs/run.googleapis.com%2Fstdout",,"'2026-02-17T23:03:43.948515046Z","'yukpo-backend",,"'europe-west1","'yukpo-project",,"'yukpo-backend-00209-hn8","'yukpo-backend",cloud_run_revision,,"'[2m2026-02-17T23:03:43.877502Z[0m [31mERROR[0m [2myukpomnang_backend::tasks::delivery_matching_worker[0m[2m:[0m [DeliveryMatchingWorker] Worker 1: Erreur après retries: ?? Database error: error communicating with database: No such file or directory (os error 2)","'2026-02-17T23:03:43.876331Z"
6994f3cf000d5f09be721777,,,,,00da6cd2c464c089e5e44eb66e1fbba3dc8ba46f714374877f940abaf883233cab71c111864b8572af033b2ba7d4f4441974fea6d07e9f8d521e263de8856c9faea30f6070537835f8ce39c300f0b11b,"'projects/yukpo-project/logs/run.googleapis.com%2Fstdout",,"'2026-02-17T23:03:43.948515046Z","'yukpo-backend",,"'europe-west1","'yukpo-project",,"'yukpo-backend-00209-hn8","'yukpo-backend",cloud_run_revision,,"'[2m2026-02-17T23:03:43.877525Z[0m [31mERROR[0m [2myukpomnang_backend::tasks::delivery_matching_worker[0m[2m:[0m [DeliveryMatchingWorker] Worker 2: Erreur après retries: ?? Database error: error communicating with database: No such file or directory (os error 2)","'2026-02-17T23:03:43.876297Z"
6994f3cf000d5f03169f8db0,,,,,00da6cd2c464c089e5e44eb66e1fbba3dc8ba46f714374877f940abaf883233cab71c111864b8572af033b2ba7d4f4441974fea6d07e9f8d521e263de8856c9faea30f6070537835f8ce39c300f0b11b,"'projects/yukpo-project/logs/run.googleapis.com%2Fstdout",,"'2026-02-17T23:03:43.948515046Z","'yukpo-backend",,"'europe-west1","'yukpo-project",,"'yukpo-backend-00209-hn8","'yukpo-backend",cloud_run_revision,,"'[2m2026-02-17T23:03:43.877512Z[0m [31mERROR[0m [2myukpomnang_backend::utils::db_retry[0m[2m:[0m [Service Retry] ❌ Toutes les 3 tentatives ont échoué. Dernière erreur: ?? Database error: error communicating with database: No such file or directory (os error 2)","'2026-02-17T23:03:43.876291Z"
6994f3cf000d5eea48bcef9b,,,,,00da6cd2c464c089e5e44eb66e1fbba3dc8ba46f714374877f940abaf883233cab71c111864b8572af033b2ba7d4f4441974fea6d07e9f8d521e263de8856c9faea30f6070537835f8ce39c300f0b11b,"'projects/yukpo-project/logs/run.googleapis.com%2Fstdout",,"'2026-02-17T23:03:43.948515046Z","'yukpo-backend",,"'europe-west1","'yukpo-project",,"'yukpo-backend-00209-hn8","'yukpo-backend",cloud_run_revision,,"'[2m2026-02-17T23:03:43.877321Z[0m [31mERROR[0m [2myukpomnang_backend::utils::db_retry[0m[2m:[0m [DB Retry] ❌ Toutes les 3 tentatives ont échoué. Dernière erreur: error communicating with database: No such file or directory (os error 2)","'2026-02-17T23:03:43.876266Z"
6994f3cf000d5ec03b2acc4f,,,,,00da6cd2c464c089e5e44eb66e1fbba3dc8ba46f714374877f940abaf883233cab71c111864b8572af033b2ba7d4f4441974fea6d07e9f8d521e263de8856c9faea30f6070537835f8ce39c300f0b11b,"'projects/yukpo-project/logs/run.googleapis.com%2Fstdout",,"'2026-02-17T23:03:43.948515046Z","'yukpo-backend",,"'europe-west1","'yukpo-project",,"'yukpo-backend-00209-hn8","'yukpo-backend",cloud_run_revision,,"'[2m2026-02-17T23:03:43.877377Z[0m [31mERROR[0m [2myukpomnang_backend::utils::db_retry[0m[2m:[0m [Service Retry] ❌ Toutes les 3 tentatives ont échoué. Dernière erreur: ?? Database error: error communicating with database: No such file or directory (os error 2)","'2026-02-17T23:03:43.876224Z"
6994f3cf000d5e9dbc93b143,,,,,00da6cd2c464c089e5e44eb66e1fbba3dc8ba46f714374877f940abaf883233cab71c111864b8572af033b2ba7d4f4441974fea6d07e9f8d521e263de8856c9faea30f6070537835f8ce39c300f0b11b,"'projects/yukpo-project/logs/run.googleapis.com%2Fstdout",,"'2026-02-17T23:03:43.948515046Z","'yukpo-backend",,"'europe-west1","'yukpo-project",,"'yukpo-backend-00209-hn8","'yukpo-backend",cloud_run_revision,,"'[2m2026-02-17T23:03:43.877418Z[0m [31mERROR[0m [2myukpomnang_backend::tasks::delivery_matching_worker[0m[2m:[0m [DeliveryMatchingWorker] Worker 0: Erreur après retries: ?? Database error: error communicating with database: No such file or directory (os error 2)","'2026-02-17T23:03:43.876189Z"
6994f3cf000d5e8f832367d4,,,,,00da6cd2c464c089e5e44eb66e1fbba3dc8ba46f714374877f940abaf883233cab71c111864b8572af033b2ba7d4f4441974fea6d07e9f8d521e263de8856c9faea30f6070537835f8ce39c300f0b11b,"'projects/yukpo-project/logs/run.googleapis.com%2Fstdout",,"'2026-02-17T23:03:43.948515046Z","'yukpo-backend",,"'europe-west1","'yukpo-project",,"'yukpo-backend-00209-hn8","'yukpo-backend",cloud_run_revision,,"'[2m2026-02-17T23:03:43.877403Z[0m [31mERROR[0m [2myukpomnang_backend::utils::db_retry[0m[2m:[0m [Service Retry] ❌ Toutes les 3 tentatives ont échoué. Dernière erreur: ?? Database error: error communicating with database: No such file or directory (os error 2)","'2026-02-17T23:03:43.876175Z"
6994f3cf000d5e79c446ebae,,,,,00da6cd2c464c089e5e44eb66e1fbba3dc8ba46f714374877f940abaf883233cab71c111864b8572af033b2ba7d4f4441974fea6d07e9f8d521e263de8856c9faea30f6070537835f8ce39c300f0b11b,"'projects/yukpo-project/logs/run.googleapis.com%2Fstdout",,"'2026-02-17T23:03:43.948515046Z","'yukpo-backend",,"'europe-west1","'yukpo-project",,"'yukpo-backend-00209-hn8","'yukpo-backend",cloud_run_revision,,"'[2m2026-02-17T23:03:43.877377Z[0m [31mERROR[0m [2myukpomnang_backend::utils::db_retry[0m[2m:[0m [DB Retry] ❌ Toutes les 3 tentatives ont échoué. Dernière erreur: error communicating with database: No such file or directory (os error 2)","'2026-02-17T23:03:43.876153Z"
6994f3cf000d5e700b03c449,,,,,00da6cd2c464c089e5e44eb66e1fbba3dc8ba46f714374877f940abaf883233cab71c111864b8572af033b2ba7d4f4441974fea6d07e9f8d521e263de8856c9faea30f6070537835f8ce39c300f0b11b,"'projects/yukpo-project/logs/run.googleapis.com%2Fstdout",,"'2026-02-17T23:03:43.948515046Z","'yukpo-backend",,"'europe-west1","'yukpo-project",,"'yukpo-backend-00209-hn8","'yukpo-backend",cloud_run_revision,,"'[2m2026-02-17T23:03:43.877321Z[0m [31mERROR[0m [2myukpomnang_backend::utils::db_retry[0m[2m:[0m [DB Retry] ❌ Toutes les 3 tentatives ont échoué. Dernière erreur: error communicating with database: No such file or directory (os error 2)","'2026-02-17T23:03:43.876144Z"
6994f3cf0008a21fd34576a5,,,,,00da6cd2c464c089e5e44eb66e1fbba3dc8ba46f714374877f940abaf883233cab71c111864b8572af033b2ba7d4f4441974fea6d07e9f8d521e263de8856c9faea30f6070537835f8ce39c300f0b11b,"'projects/yukpo-project/logs/run.googleapis.com%2Fstdout",,"'2026-02-17T23:03:43.615464327Z","'yukpo-backend",,"'europe-west1","'yukpo-project",,"'yukpo-backend-00209-hn8","'yukpo-backend",cloud_run_revision,,"'[2m2026-02-17T23:03:43.566845Z[0m [31mERROR[0m [2myukpomnang_backend::tasks::notification_queue_worker[0m[2m:[0m ❌ Erreur traitement batch notifications: Internal(""Redis connection failed: Connexion Redis échouée: failed to lookup address information: Name or service not known"")","'2026-02-17T23:03:43.565791Z"
6994f3cf000590674e83969f,,,,,00da6cd2c464c089e5e44eb66e1fbba3dc8ba46f714374877f940abaf883233cab71c111864b8572af033b2ba7d4f4441974fea6d07e9f8d521e263de8856c9faea30f6070537835f8ce39c300f0b11b,"'projects/yukpo-project/logs/run.googleapis.com%2Fstdout",,"'2026-02-17T23:03:43.615464327Z","'yukpo-backend",,"'europe-west1","'yukpo-project",,"'yukpo-backend-00209-hn8","'yukpo-backend",cloud_run_revision,,"'[2m2026-02-17T23:03:43.365669Z[0m [31mERROR[0m [2myukpomnang_backend::services::product_creation_queue[0m[2m:[0m [ProductCreationQueue] ❌ Erreur récupération jobs: ?? Internal error: Erreur récupération jobs: error communicating with database: No such file or directory (os error 2)","'2026-02-17T23:03:43.364647Z"
6994f3ce00028494912e8cb6,,,,,00da6cd2c464c089e5e44eb66e1fbba3dc8ba46f714374877f940abaf883233cab71c111864b8572af033b2ba7d4f4441974fea6d07e9f8d521e263de8856c9faea30f6070537835f8ce39c300f0b11b,"'projects/yukpo-project/logs/run.googleapis.com%2Fstdout",,"'2026-02-17T23:03:42.282975170Z","'yukpo-backend",,"'europe-west1","'yukpo-project",,"'yukpo-backend-00209-hn8","'yukpo-backend",cloud_run_revision,,"'[2m2026-02-17T23:03:42.166204Z[0m [31mERROR[0m [2myukpomnang_backend::tasks::notification_queue_worker[0m[2m:[0m ❌ Erreur traitement batch notifications: Internal(""Redis connection failed: Connexion Redis échouée: failed to lookup address information: Name or service not known"")","'2026-02-17T23:03:42.165012Z"
6994f3cc000d650dbec0ca0b,,,,,00da6cd2c464c089e5e44eb66e1fbba3dc8ba46f714374877f940abaf883233cab71c111864b8572af033b2ba7d4f4441974fea6d07e9f8d521e263de8856c9faea30f6070537835f8ce39c300f0b11b,"'projects/yukpo-project/logs/run.googleapis.com%2Fstdout",,"'2026-02-17T23:03:40.951105022Z","'yukpo-backend",,"'europe-west1","'yukpo-project",,"'yukpo-backend-00209-hn8","'yukpo-backend",cloud_run_revision,,"'[2m2026-02-17T23:03:40.879297Z[0m [31mERROR[0m [2myukpomnang_backend::tasks::notification_queue_worker[0m[2m:[0m ❌ Erreur traitement batch notifications: Internal(""Redis connection failed: Connexion Redis échouée: failed to lookup address information: Name or service not known"")","'2026-02-17T23:03:40.877837Z"
6994f3cb000a3f46fd50493d,,,,,00da6cd2c464c089e5e44eb66e1fbba3dc8ba46f714374877f940abaf883233cab71c111864b8572af033b2ba7d4f4441974fea6d07e9f8d521e263de8856c9faea30f6070537835f8ce39c300f0b11b,"'projects/yukpo-project/logs/run.googleapis.com%2Fstdout",,"'2026-02-17T23:03:39.952746851Z","'yukpo-backend",,"'europe-west1","'yukpo-project",,"'yukpo-backend-00209-hn8","'yukpo-backend",cloud_run_revision,,"'[2m2026-02-17T23:03:39.672743Z[0m [31mERROR[0m [2myukpomnang_backend::tasks::notification_queue_worker[0m[2m:[0m ❌ Erreur traitement batch notifications: Internal(""Redis connection failed: Connexion Redis échouée: failed to lookup address information: Name or service not known"")","'2026-02-17T23:03:39.671558Z"
6994f3ca000d5a4b28d225eb,,,,,00da6cd2c464c089e5e44eb66e1fbba3dc8ba46f714374877f940abaf883233cab71c111864b8572af033b2ba7d4f4441974fea6d07e9f8d521e263de8856c9faea30f6070537835f8ce39c300f0b11b,"'projects/yukpo-project/logs/run.googleapis.com%2Fstdout",,"'2026-02-17T23:03:38.953163469Z","'yukpo-backend",,"'europe-west1","'yukpo-project",,"'yukpo-backend-00209-hn8","'yukpo-backend",cloud_run_revision,,"'[2m2026-02-17T23:03:38.876234Z[0m [32m INFO[0m [2myukpomnang_backend::utils::db_retry[0m[2m:[0m [DB Retry] Tentative 2/3 échouée (erreur TLS récupérable): error communicating with database: No such file or directory (os error 2). Retry dans 5000ms","'2026-02-17T23:03:38.875083Z"
6994f3ca000d5a0c27a7937e,,,,,00da6cd2c464c089e5e44eb66e1fbba3dc8ba46f714374877f940abaf883233cab71c111864b8572af033b2ba7d4f4441974fea6d07e9f8d521e263de8856c9faea30f6070537835f8ce39c300f0b11b,"'projects/yukpo-project/logs/run.googleapis.com%2Fstdout",,"'2026-02-17T23:03:38.953163469Z","'yukpo-backend",,"'europe-west1","'yukpo-project",,"'yukpo-backend-00209-hn8","'yukpo-backend",cloud_run_revision,,"'[2m2026-02-17T23:03:38.876162Z[0m [32m INFO[0m [2myukpomnang_backend::utils::db_retry[0m[2m:[0m [DB Retry] Tentative 2/3 échouée (erreur TLS récupérable): error communicating with database: No such file or directory (os error 2). Retry dans 5000ms","'2026-02-17T23:03:38.875020Z"
6994f3ca000d5a0209478675,,,,,00da6cd2c464c089e5e44eb66e1fbba3dc8ba46f714374877f940abaf883233cab71c111864b8572af033b2ba7d4f4441974fea6d07e9f8d521e263de8856c9faea30f6070537835f8ce39c300f0b11b,"'projects/yukpo-project/logs/run.googleapis.com%2Fstdout",,"'2026-02-17T23:03:38.953163469Z","'yukpo-backend",,"'europe-west1","'yukpo-project",,"'yukpo-backend-00209-hn8","'yukpo-backend",cloud_run_revision,,"'[2m2026-02-17T23:03:38.876162Z[0m [32m INFO[0m [2myukpomnang_backend::utils::db_retry[0m[2m:[0m [DB Retry] Tentative 2/3 échouée (erreur TLS récupérable): error communicating with database: No such file or directory (os error 2). Retry dans 5000ms","'2026-02-17T23:03:38.875010Z"
6994f3ca000bb159e8840122,,,,,00da6cd2c464c089e5e44eb66e1fbba3dc8ba46f714374877f940abaf883233cab71c111864b8572af033b2ba7d4f4441974fea6d07e9f8d521e263de8856c9faea30f6070537835f8ce39c300f0b11b,"'projects/yukpo-project/logs/run.googleapis.com%2Fstdout",,"'2026-02-17T23:03:38.953163469Z","'yukpo-backend",,"'europe-west1","'yukpo-project",,"'yukpo-backend-00209-hn8","'yukpo-backend",cloud_run_revision,,"'[2m2026-02-17T23:03:38.767488Z[0m [31mERROR[0m [2myukpomnang_backend::services::live_flash_sale_service[0m[2m:[0m process_timers live flash sales failed: Database(""error communicating with database: No such file or directory (os error 2)"")","'2026-02-17T23:03:38.766297Z"
6994f3ca000bb14cb2b8a0fe,,,,,00da6cd2c464c089e5e44eb66e1fbba3dc8ba46f714374877f940abaf883233cab71c111864b8572af033b2ba7d4f4441974fea6d07e9f8d521e263de8856c9faea30f6070537835f8ce39c300f0b11b,"'projects/yukpo-project/logs/run.googleapis.com%2Fstdout",,"'2026-02-17T23:03:38.953163469Z","'yukpo-backend",,"'europe-west1","'yukpo-project",,"'yukpo-backend-00209-hn8","'yukpo-backend",cloud_run_revision,,"'[2m2026-02-17T23:03:38.767461Z[0m [31mERROR[0m [2myukpomnang_backend::tasks::delivery_notification_repeat[0m[2m:[0m ❌ [DeliveryNotifications] Erreur lors de la répétition: Io(Os { code: 2, kind: NotFound, message: ""No such file or directory"" })","'2026-02-17T23:03:38.766284Z"
6994f3ca000719aa410461b8,,,,,00da6cd2c464c089e5e44eb66e1fbba3dc8ba46f714374877f940abaf883233cab71c111864b8572af033b2ba7d4f4441974fea6d07e9f8d521e263de8856c9faea30f6070537835f8ce39c300f0b11b,"'projects/yukpo-project/logs/run.googleapis.com%2Fstdout",,"'2026-02-17T23:03:38.620702821Z","'yukpo-backend",,"'europe-west1","'yukpo-project",,"'yukpo-backend-00209-hn8","'yukpo-backend",cloud_run_revision,,"'[2m2026-02-17T23:03:38.466638Z[0m [31mERROR[0m [2myukpomnang_backend::tasks::notification_queue_worker[0m[2m:[0m ❌ Erreur traitement batch notifications: Internal(""Redis connection failed: Connexion Redis échouée: failed to lookup address information: Name or service not known"")","'2026-02-17T23:03:38.465322Z"
6994f3c900012293031f1c7a,,,,,00da6cd2c464c089e5e44eb66e1fbba3dc8ba46f714374877f940abaf883233cab71c111864b8572af033b2ba7d4f4441974fea6d07e9f8d521e263de8856c9faea30f6070537835f8ce39c300f0b11b,"'projects/yukpo-project/logs/run.googleapis.com%2Fstdout",,"'2026-02-17T23:03:37.287764452Z","'yukpo-backend",,"'europe-west1","'yukpo-project",,"'yukpo-backend-00209-hn8","'yukpo-backend",cloud_run_revision,,"'[2m2026-02-17T23:03:37.075531Z[0m [31mERROR[0m [2myukpomnang_backend::tasks::notification_queue_worker[0m[2m:[0m ❌ Erreur traitement batch notifications: Internal(""Redis connection failed: Connexion Redis échouée: failed to lookup address information: Name or service not known"")","'2026-02-17T23:03:37.074387Z"
6994f3c800040eab63949fe2,,,,,00da6cd2c464c089e5e44eb66e1fbba3dc8ba46f714374877f940abaf883233cab71c111864b8572af033b2ba7d4f4441974fea6d07e9f8d521e263de8856c9faea30f6070537835f8ce39c300f0b11b,"'projects/yukpo-project/logs/run.googleapis.com%2Fstdout",,"'2026-02-17T23:03:36.290029855Z","'yukpo-backend",,"'europe-west1","'yukpo-project",,"'yukpo-backend-00209-hn8","'yukpo-backend",cloud_run_revision,,"'[2m2026-02-17T23:03:36.267542Z[0m [33m WARN[0m [2myukpomnang_backend::utils::db_monitor[0m[2m:[0m [DB Monitor] ⚠️ Pool unhealthy - Error: error communicating with database: No such file or directory (os error 2), Size: 0, Active: 0, Idle: 0","'2026-02-17T23:03:36.265899Z"
6994f3c7000d5278ec33f9ab,,,,,00da6cd2c464c089e5e44eb66e1fbba3dc8ba46f714374877f940abaf883233cab71c111864b8572af033b2ba7d4f4441974fea6d07e9f8d521e263de8856c9faea30f6070537835f8ce39c300f0b11b,"'projects/yukpo-project/logs/run.googleapis.com%2Fstdout",,"'2026-02-17T23:03:35.955589595Z","'yukpo-backend",,"'europe-west1","'yukpo-project",,"'yukpo-backend-00209-hn8","'yukpo-backend",cloud_run_revision,,"'[2m2026-02-17T23:03:35.874738Z[0m [32m INFO[0m [2myukpomnang_backend::utils::db_retry[0m[2m:[0m [DB Retry] Tentative 1/3 échouée (erreur TLS récupérable): error communicating with database: No such file or directory (os error 2). Retry dans 3000ms","'2026-02-17T23:03:35.873080Z"
6994f3c7000d525ea31b2c44,,,,,00da6cd2c464c089e5e44eb66e1fbba3dc8ba46f714374877f940abaf883233cab71c111864b8572af033b2ba7d4f4441974fea6d07e9f8d521e263de8856c9faea30f6070537835f8ce39c300f0b11b,"'projects/yukpo-project/logs/run.googleapis.com%2Fstdout",,"'2026-02-17T23:03:35.955589595Z","'yukpo-backend",,"'europe-west1","'yukpo-project",,"'yukpo-backend-00209-hn8","'yukpo-backend",cloud_run_revision,,"'[2m2026-02-17T23:03:35.874692Z[0m [32m INFO[0m [2myukpomnang_backend::utils::db_retry[0m[2m:[0m [DB Retry] Tentative 1/3 échouée (erreur TLS récupérable): error communicating with database: No such file or directory (os error 2). Retry dans 3000ms","'2026-02-17T23:03:35.873054Z"
6994f3c7000d525102f82fa4,,,,,00da6cd2c464c089e5e44eb66e1fbba3dc8ba46f714374877f940abaf883233cab71c111864b8572af033b2ba7d4f4441974fea6d07e9f8d521e263de8856c9faea30f6070537835f8ce39c300f0b11b,"'projects/yukpo-project/logs/run.googleapis.com%2Fstdout",,"'2026-02-17T23:03:35.955589595Z","'yukpo-backend",,"'europe-west1","'yukpo-project",,"'yukpo-backend-00209-hn8","'yukpo-backend",cloud_run_revision,,"'[2m2026-02-17T23:03:35.874681Z[0m [32m INFO[0m [2myukpomnang_backend::utils::db_retry[0m[2m:[0m [DB Retry] Tentative 1/3 échouée (erreur TLS récupérable): error communicating with database: No such file or directory (os error 2). Retry dans 3000ms","'2026-02-17T23:03:35.873041Z"
6994f3c7000d3db6d4589334,,,,,00da6cd2c464c089e5e44eb66e1fbba3dc8ba46f714374877f940abaf883233cab71c111864b8572af033b2ba7d4f4441974fea6d07e9f8d521e263de8856c9faea30f6070537835f8ce39c300f0b11b,"'projects/yukpo-project/logs/run.googleapis.com%2Fstdout",,"'2026-02-17T23:03:35.955589595Z","'yukpo-backend",,"'europe-west1","'yukpo-project",,"'yukpo-backend-00209-hn8","'yukpo-backend",cloud_run_revision,,"'[2m2026-02-17T23:03:35.869389Z[0m [31mERROR[0m [2myukpomnang_backend::tasks::notification_queue_worker[0m[2m:[0m ❌ Erreur traitement batch notifications: Internal(""Redis connection failed: Connexion Redis échouée: failed to lookup address information: Name or service not known"")","'2026-02-17T23:03:35.867766Z"
6994f3c7000733c43117f424,,,,,00da6cd2c464c089e5e44eb66e1fbba3dc8ba46f714374877f940abaf883233cab71c111864b8572af033b2ba7d4f4441974fea6d07e9f8d521e263de8856c9faea30f6070537835f8ce39c300f0b11b,"'projects/yukpo-project/logs/run.googleapis.com%2Fstdout",,"'2026-02-17T23:03:35.624932256Z","'yukpo-backend",,"'europe-west1","'yukpo-project",,"'yukpo-backend-00209-hn8","'yukpo-backend",cloud_run_revision,,"'[2m2026-02-17T23:03:35.473456Z[0m [31mERROR[0m [2myukpomnang_backend::utils::db_retry[0m[2m:[0m [DB Retry] ❌ Toutes les 3 tentatives ont échoué. Dernière erreur: error communicating with database: No such file or directory (os error 2)","'2026-02-17T23:03:35.472004Z"
6994f3c70007339c0f295a90,,,,,00da6cd2c464c089e5e44eb66e1fbba3dc8ba46f714374877f940abaf883233cab71c111864b8572af033b2ba7d4f4441974fea6d07e9f8d521e263de8856c9faea30f6070537835f8ce39c300f0b11b,"'projects/yukpo-project/logs/run.googleapis.com%2Fstdout",,"'2026-02-17T23:03:35.624932256Z","'yukpo-backend",,"'europe-west1","'yukpo-project",,"'yukpo-backend-00209-hn8","'yukpo-backend",cloud_run_revision,,"'[2m2026-02-17T23:03:35.473456Z[0m [31mERROR[0m [2myukpomnang_backend::utils::db_retry[0m[2m:[0m [DB Retry] ❌ Toutes les 3 tentatives ont échoué. Dernière erreur: error communicating with database: No such file or directory (os error 2)","'2026-02-17T23:03:35.471964Z"
6994f3c700073372759031aa,,,,,00da6cd2c464c089e5e44eb66e1fbba3dc8ba46f714374877f940abaf883233cab71c111864b8572af033b2ba7d4f4441974fea6d07e9f8d521e263de8856c9faea30f6070537835f8ce39c300f0b11b,"'projects/yukpo-project/logs/run.googleapis.com%2Fstdout",,"'2026-02-17T23:03:35.624932256Z","'yukpo-backend",,"'europe-west1","'yukpo-project",,"'yukpo-backend-00209-hn8","'yukpo-backend",cloud_run_revision,,"'[2m2026-02-17T23:03:35.473456Z[0m [31mERROR[0m [2myukpomnang_backend::utils::db_retry[0m[2m:[0m [DB Retry] ❌ Toutes les 3 tentatives ont échoué. Dernière erreur: error communicating with database: No such file or directory (os error 2)","'2026-02-17T23:03:35.471922Z"
6994f3c6000bb7cf23419a76,,,,,00da6cd2c464c089e5e44eb66e1fbba3dc8ba46f714374877f940abaf883233cab71c111864b8572af033b2ba7d4f4441974fea6d07e9f8d521e263de8856c9faea30f6070537835f8ce39c300f0b11b,"'projects/yukpo-project/logs/run.googleapis.com%2Fstdout",,"'2026-02-17T23:03:34.958110726Z","'yukpo-backend",,"'europe-west1","'yukpo-project",,"'yukpo-backend-00209-hn8","'yukpo-backend",cloud_run_revision,,"'[2m2026-02-17T23:03:34.769163Z[0m [31mERROR[0m [2myukpomnang_backend::tasks::order_timeout_monitor[0m[2m:[0m ❌ Erreur lors de la vérification des timeouts de commandes: ?? Database error: error communicating with database: No such file or directory (os error 2)","'2026-02-17T23:03:34.767951Z"
6994f3c6000bb7c5cc88039a,,,,,00da6cd2c464c089e5e44eb66e1fbba3dc8ba46f714374877f940abaf883233cab71c111864b8572af033b2ba7d4f4441974fea6d07e9f8d521e263de8856c9faea30f6070537835f8ce39c300f0b11b,"'projects/yukpo-project/logs/run.googleapis.com%2Fstdout",,"'2026-02-17T23:03:34.958110726Z","'yukpo-backend",,"'europe-west1","'yukpo-project",,"'yukpo-backend-00209-hn8","'yukpo-backend",cloud_run_revision,,"'[2m2026-02-17T23:03:34.769125Z[0m [31mERROR[0m [2myukpomnang_backend::utils::db_retry[0m[2m:[0m [DB Retry] ❌ Toutes les 3 tentatives ont échoué. Dernière erreur: error communicating with database: No such file or directory (os error 2)","'2026-02-17T23:03:34.767941Z"
6994f3c600060a3a53709b9b,,,,,00da6cd2c464c089e5e44eb66e1fbba3dc8ba46f714374877f940abaf883233cab71c111864b8572af033b2ba7d4f4441974fea6d07e9f8d521e263de8856c9faea30f6070537835f8ce39c300f0b11b,"'projects/yukpo-project/logs/run.googleapis.com%2Fstdout",,"'2026-02-17T23:03:34.624659542Z","'yukpo-backend",,"'europe-west1","'yukpo-project",,"'yukpo-backend-00209-hn8","'yukpo-backend",cloud_run_revision,,"'[2m2026-02-17T23:03:34.392931Z[0m [31mERROR[0m [2myukpomnang_backend::tasks::notification_queue_worker[0m[2m:[0m ❌ Erreur traitement batch notifications: Internal(""Redis connection failed: Connexion Redis échouée: failed to lookup address information: Name or service not known"")","'2026-02-17T23:03:34.395834Z"
6994f3c50004213ab8780e8e,,,,,00da6cd2c464c089e5e44eb66e1fbba3dc8ba46f714374877f940abaf883233cab71c111864b8572af033b2ba7d4f4441974fea6d07e9f8d521e263de8856c9faea30f6070537835f8ce39c300f0b11b,"'projects/yukpo-project/logs/run.googleapis.com%2Fstdout",,"'2026-02-17T23:03:33.291473696Z","'yukpo-backend",,"'europe-west1","'yukpo-project",,"'yukpo-backend-00209-hn8","'yukpo-backend",cloud_run_revision,,"'[2m2026-02-17T23:03:33.272158Z[0m [31mERROR[0m [2myukpomnang_backend::services::product_creation_queue[0m[2m:[0m [ProductCreationQueue] ❌ Erreur récupération jobs: ?? Internal error: Erreur récupération jobs: error communicating with database: No such file or directory (os error 2)","'2026-02-17T23:03:33.270650Z"
6994f3c50002875d15f193d1,,,,,00da6cd2c464c089e5e44eb66e1fbba3dc8ba46f714374877f940abaf883233cab71c111864b8572af033b2ba7d4f4441974fea6d07e9f8d521e263de8856c9faea30f6070537835f8ce39c300f0b11b,"'projects/yukpo-project/logs/run.googleapis.com%2Fstdout",,"'2026-02-17T23:03:33.291473696Z","'yukpo-backend",,"'europe-west1","'yukpo-project",,"'yukpo-backend-00209-hn8","'yukpo-backend",cloud_run_revision,,"'[2m2026-02-17T23:03:33.167276Z[0m [31mERROR[0m [2myukpomnang_backend::tasks::notification_queue_worker[0m[2m:[0m ❌ Erreur traitement batch notifications: Internal(""Redis connection failed: Connexion Redis échouée: failed to lookup address information: Name or service not known"")","'2026-02-17T23:03:33.165725Z"
6994f3c3000bb2014f29e040,,,,,00da6cd2c464c089e5e44eb66e1fbba3dc8ba46f714374877f940abaf883233cab71c111864b8572af033b2ba7d4f4441974fea6d07e9f8d521e263de8856c9faea30f6070537835f8ce39c300f0b11b,"'projects/yukpo-project/logs/run.googleapis.com%2Fstdout",,"'2026-02-17T23:03:31.961139122Z","'yukpo-backend",,"'europe-west1","'yukpo-project",,"'yukpo-backend-00209-hn8","'yukpo-backend",cloud_run_revision,,"'[2m2026-02-17T23:03:31.767842Z[0m [31mERROR[0m [2myukpomnang_backend::tasks::notification_queue_worker[0m[2m:[0m ❌ Erreur traitement batch notifications: Internal(""Redis connection failed: Connexion Redis échouée: failed to lookup address information: Name or service not known"")","'2026-02-17T23:03:31.766465Z"
6994f3c200072daf0c314841,,,,,00da6cd2c464c089e5e44eb66e1fbba3dc8ba46f714374877f940abaf883233cab71c111864b8572af033b2ba7d4f4441974fea6d07e9f8d521e263de8856c9faea30f6070537835f8ce39c300f0b11b,"'projects/yukpo-project/logs/run.googleapis.com%2Fstdout",,"'2026-02-17T23:03:30.627778758Z","'yukpo-backend",,"'europe-west1","'yukpo-project",,"'yukpo-backend-00209-hn8","'yukpo-backend",cloud_run_revision,,"'[2m2026-02-17T23:03:30.471934Z[0m [32m INFO[0m [2myukpomnang_backend::utils::db_retry[0m[2m:[0m [DB Retry] Tentative 2/3 échouée (erreur TLS récupérable): error communicating with database: No such file or directory (os error 2). Retry dans 5000ms","'2026-02-17T23:03:30.470447Z"
6994f3c200072d7e281fc143,,,,,00da6cd2c464c089e5e44eb66e1fbba3dc8ba46f714374877f940abaf883233cab71c111864b8572af033b2ba7d4f4441974fea6d07e9f8d521e263de8856c9faea30f6070537835f8ce39c300f0b11b,"'projects/yukpo-project/logs/run.googleapis.com%2Fstdout",,"'2026-02-17T23:03:30.627778758Z","'yukpo-backend",,"'europe-west1","'yukpo-project",,"'yukpo-backend-00209-hn8","'yukpo-backend",cloud_run_revision,,"'[2m2026-02-17T23:03:30.471880Z[0m [32m INFO[0m [2myukpomnang_backend::utils::db_retry[0m[2m:[0m [DB Retry] Tentative 2/3 échouée (erreur TLS récupérable): error communicating with database: No such file or directory (os error 2). Retry dans 5000ms","'2026-02-17T23:03:30.470398Z"
6994f3c200072d15a9fc326c,,,,,00da6cd2c464c089e5e44eb66e1fbba3dc8ba46f714374877f940abaf883233cab71c111864b8572af033b2ba7d4f4441974fea6d07e9f8d521e263de8856c9faea30f6070537835f8ce39c300f0b11b,"'projects/yukpo-project/logs/run.googleapis.com%2Fstdout",,"'2026-02-17T23:03:30.627778758Z","'yukpo-backend",,"'europe-west1","'yukpo-project",,"'yukpo-backend-00209-hn8","'yukpo-backend",cloud_run_revision,,"'[2m2026-02-17T23:03:30.471731Z[0m [32m INFO[0m [2myukpomnang_backend::utils::db_retry[0m[2m:[0m [DB Retry] Tentative 2/3 échouée (erreur TLS récupérable): error communicating with database: No such file or directory (os error 2). Retry dans 5000ms","'2026-02-17T23:03:30.470293Z"
6994f3c2000597f8068a6e7d,,,,,00da6cd2c464c089e5e44eb66e1fbba3dc8ba46f714374877f940abaf883233cab71c111864b8572af033b2ba7d4f4441974fea6d07e9f8d521e263de8856c9faea30f6070537835f8ce39c300f0b11b,"'projects/yukpo-project/logs/run.googleapis.com%2Fstdout",,"'2026-02-17T23:03:30.627778758Z","'yukpo-backend",,"'europe-west1","'yukpo-project",,"'yukpo-backend-00209-hn8","'yukpo-backend",cloud_run_revision,,"'[2m2026-02-17T23:03:30.368046Z[0m [31mERROR[0m [2myukpomnang_backend::tasks::notification_queue_worker[0m[2m:[0m ❌ Erreur traitement batch notifications: Internal(""Redis connection failed: Connexion Redis échouée: failed to lookup address information: Name or service not known"")","'2026-02-17T23:03:30.366584Z"
6994f3c1000a238dcb178e8a,,,,,00da6cd2c464c089e5e44eb66e1fbba3dc8ba46f714374877f940abaf883233cab71c111864b8572af033b2ba7d4f4441974fea6d07e9f8d521e263de8856c9faea30f6070537835f8ce39c300f0b11b,"'projects/yukpo-project/logs/run.googleapis.com%2Fstdout",,"'2026-02-17T23:03:29.961804603Z","'yukpo-backend",,"'europe-west1","'yukpo-project",,"'yukpo-backend-00209-hn8","'yukpo-backend",cloud_run_revision,,"'[2m2026-02-17T23:03:29.666030Z[0m [32m INFO[0m [2myukpomnang_backend::utils::db_retry[0m[2m:[0m [DB Retry] Tentative 2/3 échouée (erreur TLS récupérable): error communicating with database: No such file or directory (os error 2). Retry dans 5000ms","'2026-02-17T23:03:29.664461Z"
6994f3c10001131dc9b224d5,,,,,00da6cd2c464c089e5e44eb66e1fbba3dc8ba46f714374877f940abaf883233cab71c111864b8572af033b2ba7d4f4441974fea6d07e9f8d521e263de8856c9faea30f6070537835f8ce39c300f0b11b,"'projects/yukpo-project/logs/run.googleapis.com%2Fstdout",,"'2026-02-17T23:03:29.296304260Z","'yukpo-backend",,"'europe-west1","'yukpo-project",,"'yukpo-backend-00209-hn8","'yukpo-backend",cloud_run_revision,,"'[2m2026-02-17T23:03:29.072005Z[0m [31mERROR[0m [2myukpomnang_backend::tasks::notification_queue_worker[0m[2m:[0m ❌ Erreur traitement batch notifications: Internal(""Redis connection failed: Connexion Redis échouée: failed to lookup address information: Name or service not known"")","'2026-02-17T23:03:29.070429Z"
6994f3bf000d32582743c806,,,,,00da6cd2c464c089e5e44eb66e1fbba3dc8ba46f714374877f940abaf883233cab71c111864b8572af033b2ba7d4f4441974fea6d07e9f8d521e263de8856c9faea30f6070537835f8ce39c300f0b11b,"'projects/yukpo-project/logs/run.googleapis.com%2Fstdout",,"'2026-02-17T23:03:27.963847188Z","'yukpo-backend",,"'europe-west1","'yukpo-project",,"'yukpo-backend-00209-hn8","'yukpo-backend",cloud_run_revision,,"'[2m2026-02-17T23:03:27.866101Z[0m [31mERROR[0m [2myukpomnang_backend::tasks::notification_queue_worker[0m[2m:[0m ❌ Erreur traitement batch notifications: Internal(""Redis connection failed: Connexion Redis échouée: failed to lookup address information: Name or service not known"")","'2026-02-17T23:03:27.864856Z"
6994f3bf000728034c10ff85,,,,,00da6cd2c464c089e5e44eb66e1fbba3dc8ba46f714374877f940abaf883233cab71c111864b8572af033b2ba7d4f4441974fea6d07e9f8d521e263de8856c9faea30f6070537835f8ce39c300f0b11b,"'projects/yukpo-project/logs/run.googleapis.com%2Fstdout",,"'2026-02-17T23:03:27.630071079Z","'yukpo-backend",,"'europe-west1","'yukpo-project",,"'yukpo-backend-00209-hn8","'yukpo-backend",cloud_run_revision,,"'[2m2026-02-17T23:03:27.470579Z[0m [32m INFO[0m [2myukpomnang_backend::utils::db_retry[0m[2m:[0m [DB Retry] Tentative 1/3 échouée (erreur TLS récupérable): error communicating with database: No such file or directory (os error 2). Retry dans 3000ms","'2026-02-17T23:03:27.468995Z"
6994f3bf000727ffe5f39c8b,,,,,00da6cd2c464c089e5e44eb66e1fbba3dc8ba46f714374877f940abaf883233cab71c111864b8572af033b2ba7d4f4441974fea6d07e9f8d521e263de8856c9faea30f6070537835f8ce39c300f0b11b,"'projects/yukpo-project/logs/run.googleapis.com%2Fstdout",,"'2026-02-17T23:03:27.630071079Z","'yukpo-backend",,"'europe-west1","'yukpo-project",,"'yukpo-backend-00209-hn8","'yukpo-backend",cloud_run_revision,,"'[2m2026-02-17T23:03:27.470551Z[0m [32m INFO[0m [2myukpomnang_backend::utils::db_retry[0m[2m:[0m [DB Retry] Tentative 1/3 échouée (erreur TLS récupérable): error communicating with database: No such file or directory (os error 2). Retry dans 3000ms","'2026-02-17T23:03:27.468991Z"
6994f3bf000727ef7c199f9b,,,,,00da6cd2c464c089e5e44eb66e1fbba3dc8ba46f714374877f940abaf883233cab71c111864b8572af033b2ba7d4f4441974fea6d07e9f8d521e263de8856c9faea30f6070537835f8ce39c300f0b11b,"'projects/yukpo-project/logs/run.googleapis.com%2Fstdout",,"'2026-02-17T23:03:27.630071079Z","'yukpo-backend",,"'europe-west1","'yukpo-project",,"'yukpo-backend-00209-hn8","'yukpo-backend",cloud_run_revision,,"'[2m2026-02-17T23:03:27.470524Z[0m [32m INFO[0m [2myukpomnang_backend::utils::db_retry[0m[2m:[0m [DB Retry] Tentative 1/3 échouée (erreur TLS récupérable): error communicating with database: No such file or directory (os error 2). Retry dans 3000ms","'2026-02-17T23:03:27.468975Z"
6994f3bf0004124a4768e39b,,,,,00da6cd2c464c089e5e44eb66e1fbba3dc8ba46f714374877f940abaf883233cab71c111864b8572af033b2ba7d4f4441974fea6d07e9f8d521e263de8856c9faea30f6070537835f8ce39c300f0b11b,"'projects/yukpo-project/logs/run.googleapis.com%2Fstdout",,"'2026-02-17T23:03:27.297572232Z","'yukpo-backend",,"'europe-west1","'yukpo-project",,"'yukpo-backend-00209-hn8","'yukpo-backend",cloud_run_revision,,"'[2m2026-02-17T23:03:27.268466Z[0m [31mERROR[0m [2myukpomnang_backend::utils::db_retry[0m[2m:[0m [DB Retry] ❌ Toutes les 3 tentatives ont échoué. Dernière erreur: error communicating with database: No such file or directory (os error 2)","'2026-02-17T23:03:27.266826Z"
6994f3bf000412377d17175b,,,,,00da6cd2c464c089e5e44eb66e1fbba3dc8ba46f714374877f940abaf883233cab71c111864b8572af033b2ba7d4f4441974fea6d07e9f8d521e263de8856c9faea30f6070537835f8ce39c300f0b11b,"'projects/yukpo-project/logs/run.googleapis.com%2Fstdout",,"'2026-02-17T23:03:27.297572232Z","'yukpo-backend",,"'europe-west1","'yukpo-project",,"'yukpo-backend-00209-hn8","'yukpo-backend",cloud_run_revision,,"'[2m2026-02-17T23:03:27.268451Z[0m [31mERROR[0m [2myukpomnang_backend::utils::db_retry[0m[2m:[0m [DB Retry] ❌ Toutes les 3 tentatives ont échoué. Dernière erreur: error communicating with database: No such file or directory (os error 2)","'2026-02-17T23:03:27.266807Z"
6994f3bf0004122dcdb3581e,,,,,00da6cd2c464c089e5e44eb66e1fbba3dc8ba46f714374877f940abaf883233cab71c111864b8572af033b2ba7d4f4441974fea6d07e9f8d521e263de8856c9faea30f6070537835f8ce39c300f0b11b,"'projects/yukpo-project/logs/run.googleapis.com%2Fstdout",,"'2026-02-17T23:03:27.297572232Z","'yukpo-backend",,"'europe-west1","'yukpo-project",,"'yukpo-backend-00209-hn8","'yukpo-backend",cloud_run_revision,,"'[2m2026-02-17T23:03:27.268451Z[0m [31mERROR[0m [2myukpomnang_backend::utils::db_retry[0m[2m:[0m [DB Retry] ❌ Toutes les 3 tentatives ont échoué. Dernière erreur: error communicating with database: No such file or directory (os error 2)","'2026-02-17T23:03:27.266797Z"
6994f3be0008ac707f898c92,,,,,00da6cd2c464c089e5e44eb66e1fbba3dc8ba46f714374877f940abaf883233cab71c111864b8572af033b2ba7d4f4441974fea6d07e9f8d521e263de8856c9faea30f6070537835f8ce39c300f0b11b,"'projects/yukpo-project/logs/run.googleapis.com%2Fstdout",,"'2026-02-17T23:03:26.629960050Z","'yukpo-backend",,"'europe-west1","'yukpo-project",,"'yukpo-backend-00209-hn8","'yukpo-backend",cloud_run_revision,,"'[2m2026-02-17T23:03:26.569886Z[0m [32m INFO[0m [2myukpomnang_backend::services::gpu_service[0m[2m:[0m [GpuService] Scaling check - Utilisation: 0.0%, Instances: 0","'2026-02-17T23:03:26.568432Z"
6994f3be0008ac6accc42a24,,,,,00da6cd2c464c089e5e44eb66e1fbba3dc8ba46f714374877f940abaf883233cab71c111864b8572af033b2ba7d4f4441974fea6d07e9f8d521e263de8856c9faea30f6070537835f8ce39c300f0b11b,"'projects/yukpo-project/logs/run.googleapis.com%2Fstdout",,"'2026-02-17T23:03:26.629960050Z","'yukpo-backend",,"'europe-west1","'yukpo-project",,"'yukpo-backend-00209-hn8","'yukpo-backend",cloud_run_revision,,"'[2m2026-02-17T23:03:26.569847Z[0m [33m WARN[0m [2myukpomnang_backend::services::gpu_service[0m[2m:[0m [GpuService] Impossible de récupérer métriques GPU, utilisation par défaut","'2026-02-17T23:03:26.568426Z"
6994f3be0008a2292a37fea0,,,,,00da6cd2c464c089e5e44eb66e1fbba3dc8ba46f714374877f940abaf883233cab71c111864b8572af033b2ba7d4f4441974fea6d07e9f8d521e263de8856c9faea30f6070537835f8ce39c300f0b11b,"'projects/yukpo-project/logs/run.googleapis.com%2Fstdout",,"'2026-02-17T23:03:26.629960050Z","'yukpo-backend",,"'europe-west1","'yukpo-project",,"'yukpo-backend-00209-hn8","'yukpo-backend",cloud_run_revision,,"'[2m2026-02-17T23:03:26.567212Z[0m [32m INFO[0m [2myukpomnang_backend::utils::db_retry[0m[2m:[0m [DB Retry] Tentative 1/3 échouée (erreur TLS récupérable): error communicating with database: No such file or directory (os error 2). Retry dans 3000ms","'2026-02-17T23:03:26.565801Z"
6994f3be00058faa4af2bed7,,,,,00da6cd2c464c089e5e44eb66e1fbba3dc8ba46f714374877f940abaf883233cab71c111864b8572af033b2ba7d4f4441974fea6d07e9f8d521e263de8856c9faea30f6070537835f8ce39c300f0b11b,"'projects/yukpo-project/logs/run.googleapis.com%2Fstdout",,"'2026-02-17T23:03:26.629960050Z","'yukpo-backend",,"'europe-west1","'yukpo-project",,"'yukpo-backend-00209-hn8","'yukpo-backend",cloud_run_revision,,"'[2m2026-02-17T23:03:26.365758Z[0m [31mERROR[0m [2myukpomnang_backend::tasks::notification_queue_worker[0m[2m:[0m ❌ Erreur traitement batch notifications: Internal(""Redis connection failed: Connexion Redis échouée: failed to lookup address information: Name or service not known"")","'2026-02-17T23:03:26.364458Z"
6994f3bd00010036188c754e,,,,,00da6cd2c464c089e5e44eb66e1fbba3dc8ba46f714374877f940abaf883233cab71c111864b8572af033b2ba7d4f4441974fea6d07e9f8d521e263de8856c9faea30f6070537835f8ce39c300f0b11b,"'projects/yukpo-project/logs/run.googleapis.com%2Fstdout",,"'2026-02-17T23:03:25.299740466Z","'yukpo-backend",,"'europe-west1","'yukpo-project",,"'yukpo-backend-00209-hn8","'yukpo-backend",cloud_run_revision,,"'[2m2026-02-17T23:03:25.066632Z[0m [31mERROR[0m [2myukpomnang_backend::tasks::notification_queue_worker[0m[2m:[0m ❌ Erreur traitement batch notifications: Internal(""Redis connection failed: Connexion Redis échouée: failed to lookup address information: Name or service not known"")","'2026-02-17T23:03:25.065590Z"
6994f3bb000c03fda8a318df,,,,,00da6cd2c464c089e5e44eb66e1fbba3dc8ba46f714374877f940abaf883233cab71c111864b8572af033b2ba7d4f4441974fea6d07e9f8d521e263de8856c9faea30f6070537835f8ce39c300f0b11b,"'projects/yukpo-project/logs/run.googleapis.com%2Fstdout",,"'2026-02-17T23:03:23.969690818Z","'yukpo-backend",,"'europe-west1","'yukpo-project",,"'yukpo-backend-00209-hn8","'yukpo-backend",cloud_run_revision,,"'[2m2026-02-17T23:03:23.788532Z[0m [31mERROR[0m [2myukpomnang_backend::tasks::notification_queue_worker[0m[2m:[0m ❌ Erreur traitement batch notifications: Internal(""Redis connection failed: Connexion Redis échouée: failed to lookup address information: Name or service not known"")","'2026-02-17T23:03:23.787453Z"
6994f3bb00041fa3cc22a102,,,,,00da6cd2c464c089e5e44eb66e1fbba3dc8ba46f714374877f940abaf883233cab71c111864b8572af033b2ba7d4f4441974fea6d07e9f8d521e263de8856c9faea30f6070537835f8ce39c300f0b11b,"'projects/yukpo-project/logs/run.googleapis.com%2Fstdout",,"'2026-02-17T23:03:23.301047169Z","'yukpo-backend",,"'europe-west1","'yukpo-project",,"'yukpo-backend-00209-hn8","'yukpo-backend",cloud_run_revision,,"'[2m2026-02-17T23:03:23.271111Z[0m [31mERROR[0m [2myukpomnang_backend::services::product_creation_queue[0m[2m:[0m [ProductCreationQueue] ❌ Erreur récupération jobs: ?? Internal error: Erreur récupération jobs: error communicating with database: No such file or directory (os error 2)","'2026-02-17T23:03:23.270243Z"
6994f3ba0008c39fd31d0f7a,,,,,00da6cd2c464c089e5e44eb66e1fbba3dc8ba46f714374877f940abaf883233cab71c111864b8572af033b2ba7d4f4441974fea6d07e9f8d521e263de8856c9faea30f6070537835f8ce39c300f0b11b,"'projects/yukpo-project/logs/run.googleapis.com%2Fstdout",,"'2026-02-17T23:03:22.637717889Z","'yukpo-backend",,"'europe-west1","'yukpo-project",,"'yukpo-backend-00209-hn8","'yukpo-backend",cloud_run_revision,,"'[2m2026-02-17T23:03:22.575633Z[0m [31mERROR[0m [2myukpomnang_backend::tasks::notification_queue_worker[0m[2m:[0m ❌ Erreur traitement batch notifications: Internal(""Redis connection failed: Connexion Redis échouée: failed to lookup address information: Name or service not known"")","'2026-02-17T23:03:22.574367Z"
6994f3ba00041110e83ebe36,,,,,00da6cd2c464c089e5e44eb66e1fbba3dc8ba46f714374877f940abaf883233cab71c111864b8572af033b2ba7d4f4441974fea6d07e9f8d521e263de8856c9faea30f6070537835f8ce39c300f0b11b,"'projects/yukpo-project/logs/run.googleapis.com%2Fstdout",,"'2026-02-17T23:03:22.304412289Z","'yukpo-backend",,"'europe-west1","'yukpo-project",,"'yukpo-backend-00209-hn8","'yukpo-backend",cloud_run_revision,,"'[2m2026-02-17T23:03:22.267968Z[0m [32m INFO[0m [2myukpomnang_backend::utils::db_retry[0m[2m:[0m [DB Retry] Tentative 2/3 échouée (erreur TLS récupérable): error communicating with database: No such file or directory (os error 2). Retry dans 5000ms","'2026-02-17T23:03:22.266512Z"
6994f3ba0004110d55e4cdc8,,,,,00da6cd2c464c089e5e44eb66e1fbba3dc8ba46f714374877f940abaf883233cab71c111864b8572af033b2ba7d4f4441974fea6d07e9f8d521e263de8856c9faea30f6070537835f8ce39c300f0b11b,"'projects/yukpo-project/logs/run.googleapis.com%2Fstdout",,"'2026-02-17T23:03:22.304412289Z","'yukpo-backend",,"'europe-west1","'yukpo-project",,"'yukpo-backend-00209-hn8","'yukpo-backend",cloud_run_revision,,"'[2m2026-02-17T23:03:22.267961Z[0m [32m INFO[0m [2myukpomnang_backend::utils::db_retry[0m[2m:[0m [DB Retry] Tentative 2/3 échouée (erreur TLS récupérable): error communicating with database: No such file or directory (os error 2). Retry dans 5000ms","'2026-02-17T23:03:22.266509Z"
6994f3ba000411023ff85d1e,,,,,00da6cd2c464c089e5e44eb66e1fbba3dc8ba46f714374877f940abaf883233cab71c111864b8572af033b2ba7d4f4441974fea6d07e9f8d521e263de8856c9faea30f6070537835f8ce39c300f0b11b,"'projects/yukpo-project/logs/run.googleapis.com%2Fstdout",,"'2026-02-17T23:03:22.304412289Z","'yukpo-backend",,"'europe-west1","'yukpo-project",,"'yukpo-backend-00209-hn8","'yukpo-backend",cloud_run_revision,,"'[2m2026-02-17T23:03:22.267961Z[0m [32m INFO[0m [2myukpomnang_backend::utils::db_retry[0m[2m:[0m [DB Retry] Tentative 2/3 échouée (erreur TLS récupérable): error communicating with database: No such file or directory (os error 2). Retry dans 5000ms","'2026-02-17T23:03:22.266498Z"
6994f3b900059068f2bbf207,,,,,00da6cd2c464c089e5e44eb66e1fbba3dc8ba46f714374877f940abaf883233cab71c111864b8572af033b2ba7d4f4441974fea6d07e9f8d521e263de8856c9faea30f6070537835f8ce39c300f0b11b,"'projects/yukpo-project/logs/run.googleapis.com%2Fstdout",,"'2026-02-17T23:03:21.636441911Z","'yukpo-backend",,"'europe-west1","'yukpo-project",,"'yukpo-backend-00209-hn8","'yukpo-backend",cloud_run_revision,,"'[2m2026-02-17T23:03:21.366310Z[0m [31mERROR[0m [2myukpomnang_backend::tasks::notification_queue_worker[0m[2m:[0m ❌ Erreur traitement batch notifications: Internal(""Redis connection failed: Connexion Redis échouée: failed to lookup address information: Name or service not known"")","'2026-02-17T23:03:21.364648Z"
6994f3b7000eb97d01cc8716,,,,,00da6cd2c464c089e5e44eb66e1fbba3dc8ba46f714374877f940abaf883233cab71c111864b8572af033b2ba7d4f4441974fea6d07e9f8d521e263de8856c9faea30f6070537835f8ce39c300f0b11b,"'projects/yukpo-project/logs/run.googleapis.com%2Fstdout",,"'2026-02-17T23:03:19.972362965Z","'yukpo-backend",,"'europe-west1","'yukpo-project",,"'yukpo-backend-00209-hn8","'yukpo-backend",cloud_run_revision,,"'[2m2026-02-17T23:03:19.965981Z[0m [31mERROR[0m [2myukpomnang_backend::tasks::notification_queue_worker[0m[2m:[0m ❌ Erreur traitement batch notifications: Internal(""Redis connection failed: Connexion Redis échouée: failed to lookup address information: Name or service not known"")","'2026-02-17T23:03:19.964989Z"
6994f3b700040c566b285b56,,,,,00da6cd2c464c089e5e44eb66e1fbba3dc8ba46f714374877f940abaf883233cab71c111864b8572af033b2ba7d4f4441974fea6d07e9f8d521e263de8856c9faea30f6070537835f8ce39c300f0b11b,"'projects/yukpo-project/logs/run.googleapis.com%2Fstdout",,"'2026-02-17T23:03:19.306447440Z","'yukpo-backend",,"'europe-west1","'yukpo-project",,"'yukpo-backend-00209-hn8","'yukpo-backend",cloud_run_revision,,"'[2m2026-02-17T23:03:19.266695Z[0m [32m INFO[0m [2myukpomnang_backend::utils::db_retry[0m[2m:[0m [DB Retry] Tentative 1/3 échouée (erreur TLS récupérable): error communicating with database: No such file or directory (os error 2). Retry dans 3000ms","'2026-02-17T23:03:19.265302Z"
6994f3b700040c478faf2387,,,,,00da6cd2c464c089e5e44eb66e1fbba3dc8ba46f714374877f940abaf883233cab71c111864b8572af033b2ba7d4f4441974fea6d07e9f8d521e263de8856c9faea30f6070537835f8ce39c300f0b11b,"'projects/yukpo-project/logs/run.googleapis.com%2Fstdout",,"'2026-02-17T23:03:19.306447440Z","'yukpo-backend",,"'europe-west1","'yukpo-project",,"'yukpo-backend-00209-hn8","'yukpo-backend",cloud_run_revision,,"'[2m2026-02-17T23:03:19.266690Z[0m [32m INFO[0m [2myukpomnang_backend::utils::db_retry[0m[2m:[0m [DB Retry] Tentative 1/3 échouée (erreur TLS récupérable): error communicating with database: No such file or directory (os error 2). Retry dans 3000ms","'2026-02-17T23:03:19.265287Z"
6994f3b700040c3e37f663d5,,,,,00da6cd2c464c089e5e44eb66e1fbba3dc8ba46f714374877f940abaf883233cab71c111864b8572af033b2ba7d4f4441974fea6d07e9f8d521e263de8856c9faea30f6070537835f8ce39c300f0b11b,"'projects/yukpo-project/logs/run.googleapis.com%2Fstdout",,"'2026-02-17T23:03:19.306447440Z","'yukpo-backend",,"'europe-west1","'yukpo-project",,"'yukpo-backend-00209-hn8","'yukpo-backend",cloud_run_revision,,"'[2m2026-02-17T23:03:19.266682Z[0m [32m INFO[0m [2myukpomnang_backend::utils::db_retry[0m[2m:[0m [DB Retry] Tentative 1/3 échouée (erreur TLS récupérable): error communicating with database: No such file or directory (os error 2). Retry dans 3000ms","'2026-02-17T23:03:19.265278Z"
6994f3b6000a36e5f088846a,,,,,00da6cd2c464c089e5e44eb66e1fbba3dc8ba46f714374877f940abaf883233cab71c111864b8572af033b2ba7d4f4441974fea6d07e9f8d521e263de8856c9faea30f6070537835f8ce39c300f0b11b,"'projects/yukpo-project/logs/run.googleapis.com%2Fstdout",,"'2026-02-17T23:03:18.973497152Z","'yukpo-backend",,"'europe-west1","'yukpo-project",,"'yukpo-backend-00209-hn8","'yukpo-backend",cloud_run_revision,,"'[2m2026-02-17T23:03:18.670741Z[0m [31mERROR[0m [2myukpomnang_backend::tasks::notification_queue_worker[0m[2m:[0m ❌ Erreur traitement batch notifications: Internal(""Redis connection failed: Connexion Redis échouée: failed to lookup address information: Name or service not known"")","'2026-02-17T23:03:18.669413Z"
6994f3b500071739f1098797,,,,,00da6cd2c464c089e5e44eb66e1fbba3dc8ba46f714374877f940abaf883233cab71c111864b8572af033b2ba7d4f4441974fea6d07e9f8d521e263de8856c9faea30f6070537835f8ce39c300f0b11b,"'projects/yukpo-project/logs/run.googleapis.com%2Fstdout",,"'2026-02-17T23:03:17.641854140Z","'yukpo-backend",,"'europe-west1","'yukpo-project",,"'yukpo-backend-00209-hn8","'yukpo-backend",cloud_run_revision,,"'[2m2026-02-17T23:03:17.466145Z[0m [31mERROR[0m [2myukpomnang_backend::tasks::notification_queue_worker[0m[2m:[0m ❌ Erreur traitement batch notifications: Internal(""Redis connection failed: Connexion Redis échouée: failed to lookup address information: Name or service not known"")","'2026-02-17T23:03:17.464697Z"
6994f3b400010cdaa36f0315,,,,,00da6cd2c464c089e5e44eb66e1fbba3dc8ba46f714374877f940abaf883233cab71c111864b8572af033b2ba7d4f4441974fea6d07e9f8d521e263de8856c9faea30f6070537835f8ce39c300f0b11b,"'projects/yukpo-project/logs/run.googleapis.com%2Fstdout",,"'2026-02-17T23:03:16.308555703Z","'yukpo-backend",,"'europe-west1","'yukpo-project",,"'yukpo-backend-00209-hn8","'yukpo-backend",cloud_run_revision,,"'[2m2026-02-17T23:03:16.069941Z[0m [31mERROR[0m [2myukpomnang_backend::tasks::notification_queue_worker[0m[2m:[0m ❌ Erreur traitement batch notifications: Internal(""Redis connection failed: Connexion Redis échouée: failed to lookup address information: Name or service not known"")","'2026-02-17T23:03:16.068826Z"
6994f3b2000bc1d9b2d1e4b4,,,,,00da6cd2c464c089e5e44eb66e1fbba3dc8ba46f714374877f940abaf883233cab71c111864b8572af033b2ba7d4f4441974fea6d07e9f8d521e263de8856c9faea30f6070537835f8ce39c300f0b11b,"'projects/yukpo-project/logs/run.googleapis.com%2Fstdout",,"'2026-02-17T23:03:14.975925144Z","'yukpo-backend",,"'europe-west1","'yukpo-project",,"'yukpo-backend-00209-hn8","'yukpo-backend",cloud_run_revision,,"'[2m2026-02-17T23:03:14.771602Z[0m [31mERROR[0m [2myukpomnang_backend::tasks::notification_queue_worker[0m[2m:[0m ❌ Erreur traitement batch notifications: Internal(""Redis connection failed: Connexion Redis échouée: failed to lookup address information: Name or service not known"")","'2026-02-17T23:03:14.770521Z"
6994f3b100089d7476b27335,,,,,00da6cd2c464c089e5e44eb66e1fbba3dc8ba46f714374877f940abaf883233cab71c111864b8572af033b2ba7d4f4441974fea6d07e9f8d521e263de8856c9faea30f6070537835f8ce39c300f0b11b,"'projects/yukpo-project/logs/run.googleapis.com%2Fstdout",,"'2026-02-17T23:03:13.643747167Z","'yukpo-backend",,"'europe-west1","'yukpo-project",,"'yukpo-backend-00209-hn8","'yukpo-backend",cloud_run_revision,,"'[2m2026-02-17T23:03:13.565975Z[0m [31mERROR[0m [2myukpomnang_backend::tasks::notification_queue_worker[0m[2m:[0m ❌ Erreur traitement batch notifications: Internal(""Redis connection failed: Connexion Redis échouée: failed to lookup address information: Name or service not known"")","'2026-02-17T23:03:13.564596Z"
6994f3b1000416a8f7d8a75e,,,,,00da6cd2c464c089e5e44eb66e1fbba3dc8ba46f714374877f940abaf883233cab71c111864b8572af033b2ba7d4f4441974fea6d07e9f8d521e263de8856c9faea30f6070537835f8ce39c300f0b11b,"'projects/yukpo-project/logs/run.googleapis.com%2Fstdout",,"'2026-02-17T23:03:13.309215892Z","'yukpo-backend",,"'europe-west1","'yukpo-project",,"'yukpo-backend-00209-hn8","'yukpo-backend",cloud_run_revision,,"'[2m2026-02-17T23:03:13.269367Z[0m [31mERROR[0m [2myukpomnang_backend::services::product_creation_queue[0m[2m:[0m [ProductCreationQueue] ❌ Erreur récupération jobs: ?? Internal error: Erreur récupération jobs: error communicating with database: No such file or directory (os error 2)","'2026-02-17T23:03:13.267944Z"
6994f3b0000a3ac37d3a3242,,,,,00da6cd2c464c089e5e44eb66e1fbba3dc8ba46f714374877f940abaf883233cab71c111864b8572af033b2ba7d4f4441974fea6d07e9f8d521e263de8856c9faea30f6070537835f8ce39c300f0b11b,"'projects/yukpo-project/logs/run.googleapis.com%2Fstdout",,"'2026-02-17T23:03:12.981358597Z","'yukpo-backend",,"'europe-west1","'yukpo-project",,"'yukpo-backend-00209-hn8","'yukpo-backend",cloud_run_revision,,"'[2m2026-02-17T23:03:12.671498Z[0m [31mERROR[0m [2myukpomnang_backend::services::social_distribution_service[0m[2m:[0m [SocialDistribution] Fetch jobs error: Database(""error communicating with database: No such file or directory (os error 2)"")","'2026-02-17T23:03:12.670403Z"
6994f3b0000a3abc505696da,,,,,00da6cd2c464c089e5e44eb66e1fbba3dc8ba46f714374877f940abaf883233cab71c111864b8572af033b2ba7d4f4441974fea6d07e9f8d521e263de8856c9faea30f6070537835f8ce39c300f0b11b,"'projects/yukpo-project/logs/run.googleapis.com%2Fstdout",,"'2026-02-17T23:03:12.981358597Z","'yukpo-backend",,"'europe-west1","'yukpo-project",,"'yukpo-backend-00209-hn8","'yukpo-backend",cloud_run_revision,,"'[2m2026-02-17T23:03:12.671464Z[0m [31mERROR[0m [2myukpomnang_backend::utils::db_retry[0m[2m:[0m [DB Retry] ❌ Toutes les 3 tentatives ont échoué. Dernière erreur: error communicating with database: No such file or directory (os error 2)","'2026-02-17T23:03:12.670396Z"
6994f3b000040d0e02bb9cca,,,,,00da6cd2c464c089e5e44eb66e1fbba3dc8ba46f714374877f940abaf883233cab71c111864b8572af033b2ba7d4f4441974fea6d07e9f8d521e263de8856c9faea30f6070537835f8ce39c300f0b11b,"'projects/yukpo-project/logs/run.googleapis.com%2Fstdout",,"'2026-02-17T23:03:12.312580334Z","'yukpo-backend",,"'europe-west1","'yukpo-project",,"'yukpo-backend-00209-hn8","'yukpo-backend",cloud_run_revision,,"'[2m2026-02-17T23:03:12.266268Z[0m [31mERROR[0m [2myukpomnang_backend::tasks::notification_queue_worker[0m[2m:[0m ❌ Erreur traitement batch notifications: Internal(""Redis connection failed: Connexion Redis échouée: failed to lookup address information: Name or service not known"")","'2026-02-17T23:03:12.265486Z"
6994f3ae00072150c447dd37,,,,,00da6cd2c464c089e5e44eb66e1fbba3dc8ba46f714374877f940abaf883233cab71c111864b8572af033b2ba7d4f4441974fea6d07e9f8d521e263de8856c9faea30f6070537835f8ce39c300f0b11b,"'projects/yukpo-project/logs/run.googleapis.com%2Fstdout",,"'2026-02-17T23:03:10.647503631Z","'yukpo-backend",,"'europe-west1","'yukpo-project",,"'yukpo-backend-00209-hn8","'yukpo-backend",cloud_run_revision,,"'[2m2026-02-17T23:03:10.468876Z[0m [31mERROR[0m [2myukpomnang_backend::tasks::notification_queue_worker[0m[2m:[0m ❌ Erreur traitement batch notifications: Internal(""Redis connection failed: Connexion Redis échouée: failed to lookup address information: Name or service not known"")","'2026-02-17T23:03:10.467280Z"
6994f3ad0002831348ab81c5,,,,,00da6cd2c464c089e5e44eb66e1fbba3dc8ba46f714374877f940abaf883233cab71c111864b8572af033b2ba7d4f4441974fea6d07e9f8d521e263de8856c9faea30f6070537835f8ce39c300f0b11b,"'projects/yukpo-project/logs/run.googleapis.com%2Fstdout",,"'2026-02-17T23:03:09.316811521Z","'yukpo-backend",,"'europe-west1","'yukpo-project",,"'yukpo-backend-00209-hn8","'yukpo-backend",cloud_run_revision,,"'[2m2026-02-17T23:03:08.966665Z[0m [31mERROR[0m [2myukpomnang_backend::tasks::notification_queue_worker[0m[2m:[0m ❌ Erreur traitement batch notifications: Internal(""Redis connection failed: Connexion Redis échouée: failed to lookup address information: Name or service not known"")","'2026-02-17T23:03:09.164627Z"
6994f3ac000d3229625a475b,,,,,00da6cd2c464c089e5e44eb66e1fbba3dc8ba46f714374877f940abaf883233cab71c111864b8572af033b2ba7d4f4441974fea6d07e9f8d521e263de8856c9faea30f6070537835f8ce39c300f0b11b,"'projects/yukpo-project/logs/run.googleapis.com%2Fstdout",,"'2026-02-17T23:03:08.982236040Z","'yukpo-backend",,"'europe-west1","'yukpo-project",,"'yukpo-backend-00209-hn8","'yukpo-backend",cloud_run_revision,,"'[2m2026-02-17T23:03:08.866191Z[0m [31mERROR[0m [2myukpomnang_backend::services::live_flash_sale_service[0m[2m:[0m process_timers live flash sales failed: Database(""error communicating with database: No such file or directory (os error 2)"")","'2026-02-17T23:03:08.864809Z"
6994f3ac000d321d1a7c8954,,,,,00da6cd2c464c089e5e44eb66e1fbba3dc8ba46f714374877f940abaf883233cab71c111864b8572af033b2ba7d4f4441974fea6d07e9f8d521e263de8856c9faea30f6070537835f8ce39c300f0b11b,"'projects/yukpo-project/logs/run.googleapis.com%2Fstdout",,"'2026-02-17T23:03:08.982236040Z","'yukpo-backend",,"'europe-west1","'yukpo-project",,"'yukpo-backend-00209-hn8","'yukpo-backend",cloud_run_revision,,"'[2m2026-02-17T23:03:08.866177Z[0m [31mERROR[0m [2myukpomnang_backend::tasks::delivery_notification_repeat[0m[2m:[0m ❌ [DeliveryNotifications] Erreur lors de la répétition: Io(Os { code: 2, kind: NotFound, message: ""No such file or directory"" })","'2026-02-17T23:03:08.864797Z"
6994f3ab000a3195c23ae758,,,,,00da6cd2c464c089e5e44eb66e1fbba3dc8ba46f714374877f940abaf883233cab71c111864b8572af033b2ba7d4f4441974fea6d07e9f8d521e263de8856c9faea30f6070537835f8ce39c300f0b11b,"'projects/yukpo-project/logs/run.googleapis.com%2Fstdout",,"'2026-02-17T23:03:07.984277034Z","'yukpo-backend",,"'europe-west1","'yukpo-project",,"'yukpo-backend-00209-hn8","'yukpo-backend",cloud_run_revision,,"'[2m2026-02-17T23:03:07.669386Z[0m [32m INFO[0m [2myukpomnang_backend::utils::db_retry[0m[2m:[0m [DB Retry] Tentative 2/3 échouée (erreur TLS récupérable): error communicating with database: No such file or directory (os error 2). Retry dans 5000ms","'2026-02-17T23:03:07.668053Z"
6994f3ab000591ddb121c6d8,,,,,00da6cd2c464c089e5e44eb66e1fbba3dc8ba46f714374877f940abaf883233cab71c111864b8572af033b2ba7d4f4441974fea6d07e9f8d521e263de8856c9faea30f6070537835f8ce39c300f0b11b,"'projects/yukpo-project/logs/run.googleapis.com%2Fstdout",,"'2026-02-17T23:03:07.650115599Z","'yukpo-backend",,"'europe-west1","'yukpo-project",,"'yukpo-backend-00209-hn8","'yukpo-backend",cloud_run_revision,,"'[2m2026-02-17T23:03:07.366239Z[0m [31mERROR[0m [2myukpomnang_backend::tasks::notification_queue_worker[0m[2m:[0m ❌ Erreur traitement batch notifications: Internal(""Redis connection failed: Connexion Redis échouée: failed to lookup address information: Name or service not known"")","'2026-02-17T23:03:07.365021Z"
6994f3aa000412f79ebfbd73,,,,,00da6cd2c464c089e5e44eb66e1fbba3dc8ba46f714374877f940abaf883233cab71c111864b8572af033b2ba7d4f4441974fea6d07e9f8d521e263de8856c9faea30f6070537835f8ce39c300f0b11b,"'projects/yukpo-project/logs/run.googleapis.com%2Fstdout",,"'2026-02-17T23:03:06.317701799Z","'yukpo-backend",,"'europe-west1","'yukpo-project",,"'yukpo-backend-00209-hn8","'yukpo-backend",cloud_run_revision,,"'[2m2026-02-17T23:03:06.268033Z[0m [33m WARN[0m [2myukpomnang_backend::utils::db_monitor[0m[2m:[0m [DB Monitor] ⚠️ Pool unhealthy - Error: error communicating with database: No such file or directory (os error 2), Size: 0, Active: 0, Idle: 0","'2026-02-17T23:03:06.266999Z"
6994f3a9000d58ef7fc3c3ec,,,,,00da6cd2c464c089e5e44eb66e1fbba3dc8ba46f714374877f940abaf883233cab71c111864b8572af033b2ba7d4f4441974fea6d07e9f8d521e263de8856c9faea30f6070537835f8ce39c300f0b11b,"'projects/yukpo-project/logs/run.googleapis.com%2Fstdout",,"'2026-02-17T23:03:05.986569529Z","'yukpo-backend",,"'europe-west1","'yukpo-project",,"'yukpo-backend-00209-hn8","'yukpo-backend",cloud_run_revision,,"'[2m2026-02-17T23:03:05.876035Z[0m [31mERROR[0m [2myukpomnang_backend::tasks::notification_queue_worker[0m[2m:[0m ❌ Erreur traitement batch notifications: Internal(""Redis connection failed: Connexion Redis échouée: failed to lookup address information: Name or service not known"")","'2026-02-17T23:03:05.874735Z"
6994f3a8000a267e78f440c0,,,,,00da6cd2c464c089e5e44eb66e1fbba3dc8ba46f714374877f940abaf883233cab71c111864b8572af033b2ba7d4f4441974fea6d07e9f8d521e263de8856c9faea30f6070537835f8ce39c300f0b11b,"'projects/yukpo-project/logs/run.googleapis.com%2Fstdout",,"'2026-02-17T23:03:04.986563406Z","'yukpo-backend",,"'europe-west1","'yukpo-project",,"'yukpo-backend-00209-hn8","'yukpo-backend",cloud_run_revision,,"'[2m2026-02-17T23:03:04.666853Z[0m [32m INFO[0m [2myukpomnang_backend::utils::db_retry[0m[2m:[0m [DB Retry] Tentative 1/3 échouée (erreur TLS récupérable): error communicating with database: No such file or directory (os error 2). Retry dans 3000ms","'2026-02-17T23:03:04.665214Z"
6994f3a80008ce1ee0cdde15,,,,,00da6cd2c464c089e5e44eb66e1fbba3dc8ba46f714374877f940abaf883233cab71c111864b8572af033b2ba7d4f4441974fea6d07e9f8d521e263de8856c9faea30f6070537835f8ce39c300f0b11b,"'projects/yukpo-project/logs/run.googleapis.com%2Fstdout",,"'2026-02-17T23:03:04.651858429Z","'yukpo-backend",,"'europe-west1","'yukpo-project",,"'yukpo-backend-00209-hn8","'yukpo-backend",cloud_run_revision,,"'[2m2026-02-17T23:03:04.578736Z[0m [31mERROR[0m [2myukpomnang_backend::tasks::notification_queue_worker[0m[2m:[0m ❌ Erreur traitement batch notifications: Internal(""Redis connection failed: Connexion Redis échouée: failed to lookup address information: Name or service not known"")","'2026-02-17T23:03:04.577054Z"
6994f3a70005ace914dfc837,,,,,00da6cd2c464c089e5e44eb66e1fbba3dc8ba46f714374877f940abaf883233cab71c111864b8572af033b2ba7d4f4441974fea6d07e9f8d521e263de8856c9faea30f6070537835f8ce39c300f0b11b,"'projects/yukpo-project/logs/run.googleapis.com%2Fstdout",,"'2026-02-17T23:03:03.659307982Z","'yukpo-backend",,"'europe-west1","'yukpo-project",,"'yukpo-backend-00209-hn8","'yukpo-backend",cloud_run_revision,,"'[2m2026-02-17T23:03:03.372908Z[0m [31mERROR[0m [2myukpomnang_backend::tasks::notification_queue_worker[0m[2m:[0m ❌ Erreur traitement batch notifications: Internal(""Redis connection failed: Connexion Redis échouée: failed to lookup address information: Name or service not known"")","'2026-02-17T23:03:03.371945Z"
6994f3a70004167758cf3344,,,,,00da6cd2c464c089e5e44eb66e1fbba3dc8ba46f714374877f940abaf883233cab71c111864b8572af033b2ba7d4f4441974fea6d07e9f8d521e263de8856c9faea30f6070537835f8ce39c300f0b11b,"'projects/yukpo-project/logs/run.googleapis.com%2Fstdout",,"'2026-02-17T23:03:03.321174622Z","'yukpo-backend",,"'europe-west1","'yukpo-project",,"'yukpo-backend-00209-hn8","'yukpo-backend",cloud_run_revision,,"'[2m2026-02-17T23:03:03.268751Z[0m [31mERROR[0m [2myukpomnang_backend::services::product_creation_queue[0m[2m:[0m [ProductCreationQueue] ❌ Erreur récupération jobs: ?? Internal error: Erreur récupération jobs: error communicating with database: No such file or directory (os error 2)","'2026-02-17T23:03:03.267895Z"
6994f3a60002843ea615597b,,,,,00da6cd2c464c089e5e44eb66e1fbba3dc8ba46f714374877f940abaf883233cab71c111864b8572af033b2ba7d4f4441974fea6d07e9f8d521e263de8856c9faea30f6070537835f8ce39c300f0b11b,"'projects/yukpo-project/logs/run.googleapis.com%2Fstdout",,"'2026-02-17T23:03:02.321813644Z","'yukpo-backend",,"'europe-west1","'yukpo-project",,"'yukpo-backend-00209-hn8","'yukpo-backend",cloud_run_revision,,"'[2m2026-02-17T23:03:02.166396Z[0m [31mERROR[0m [2myukpomnang_backend::tasks::notification_queue_worker[0m[2m:[0m ❌ Erreur traitement batch notifications: Internal(""Redis connection failed: Connexion Redis échouée: failed to lookup address information: Name or service not known"")","'2026-02-17T23:03:02.164926Z"
6994f3a4000bb9dc763dc6ca,,,,,00da6cd2c464c089e5e44eb66e1fbba3dc8ba46f714374877f940abaf883233cab71c111864b8572af033b2ba7d4f4441974fea6d07e9f8d521e263de8856c9faea30f6070537835f8ce39c300f0b11b,"'projects/yukpo-project/logs/run.googleapis.com%2Fstdout",,"'2026-02-17T23:03:00.990071476Z","'yukpo-backend",,"'europe-west1","'yukpo-project",,"'yukpo-backend-00209-hn8","'yukpo-backend",cloud_run_revision,,"'[2m2026-02-17T23:03:00.769726Z[0m [31mERROR[0m [2myukpomnang_backend::tasks::notification_queue_worker[0m[2m:[0m ❌ Erreur traitement batch notifications: Internal(""Redis connection failed: Connexion Redis échouée: failed to lookup address information: Name or service not known"")","'2026-02-17T23:03:00.768476Z"
6994f3a300071993ffec270a,,,,,00da6cd2c464c089e5e44eb66e1fbba3dc8ba46f714374877f940abaf883233cab71c111864b8572af033b2ba7d4f4441974fea6d07e9f8d521e263de8856c9faea30f6070537835f8ce39c300f0b11b,"'projects/yukpo-project/logs/run.googleapis.com%2Fstdout",,"'2026-02-17T23:02:59.658937672Z","'yukpo-backend",,"'europe-west1","'yukpo-project",,"'yukpo-backend-00209-hn8","'yukpo-backend",cloud_run_revision,,"'[2m2026-02-17T23:02:59.466727Z[0m [31mERROR[0m [2myukpomnang_backend::tasks::notification_queue_worker[0m[2m:[0m ❌ Erreur traitement batch notifications: Internal(""Redis connection failed: Connexion Redis échouée: failed to lookup address information: Name or service not known"")","'2026-02-17T23:02:59.465299Z"
6994f3a1000f3baff267b8ef,,,,,00da6cd2c464c089e5e44eb66e1fbba3dc8ba46f714374877f940abaf883233cab71c111864b8572af033b2ba7d4f4441974fea6d07e9f8d521e263de8856c9faea30f6070537835f8ce39c300f0b11b,"'projects/yukpo-project/logs/run.googleapis.com%2Fstdout",,"'2026-02-17T23:02:58.984179655Z","'yukpo-backend",,"'europe-west1","'yukpo-project",,"'yukpo-backend-00209-hn8","'yukpo-backend",cloud_run_revision,,"'[2m2026-02-17T23:02:57.999482Z[0m [31mERROR[0m [2myukpomnang_backend::tasks::notification_queue_worker[0m[2m:[0m ❌ Erreur traitement batch notifications: Internal(""Redis connection failed: Connexion Redis échouée: failed to lookup address information: Name or service not known"")","'2026-02-17T23:02:57.998319Z"
6994f3a0000bfa96d19ca201,,,,,00da6cd2c464c089e5e44eb66e1fbba3dc8ba46f714374877f940abaf883233cab71c111864b8572af033b2ba7d4f4441974fea6d07e9f8d521e263de8856c9faea30f6070537835f8ce39c300f0b11b,"'projects/yukpo-project/logs/run.googleapis.com%2Fstdout",,"'2026-02-17T23:02:56.993875792Z","'yukpo-backend",,"'europe-west1","'yukpo-project",,"'yukpo-backend-00209-hn8","'yukpo-backend",cloud_run_revision,,"'[2m2026-02-17T23:02:56.786222Z[0m [31mERROR[0m [2myukpomnang_backend::tasks::notification_queue_worker[0m[2m:[0m ❌ Erreur traitement batch notifications: Internal(""Redis connection failed: Connexion Redis échouée: failed to lookup address information: Name or service not known"")","'2026-02-17T23:02:56.785046Z"
6994f39f0008d3b21716cc3e,,,,,00da6cd2c464c089e5e44eb66e1fbba3dc8ba46f714374877f940abaf883233cab71c111864b8572af033b2ba7d4f4441974fea6d07e9f8d521e263de8856c9faea30f6070537835f8ce39c300f0b11b,"'projects/yukpo-project/logs/run.googleapis.com%2Fstdout",,"'2026-02-17T23:02:55.661947824Z","'yukpo-backend",,"'europe-west1","'yukpo-project",,"'yukpo-backend-00209-hn8","'yukpo-backend",cloud_run_revision,,"'[2m2026-02-17T23:02:55.580014Z[0m [31mERROR[0m [2myukpomnang_backend::tasks::notification_queue_worker[0m[2m:[0m ❌ Erreur traitement batch notifications: Internal(""Redis connection failed: Connexion Redis échouée: failed to lookup address information: Name or service not known"")","'2026-02-17T23:02:55.578482Z"
6994f39e000599d06a3730cf,,,,,00da6cd2c464c089e5e44eb66e1fbba3dc8ba46f714374877f940abaf883233cab71c111864b8572af033b2ba7d4f4441974fea6d07e9f8d521e263de8856c9faea30f6070537835f8ce39c300f0b11b,"'projects/yukpo-project/logs/run.googleapis.com%2Fstdout",,"'2026-02-17T23:02:54.661986727Z","'yukpo-backend",,"'europe-west1","'yukpo-project",,"'yukpo-backend-00209-hn8","'yukpo-backend",cloud_run_revision,,"'[2m2026-02-17T23:02:54.368034Z[0m [31mERROR[0m [2myukpomnang_backend::tasks::notification_queue_worker[0m[2m:[0m ❌ Erreur traitement batch notifications: Internal(""Redis connection failed: Connexion Redis échouée: failed to lookup address information: Name or service not known"")","'2026-02-17T23:02:54.367056Z"
6994f39d000411269bf069ef,,,,,00da6cd2c464c089e5e44eb66e1fbba3dc8ba46f714374877f940abaf883233cab71c111864b8572af033b2ba7d4f4441974fea6d07e9f8d521e263de8856c9faea30f6070537835f8ce39c300f0b11b,"'projects/yukpo-project/logs/run.googleapis.com%2Fstdout",,"'2026-02-17T23:02:53.332466285Z","'yukpo-backend",,"'europe-west1","'yukpo-project",,"'yukpo-backend-00209-hn8","'yukpo-backend",cloud_run_revision,,"'[2m2026-02-17T23:02:53.267362Z[0m [31mERROR[0m [2myukpomnang_backend::services::product_creation_queue[0m[2m:[0m [ProductCreationQueue] ❌ Erreur récupération jobs: ?? Internal error: Erreur récupération jobs: error communicating with database: No such file or directory (os error 2)","'2026-02-17T23:02:53.266534Z"
6994f39c000d324737c33dd3,,,,,00da6cd2c464c089e5e44eb66e1fbba3dc8ba46f714374877f940abaf883233cab71c111864b8572af033b2ba7d4f4441974fea6d07e9f8d521e263de8856c9faea30f6070537835f8ce39c300f0b11b,"'projects/yukpo-project/logs/run.googleapis.com%2Fstdout",,"'2026-02-17T23:02:52.998338189Z","'yukpo-backend",,"'europe-west1","'yukpo-project",,"'yukpo-backend-00209-hn8","'yukpo-backend",cloud_run_revision,,"'[2m2026-02-17T23:02:52.865838Z[0m [31mERROR[0m [2myukpomnang_backend::tasks::notification_queue_worker[0m[2m:[0m ❌ Erreur traitement batch notifications: Internal(""Redis connection failed: Connexion Redis échouée: failed to lookup address information: Name or service not known"")","'2026-02-17T23:02:52.864839Z"
6994f39b0007280d89e8e14e,,,,,00da6cd2c464c089e5e44eb66e1fbba3dc8ba46f714374877f940abaf883233cab71c111864b8572af033b2ba7d4f4441974fea6d07e9f8d521e263de8856c9faea30f6070537835f8ce39c300f0b11b,"'projects/yukpo-project/logs/run.googleapis.com%2Fstdout",,"'2026-02-17T23:02:51.663685346Z","'yukpo-backend",,"'europe-west1","'yukpo-project",,"'yukpo-backend-00209-hn8","'yukpo-backend",cloud_run_revision,,"'[2m2026-02-17T23:02:51.470342Z[0m [31mERROR[0m [2myukpomnang_backend::tasks::notification_queue_worker[0m[2m:[0m ❌ Erreur traitement batch notifications: Internal(""Redis connection failed: Connexion Redis échouée: failed to lookup address information: Name or service not known"")","'2026-02-17T23:02:51.469005Z"
6994f39a00029f15a5cfef32,,,,,00da6cd2c464c089e5e44eb66e1fbba3dc8ba46f714374877f940abaf883233cab71c111864b8572af033b2ba7d4f4441974fea6d07e9f8d521e263de8856c9faea30f6070537835f8ce39c300f0b11b,"'projects/yukpo-project/logs/run.googleapis.com%2Fstdout",,"'2026-02-17T23:02:50.336168385Z","'yukpo-backend",,"'europe-west1","'yukpo-project",,"'yukpo-backend-00209-hn8","'yukpo-backend",cloud_run_revision,,"'[2m2026-02-17T23:02:50.172789Z[0m [31mERROR[0m [2myukpomnang_backend::tasks::notification_queue_worker[0m[2m:[0m ❌ Erreur traitement batch notifications: Internal(""Redis connection failed: Connexion Redis échouée: failed to lookup address information: Name or service not known"")","'2026-02-17T23:02:50.171797Z"
6994f398000baceac9504576,,,,,00da6cd2c464c089e5e44eb66e1fbba3dc8ba46f714374877f940abaf883233cab71c111864b8572af033b2ba7d4f4441974fea6d07e9f8d521e263de8856c9faea30f6070537835f8ce39c300f0b11b,"'projects/yukpo-project/logs/run.googleapis.com%2Fstdout",,"'2026-02-17T23:02:49.003334510Z","'yukpo-backend",,"'europe-west1","'yukpo-project",,"'yukpo-backend-00209-hn8","'yukpo-backend",cloud_run_revision,,"'[2m2026-02-17T23:02:48.766129Z[0m [31mERROR[0m [2myukpomnang_backend::tasks::notification_queue_worker[0m[2m:[0m ❌ Erreur traitement batch notifications: Internal(""Redis connection failed: Connexion Redis échouée: failed to lookup address information: Name or service not known"")","'2026-02-17T23:02:48.765162Z"
6994f3970005eea2ce39f2b0,,,,,00da6cd2c464c089e5e44eb66e1fbba3dc8ba46f714374877f940abaf883233cab71c111864b8572af033b2ba7d4f4441974fea6d07e9f8d521e263de8856c9faea30f6070537835f8ce39c300f0b11b,"'projects/yukpo-project/logs/run.googleapis.com%2Fstdout",,"'2026-02-17T23:02:47.668733915Z","'yukpo-backend",,"'europe-west1","'yukpo-project",,"'yukpo-backend-00209-hn8","'yukpo-backend",cloud_run_revision,,"'[2m2026-02-17T23:02:47.389636Z[0m [31mERROR[0m [2myukpomnang_backend::tasks::notification_queue_worker[0m[2m:[0m ❌ Erreur traitement batch notifications: Internal(""Redis connection failed: Connexion Redis échouée: failed to lookup address information: Name or service not known"")","'2026-02-17T23:02:47.388770Z"
6994f395000d3a5725e5371f,,,,,00da6cd2c464c089e5e44eb66e1fbba3dc8ba46f714374877f940abaf883233cab71c111864b8572af033b2ba7d4f4441974fea6d07e9f8d521e263de8856c9faea30f6070537835f8ce39c300f0b11b,"'projects/yukpo-project/logs/run.googleapis.com%2Fstdout",,"'2026-02-17T23:02:46.003892101Z","'yukpo-backend",,"'europe-west1","'yukpo-project",,"'yukpo-backend-00209-hn8","'yukpo-backend",cloud_run_revision,,"'[2m2026-02-17T23:02:45.867626Z[0m [31mERROR[0m [2myukpomnang_backend::tasks::notification_queue_worker[0m[2m:[0m ❌ Erreur traitement batch notifications: Internal(""Redis connection failed: Connexion Redis échouée: failed to lookup address information: Name or service not known"")","'2026-02-17T23:02:45.866903Z"
6994f3940009c93b8dd55103,,,,,00da6cd2c464c089e5e44eb66e1fbba3dc8ba46f714374877f940abaf883233cab71c111864b8572af033b2ba7d4f4441974fea6d07e9f8d521e263de8856c9faea30f6070537835f8ce39c300f0b11b,"'projects/yukpo-project/logs/run.googleapis.com%2Fstdout",,"'2026-02-17T23:02:44.674075368Z","'yukpo-backend",,"'europe-west1","'yukpo-project",,"'yukpo-backend-00209-hn8","'yukpo-backend",cloud_run_revision,,"'[2m2026-02-17T23:02:44.642550Z[0m [31mERROR[0m [2myukpomnang_backend::tasks::notification_queue_worker[0m[2m:[0m ❌ Erreur traitement batch notifications: Internal(""Redis connection failed: Connexion Redis échouée: failed to lookup address information: Name or service not known"")","'2026-02-17T23:02:44.641339Z"
6994f394000592d7eabc7326,,,,,00da6cd2c464c089e5e44eb66e1fbba3dc8ba46f714374877f940abaf883233cab71c111864b8572af033b2ba7d4f4441974fea6d07e9f8d521e263de8856c9faea30f6070537835f8ce39c300f0b11b,"'projects/yukpo-project/logs/run.googleapis.com%2Fstdout",,"'2026-02-17T23:02:44.674075368Z","'yukpo-backend",,"'europe-west1","'yukpo-project",,"'yukpo-backend-00209-hn8","'yukpo-backend",cloud_run_revision,,"'[2m2026-02-17T23:02:44.366704Z[0m [33m WARN[0m [2myukpomnang_backend::tasks::delivery_matching_worker[0m[2m:[0m [DeliveryMatchingWorker] Itération échouée: ?? Internal error: 3 workers ont échoué. Nouvelle tentative programmée.","'2026-02-17T23:02:44.365271Z"
6994f394000592b907e1920c,,,,,00da6cd2c464c089e5e44eb66e1fbba3dc8ba46f714374877f940abaf883233cab71c111864b8572af033b2ba7d4f4441974fea6d07e9f8d521e263de8856c9faea30f6070537835f8ce39c300f0b11b,"'projects/yukpo-project/logs/run.googleapis.com%2Fstdout",,"'2026-02-17T23:02:44.674075368Z","'yukpo-backend",,"'europe-west1","'yukpo-project",,"'yukpo-backend-00209-hn8","'yukpo-backend",cloud_run_revision,,"'[2m2026-02-17T23:02:44.366676Z[0m [31mERROR[0m [2myukpomnang_backend::tasks::delivery_matching_worker[0m[2m:[0m [DeliveryMatchingWorker] Worker 2: Erreur après retries: ?? Database error: error communicating with database: No such file or directory (os error 2)","'2026-02-17T23:02:44.365241Z"
6994f394000592b46e41da88,,,,,00da6cd2c464c089e5e44eb66e1fbba3dc8ba46f714374877f940abaf883233cab71c111864b8572af033b2ba7d4f4441974fea6d07e9f8d521e263de8856c9faea30f6070537835f8ce39c300f0b11b,"'projects/yukpo-project/logs/run.googleapis.com%2Fstdout",,"'2026-02-17T23:02:44.674075368Z","'yukpo-backend",,"'europe-west1","'yukpo-project",,"'yukpo-backend-00209-hn8","'yukpo-backend",cloud_run_revision,,"'[2m2026-02-17T23:02:44.366659Z[0m [31mERROR[0m [2myukpomnang_backend::utils::db_retry[0m[2m:[0m [Service Retry] ❌ Toutes les 3 tentatives ont échoué. Dernière erreur: ?? Database error: error communicating with database: No such file or directory (os error 2)","'2026-02-17T23:02:44.365236Z"
6994f394000592aaf818c6da,,,,,00da6cd2c464c089e5e44eb66e1fbba3dc8ba46f714374877f940abaf883233cab71c111864b8572af033b2ba7d4f4441974fea6d07e9f8d521e263de8856c9faea30f6070537835f8ce39c300f0b11b,"'projects/yukpo-project/logs/run.googleapis.com%2Fstdout",,"'2026-02-17T23:02:44.674075368Z","'yukpo-backend",,"'europe-west1","'yukpo-project",,"'yukpo-backend-00209-hn8","'yukpo-backend",cloud_run_revision,,"'[2m2026-02-17T23:02:44.366615Z[0m [31mERROR[0m [2myukpomnang_backend::utils::db_retry[0m[2m:[0m [DB Retry] ❌ Toutes les 3 tentatives ont échoué. Dernière erreur: error communicating with database: No such file or directory (os error 2)","'2026-02-17T23:02:44.365226Z"
6994f3940004092adef1c95c,,,,,00da6cd2c464c089e5e44eb66e1fbba3dc8ba46f714374877f940abaf883233cab71c111864b8572af033b2ba7d4f4441974fea6d07e9f8d521e263de8856c9faea30f6070537835f8ce39c300f0b11b,"'projects/yukpo-project/logs/run.googleapis.com%2Fstdout",,"'2026-02-17T23:02:44.340221793Z","'yukpo-backend",,"'europe-west1","'yukpo-project",,"'yukpo-backend-00209-hn8","'yukpo-backend",cloud_run_revision,,"'[2m2026-02-17T23:02:44.265978Z[0m [31mERROR[0m [2myukpomnang_backend::tasks::delivery_matching_worker[0m[2m:[0m [DeliveryMatchingWorker] Worker 0: Erreur après retries: ?? Database error: error communicating with database: No such file or directory (os error 2)","'2026-02-17T23:02:44.264490Z"
6994f39400040920b42cfb7d,,,,,00da6cd2c464c089e5e44eb66e1fbba3dc8ba46f714374877f940abaf883233cab71c111864b8572af033b2ba7d4f4441974fea6d07e9f8d521e263de8856c9faea30f6070537835f8ce39c300f0b11b,"'projects/yukpo-project/logs/run.googleapis.com%2Fstdout",,"'2026-02-17T23:02:44.340221793Z","'yukpo-backend",,"'europe-west1","'yukpo-project",,"'yukpo-backend-00209-hn8","'yukpo-backend",cloud_run_revision,,"'[2m2026-02-17T23:02:44.265929Z[0m [31mERROR[0m [2myukpomnang_backend::utils::db_retry[0m[2m:[0m [Service Retry] ❌ Toutes les 3 tentatives ont échoué. Dernière erreur: ?? Database error: error communicating with database: No such file or directory (os error 2)","'2026-02-17T23:02:44.264480Z"
6994f3940002d715e76f6d0c,,,,,00da6cd2c464c089e5e44eb66e1fbba3dc8ba46f714374877f940abaf883233cab71c111864b8572af033b2ba7d4f4441974fea6d07e9f8d521e263de8856c9faea30f6070537835f8ce39c300f0b11b,"'projects/yukpo-project/logs/run.googleapis.com%2Fstdout",,"'2026-02-17T23:02:44.340221793Z","'yukpo-backend",,"'europe-west1","'yukpo-project",,"'yukpo-backend-00209-hn8","'yukpo-backend",cloud_run_revision,,"'[2m2026-02-17T23:02:44.187609Z[0m [31mERROR[0m [2myukpomnang_backend::utils::db_retry[0m[2m:[0m [DB Retry] ❌ Toutes les 3 tentatives ont échoué. Dernière erreur: error communicating with database: No such file or directory (os error 2)","'2026-02-17T23:02:44.186133Z"
6994f394000292b873eb4d5c,,,,,00da6cd2c464c089e5e44eb66e1fbba3dc8ba46f714374877f940abaf883233cab71c111864b8572af033b2ba7d4f4441974fea6d07e9f8d521e263de8856c9faea30f6070537835f8ce39c300f0b11b,"'projects/yukpo-project/logs/run.googleapis.com%2Fstdout",,"'2026-02-17T23:02:44.340221793Z","'yukpo-backend",,"'europe-west1","'yukpo-project",,"'yukpo-backend-00209-hn8","'yukpo-backend",cloud_run_revision,,"'[2m2026-02-17T23:02:44.170139Z[0m [31mERROR[0m [2myukpomnang_backend::tasks::delivery_matching_worker[0m[2m:[0m [DeliveryMatchingWorker] Worker 1: Erreur après retries: ?? Database error: error communicating with database: No such file or directory (os error 2)","'2026-02-17T23:02:44.168632Z"
6994f394000292b4022c4c94,,,,,00da6cd2c464c089e5e44eb66e1fbba3dc8ba46f714374877f940abaf883233cab71c111864b8572af033b2ba7d4f4441974fea6d07e9f8d521e263de8856c9faea30f6070537835f8ce39c300f0b11b,"'projects/yukpo-project/logs/run.googleapis.com%2Fstdout",,"'2026-02-17T23:02:44.340221793Z","'yukpo-backend",,"'europe-west1","'yukpo-project",,"'yukpo-backend-00209-hn8","'yukpo-backend",cloud_run_revision,,"'[2m2026-02-17T23:02:44.170124Z[0m [31mERROR[0m [2myukpomnang_backend::utils::db_retry[0m[2m:[0m [Service Retry] ❌ Toutes les 3 tentatives ont échoué. Dernière erreur: ?? Database error: error communicating with database: No such file or directory (os error 2)","'2026-02-17T23:02:44.168628Z"
6994f394000292a950f1dbb9,,,,,00da6cd2c464c089e5e44eb66e1fbba3dc8ba46f714374877f940abaf883233cab71c111864b8572af033b2ba7d4f4441974fea6d07e9f8d521e263de8856c9faea30f6070537835f8ce39c300f0b11b,"'projects/yukpo-project/logs/run.googleapis.com%2Fstdout",,"'2026-02-17T23:02:44.340221793Z","'yukpo-backend",,"'europe-west1","'yukpo-project",,"'yukpo-backend-00209-hn8","'yukpo-backend",cloud_run_revision,,"'[2m2026-02-17T23:02:44.170085Z[0m [31mERROR[0m [2myukpomnang_backend::utils::db_retry[0m[2m:[0m [DB Retry] ❌ Toutes les 3 tentatives ont échoué. Dernière erreur: error communicating with database: No such file or directory (os error 2)","'2026-02-17T23:02:44.168617Z"
6994f393000409a8717566c8,,,,,00da6cd2c464c089e5e44eb66e1fbba3dc8ba46f714374877f940abaf883233cab71c111864b8572af033b2ba7d4f4441974fea6d07e9f8d521e263de8856c9faea30f6070537835f8ce39c300f0b11b,"'projects/yukpo-project/logs/run.googleapis.com%2Fstdout",,"'2026-02-17T23:02:43.342126824Z","'yukpo-backend",,"'europe-west1","'yukpo-project",,"'yukpo-backend-00209-hn8","'yukpo-backend",cloud_run_revision,,"'[2m2026-02-17T23:02:43.266182Z[0m [31mERROR[0m [2myukpomnang_backend::services::product_creation_queue[0m[2m:[0m [ProductCreationQueue] ❌ Erreur récupération jobs: ?? Internal error: Erreur récupération jobs: error communicating with database: No such file or directory (os error 2)","'2026-02-17T23:02:43.264616Z"
6994f393000290bc79c8bfc2,,,,,00da6cd2c464c089e5e44eb66e1fbba3dc8ba46f714374877f940abaf883233cab71c111864b8572af033b2ba7d4f4441974fea6d07e9f8d521e263de8856c9faea30f6070537835f8ce39c300f0b11b,"'projects/yukpo-project/logs/run.googleapis.com%2Fstdout",,"'2026-02-17T23:02:43.342126824Z","'yukpo-backend",,"'europe-west1","'yukpo-project",,"'yukpo-backend-00209-hn8","'yukpo-backend",cloud_run_revision,,"'[2m2026-02-17T23:02:43.169688Z[0m [31mERROR[0m [2myukpomnang_backend::tasks::notification_queue_worker[0m[2m:[0m ❌ Erreur traitement batch notifications: Internal(""Redis connection failed: Connexion Redis échouée: failed to lookup address information: Name or service not known"")","'2026-02-17T23:02:43.168124Z"
6994f391000d707f0e258ba4,,,,,00da6cd2c464c089e5e44eb66e1fbba3dc8ba46f714374877f940abaf883233cab71c111864b8572af033b2ba7d4f4441974fea6d07e9f8d521e263de8856c9faea30f6070537835f8ce39c300f0b11b,"'projects/yukpo-project/logs/run.googleapis.com%2Fstdout",,"'2026-02-17T23:02:42.008003464Z","'yukpo-backend",,"'europe-west1","'yukpo-project",,"'yukpo-backend-00209-hn8","'yukpo-backend",cloud_run_revision,,"'[2m2026-02-17T23:02:41.882079Z[0m [31mERROR[0m [2myukpomnang_backend::tasks::notification_queue_worker[0m[2m:[0m ❌ Erreur traitement batch notifications: Internal(""Redis connection failed: Connexion Redis échouée: failed to lookup address information: Name or service not known"")","'2026-02-17T23:02:41.880767Z"
6994f390000a460bfff819fd,,,,,00da6cd2c464c089e5e44eb66e1fbba3dc8ba46f714374877f940abaf883233cab71c111864b8572af033b2ba7d4f4441974fea6d07e9f8d521e263de8856c9faea30f6070537835f8ce39c300f0b11b,"'projects/yukpo-project/logs/run.googleapis.com%2Fstdout",,"'2026-02-17T23:02:41.009018075Z","'yukpo-backend",,"'europe-west1","'yukpo-project",,"'yukpo-backend-00209-hn8","'yukpo-backend",cloud_run_revision,,"'[2m2026-02-17T23:02:40.674506Z[0m [31mERROR[0m [2myukpomnang_backend::tasks::notification_queue_worker[0m[2m:[0m ❌ Erreur traitement batch notifications: Internal(""Redis connection failed: Connexion Redis échouée: failed to lookup address information: Name or service not known"")","'2026-02-17T23:02:40.673291Z"
6994f38f00071bf023c59dcf,,,,,00da6cd2c464c089e5e44eb66e1fbba3dc8ba46f714374877f940abaf883233cab71c111864b8572af033b2ba7d4f4441974fea6d07e9f8d521e263de8856c9faea30f6070537835f8ce39c300f0b11b,"'projects/yukpo-project/logs/run.googleapis.com%2Fstdout",,"'2026-02-17T23:02:39.677006546Z","'yukpo-backend",,"'europe-west1","'yukpo-project",,"'yukpo-backend-00209-hn8","'yukpo-backend",cloud_run_revision,,"'[2m2026-02-17T23:02:39.467346Z[0m [31mERROR[0m [2myukpomnang_backend::tasks::notification_queue_worker[0m[2m:[0m ❌ Erreur traitement batch notifications: Internal(""Redis connection failed: Connexion Redis échouée: failed to lookup address information: Name or service not known"")","'2026-02-17T23:02:39.465904Z"
6994f38f000416c3a5c8e94e,,,,,00da6cd2c464c089e5e44eb66e1fbba3dc8ba46f714374877f940abaf883233cab71c111864b8572af033b2ba7d4f4441974fea6d07e9f8d521e263de8856c9faea30f6070537835f8ce39c300f0b11b,"'projects/yukpo-project/logs/run.googleapis.com%2Fstdout",,"'2026-02-17T23:02:39.344465172Z","'yukpo-backend",,"'europe-west1","'yukpo-project",,"'yukpo-backend-00209-hn8","'yukpo-backend",cloud_run_revision,,"'[2m2026-02-17T23:02:39.269398Z[0m [32m INFO[0m [2myukpomnang_backend::utils::db_retry[0m[2m:[0m [DB Retry] Tentative 2/3 échouée (erreur TLS récupérable): error communicating with database: No such file or directory (os error 2). Retry dans 5000ms","'2026-02-17T23:02:39.267971Z"
6994f38f0002d05b36064bcf,,,,,00da6cd2c464c089e5e44eb66e1fbba3dc8ba46f714374877f940abaf883233cab71c111864b8572af033b2ba7d4f4441974fea6d07e9f8d521e263de8856c9faea30f6070537835f8ce39c300f0b11b,"'projects/yukpo-project/logs/run.googleapis.com%2Fstdout",,"'2026-02-17T23:02:39.344465172Z","'yukpo-backend",,"'europe-west1","'yukpo-project",,"'yukpo-backend-00209-hn8","'yukpo-backend",cloud_run_revision,,"'[2m2026-02-17T23:02:39.185787Z[0m [32m INFO[0m [2myukpomnang_backend::utils::db_retry[0m[2m:[0m [DB Retry] Tentative 2/3 échouée (erreur TLS récupérable): error communicating with database: No such file or directory (os error 2). Retry dans 5000ms","'2026-02-17T23:02:39.184411Z"
6994f38f00028d137ffdba7c,,,,,00da6cd2c464c089e5e44eb66e1fbba3dc8ba46f714374877f940abaf883233cab71c111864b8572af033b2ba7d4f4441974fea6d07e9f8d521e263de8856c9faea30f6070537835f8ce39c300f0b11b,"'projects/yukpo-project/logs/run.googleapis.com%2Fstdout",,"'2026-02-17T23:02:39.344465172Z","'yukpo-backend",,"'europe-west1","'yukpo-project",,"'yukpo-backend-00209-hn8","'yukpo-backend",cloud_run_revision,,"'[2m2026-02-17T23:02:39.168624Z[0m [32m INFO[0m [2myukpomnang_backend::utils::db_retry[0m[2m:[0m [DB Retry] Tentative 2/3 échouée (erreur TLS récupérable): error communicating with database: No such file or directory (os error 2). Retry dans 5000ms","'2026-02-17T23:02:39.167187Z"
6994f38e000bad6ca876e62f,,,,,00da6cd2c464c089e5e44eb66e1fbba3dc8ba46f714374877f940abaf883233cab71c111864b8572af033b2ba7d4f4441974fea6d07e9f8d521e263de8856c9faea30f6070537835f8ce39c300f0b11b,"'projects/yukpo-project/logs/run.googleapis.com%2Fstdout",,"'2026-02-17T23:02:39.011324276Z","'yukpo-backend",,"'europe-west1","'yukpo-project",,"'yukpo-backend-00209-hn8","'yukpo-backend",cloud_run_revision,,"'[2m2026-02-17T23:02:38.766922Z[0m [31mERROR[0m [2myukpomnang_backend::tasks::delivery_notification_repeat[0m[2m:[0m ❌ [DeliveryNotifications] Erreur lors de la répétition: Io(Os { code: 2, kind: NotFound, message: ""No such file or directory"" })","'2026-02-17T23:02:38.765292Z"
6994f38e000bad5091626bca,,,,,00da6cd2c464c089e5e44eb66e1fbba3dc8ba46f714374877f940abaf883233cab71c111864b8572af033b2ba7d4f4441974fea6d07e9f8d521e263de8856c9faea30f6070537835f8ce39c300f0b11b,"'projects/yukpo-project/logs/run.googleapis.com%2Fstdout",,"'2026-02-17T23:02:39.011324276Z","'yukpo-backend",,"'europe-west1","'yukpo-project",,"'yukpo-backend-00209-hn8","'yukpo-backend",cloud_run_revision,,"'[2m2026-02-17T23:02:38.766860Z[0m [31mERROR[0m [2myukpomnang_backend::services::live_flash_sale_service[0m[2m:[0m process_timers live flash sales failed: Database(""error communicating with database: No such file or directory (os error 2)"")","'2026-02-17T23:02:38.765264Z"
6994f38e000132336ffff5f2,,,,,00da6cd2c464c089e5e44eb66e1fbba3dc8ba46f714374877f940abaf883233cab71c111864b8572af033b2ba7d4f4441974fea6d07e9f8d521e263de8856c9faea30f6070537835f8ce39c300f0b11b,"'projects/yukpo-project/logs/run.googleapis.com%2Fstdout",,"'2026-02-17T23:02:38.348050721Z","'yukpo-backend",,"'europe-west1","'yukpo-project",,"'yukpo-backend-00209-hn8","'yukpo-backend",cloud_run_revision,,"'[2m2026-02-17T23:02:38.080108Z[0m [31mERROR[0m [2myukpomnang_backend::tasks::notification_queue_worker[0m[2m:[0m ❌ Erreur traitement batch notifications: Internal(""Redis connection failed: Connexion Redis échouée: failed to lookup address information: Name or service not known"")","'2026-02-17T23:02:38.078387Z"
6994f38c000d502d68352cb3,,,,,00da6cd2c464c089e5e44eb66e1fbba3dc8ba46f714374877f940abaf883233cab71c111864b8572af033b2ba7d4f4441974fea6d07e9f8d521e263de8856c9faea30f6070537835f8ce39c300f0b11b,"'projects/yukpo-project/logs/run.googleapis.com%2Fstdout",,"'2026-02-17T23:02:37.013904701Z","'yukpo-backend",,"'europe-west1","'yukpo-project",,"'yukpo-backend-00209-hn8","'yukpo-backend",cloud_run_revision,,"'[2m2026-02-17T23:02:36.873869Z[0m [31mERROR[0m [2myukpomnang_backend::tasks::notification_queue_worker[0m[2m:[0m ❌ Erreur traitement batch notifications: Internal(""Redis connection failed: Connexion Redis échouée: failed to lookup address information: Name or service not known"")","'2026-02-17T23:02:36.872493Z"
6994f38c00040eb000c9d75f,,,,,00da6cd2c464c089e5e44eb66e1fbba3dc8ba46f714374877f940abaf883233cab71c111864b8572af033b2ba7d4f4441974fea6d07e9f8d521e263de8856c9faea30f6070537835f8ce39c300f0b11b,"'projects/yukpo-project/logs/run.googleapis.com%2Fstdout",,"'2026-02-17T23:02:36.348602831Z","'yukpo-backend",,"'europe-west1","'yukpo-project",,"'yukpo-backend-00209-hn8","'yukpo-backend",cloud_run_revision,,"'[2m2026-02-17T23:02:36.267601Z[0m [32m INFO[0m [2myukpomnang_backend::utils::db_retry[0m[2m:[0m [DB Retry] Tentative 1/3 échouée (erreur TLS récupérable): error communicating with database: No such file or directory (os error 2). Retry dans 3000ms","'2026-02-17T23:02:36.265904Z"
6994f38c00040ea64957c732,,,,,00da6cd2c464c089e5e44eb66e1fbba3dc8ba46f714374877f940abaf883233cab71c111864b8572af033b2ba7d4f4441974fea6d07e9f8d521e263de8856c9faea30f6070537835f8ce39c300f0b11b,"'projects/yukpo-project/logs/run.googleapis.com%2Fstdout",,"'2026-02-17T23:02:36.348602831Z","'yukpo-backend",,"'europe-west1","'yukpo-project",,"'yukpo-backend-00209-hn8","'yukpo-backend",cloud_run_revision,,"'[2m2026-02-17T23:02:36.267566Z[0m [33m WARN[0m [2myukpomnang_backend::utils::db_monitor[0m[2m:[0m [DB Monitor] ⚠️ Pool unhealthy - Error: error communicating with database: No such file or directory (os error 2), Size: 0, Active: 0, Idle: 0","'2026-02-17T23:02:36.265894Z"
6994f38c000284d7cc1bcb45,,,,,00da6cd2c464c089e5e44eb66e1fbba3dc8ba46f714374877f940abaf883233cab71c111864b8572af033b2ba7d4f4441974fea6d07e9f8d521e263de8856c9faea30f6070537835f8ce39c300f0b11b,"'projects/yukpo-project/logs/run.googleapis.com%2Fstdout",,"'2026-02-17T23:02:36.348602831Z","'yukpo-backend",,"'europe-west1","'yukpo-project",,"'yukpo-backend-00209-hn8","'yukpo-backend",cloud_run_revision,,"'[2m2026-02-17T23:02:36.166793Z[0m [32m INFO[0m [2myukpomnang_backend::utils::db_retry[0m[2m:[0m [DB Retry] Tentative 1/3 échouée (erreur TLS récupérable): error communicating with database: No such file or directory (os error 2). Retry dans 3000ms","'2026-02-17T23:02:36.165079Z"
6994f38c000284cc85f51306,,,,,00da6cd2c464c089e5e44eb66e1fbba3dc8ba46f714374877f940abaf883233cab71c111864b8572af033b2ba7d4f4441974fea6d07e9f8d521e263de8856c9faea30f6070537835f8ce39c300f0b11b,"'projects/yukpo-project/logs/run.googleapis.com%2Fstdout",,"'2026-02-17T23:02:36.348602831Z","'yukpo-backend",,"'europe-west1","'yukpo-project",,"'yukpo-backend-00209-hn8","'yukpo-backend",cloud_run_revision,,"'[2m2026-02-17T23:02:36.166740Z[0m [32m INFO[0m [2myukpomnang_backend::utils::db_retry[0m[2m:[0m [DB Retry] Tentative 1/3 échouée (erreur TLS récupérable): error communicating with database: No such file or directory (os error 2). Retry dans 3000ms","'2026-02-17T23:02:36.165068Z"
6994f38b000d30e08b1c1974,,,,,00da6cd2c464c089e5e44eb66e1fbba3dc8ba46f714374877f940abaf883233cab71c111864b8572af033b2ba7d4f4441974fea6d07e9f8d521e263de8856c9faea30f6070537835f8ce39c300f0b11b,"'projects/yukpo-project/logs/run.googleapis.com%2Fstdout",,"'2026-02-17T23:02:36.014665818Z","'yukpo-backend",,"'europe-west1","'yukpo-project",,"'yukpo-backend-00209-hn8","'yukpo-backend",cloud_run_revision,,"'[2m2026-02-17T23:02:35.865921Z[0m [31mERROR[0m [2myukpomnang_backend::utils::db_retry[0m[2m:[0m [DB Retry] ❌ Toutes les 3 tentatives ont échoué. Dernière erreur: error communicating with database: No such file or directory (os error 2)","'2026-02-17T23:02:35.864480Z"
6994f38b000baaefca79b853,,,,,00da6cd2c464c089e5e44eb66e1fbba3dc8ba46f714374877f940abaf883233cab71c111864b8572af033b2ba7d4f4441974fea6d07e9f8d521e263de8856c9faea30f6070537835f8ce39c300f0b11b,"'projects/yukpo-project/logs/run.googleapis.com%2Fstdout",,"'2026-02-17T23:02:36.014665818Z","'yukpo-backend",,"'europe-west1","'yukpo-project",,"'yukpo-backend-00209-hn8","'yukpo-backend",cloud_run_revision,,"'[2m2026-02-17T23:02:35.765997Z[0m [31mERROR[0m [2myukpomnang_backend::utils::db_retry[0m[2m:[0m [DB Retry] ❌ Toutes les 3 tentatives ont échoué. Dernière erreur: error communicating with database: No such file or directory (os error 2)","'2026-02-17T23:02:35.764655Z"
6994f38b000baae75c91b367,,,,,00da6cd2c464c089e5e44eb66e1fbba3dc8ba46f714374877f940abaf883233cab71c111864b8572af033b2ba7d4f4441974fea6d07e9f8d521e263de8856c9faea30f6070537835f8ce39c300f0b11b,"'projects/yukpo-project/logs/run.googleapis.com%2Fstdout",,"'2026-02-17T23:02:36.014665818Z","'yukpo-backend",,"'europe-west1","'yukpo-project",,"'yukpo-backend-00209-hn8","'yukpo-backend",cloud_run_revision,,"'[2m2026-02-17T23:02:35.765997Z[0m [31mERROR[0m [2myukpomnang_backend::utils::db_retry[0m[2m:[0m [DB Retry] ❌ Toutes les 3 tentatives ont échoué. Dernière erreur: error communicating with database: No such file or directory (os error 2)","'2026-02-17T23:02:35.764647Z"
6994f38b00086bdaa8e3e4fb,,,,,00da6cd2c464c089e5e44eb66e1fbba3dc8ba46f714374877f940abaf883233cab71c111864b8572af033b2ba7d4f4441974fea6d07e9f8d521e263de8856c9faea30f6070537835f8ce39c300f0b11b,"'projects/yukpo-project/logs/run.googleapis.com%2Fstdout",,"'2026-02-17T23:02:35.680272270Z","'yukpo-backend",,"'europe-west1","'yukpo-project",,"'yukpo-backend-00209-hn8","'yukpo-backend",cloud_run_revision,,"'[2m2026-02-17T23:02:35.553114Z[0m [31mERROR[0m [2myukpomnang_backend::tasks::notification_queue_worker[0m[2m:[0m ❌ Erreur traitement batch notifications: Internal(""Redis connection failed: Connexion Redis échouée: failed to lookup address information: Name or service not known"")","'2026-02-17T23:02:35.551898Z"
6994f38a0008b0ebe345f0b9,,,,,00da6cd2c464c089e5e44eb66e1fbba3dc8ba46f714374877f940abaf883233cab71c111864b8572af033b2ba7d4f4441974fea6d07e9f8d521e263de8856c9faea30f6070537835f8ce39c300f0b11b,"'projects/yukpo-project/logs/run.googleapis.com%2Fstdout",,"'2026-02-17T23:02:34.681099573Z","'yukpo-backend",,"'europe-west1","'yukpo-project",,"'yukpo-backend-00209-hn8","'yukpo-backend",cloud_run_revision,,"'[2m2026-02-17T23:02:34.570727Z[0m [31mERROR[0m [2myukpomnang_backend::tasks::order_timeout_monitor[0m[2m:[0m ❌ Erreur lors de la vérification des timeouts de commandes: ?? Database error: error communicating with database: No such file or directory (os error 2)","'2026-02-17T23:02:34.569579Z"
6994f38a0008b0e3a4f393f9,,,,,00da6cd2c464c089e5e44eb66e1fbba3dc8ba46f714374877f940abaf883233cab71c111864b8572af033b2ba7d4f4441974fea6d07e9f8d521e263de8856c9faea30f6070537835f8ce39c300f0b11b,"'projects/yukpo-project/logs/run.googleapis.com%2Fstdout",,"'2026-02-17T23:02:34.681099573Z","'yukpo-backend",,"'europe-west1","'yukpo-project",,"'yukpo-backend-00209-hn8","'yukpo-backend",cloud_run_revision,,"'[2m2026-02-17T23:02:34.570687Z[0m [31mERROR[0m [2myukpomnang_backend::utils::db_retry[0m[2m:[0m [DB Retry] ❌ Toutes les 3 tentatives ont échoué. Dernière erreur: error communicating with database: No such file or directory (os error 2)","'2026-02-17T23:02:34.569571Z"
6994f38a000112216b0c1c9a,,,,,00da6cd2c464c089e5e44eb66e1fbba3dc8ba46f714374877f940abaf883233cab71c111864b8572af033b2ba7d4f4441974fea6d07e9f8d521e263de8856c9faea30f6070537835f8ce39c300f0b11b,"'projects/yukpo-project/logs/run.googleapis.com%2Fstdout",,"'2026-02-17T23:02:34.350206799Z","'yukpo-backend",,"'europe-west1","'yukpo-project",,"'yukpo-backend-00209-hn8","'yukpo-backend",cloud_run_revision,,"'[2m2026-02-17T23:02:34.071419Z[0m [31mERROR[0m [2myukpomnang_backend::tasks::notification_queue_worker[0m[2m:[0m ❌ Erreur traitement batch notifications: Internal(""Redis connection failed: Connexion Redis échouée: failed to lookup address information: Name or service not known"")","'2026-02-17T23:02:34.070177Z"
6994f3890002a6db9b839b93,,,,,00da6cd2c464c089e5e44eb66e1fbba3dc8ba46f714374877f940abaf883233cab71c111864b8572af033b2ba7d4f4441974fea6d07e9f8d521e263de8856c9faea30f6070537835f8ce39c300f0b11b,"'projects/yukpo-project/logs/run.googleapis.com%2Fstdout",,"'2026-02-17T23:02:33.350801260Z","'yukpo-backend",,"'europe-west1","'yukpo-project",,"'yukpo-backend-00209-hn8","'yukpo-backend",cloud_run_revision,,"'[2m2026-02-17T23:02:33.175446Z[0m [31mERROR[0m [2myukpomnang_backend::services::product_creation_queue[0m[2m:[0m [ProductCreationQueue] ❌ Erreur récupération jobs: ?? Internal error: Erreur récupération jobs: error communicating with database: No such file or directory (os error 2)","'2026-02-17T23:02:33.173787Z"
6994f388000ccf30ed490dc0,,,,,00da6cd2c464c089e5e44eb66e1fbba3dc8ba46f714374877f940abaf883233cab71c111864b8572af033b2ba7d4f4441974fea6d07e9f8d521e263de8856c9faea30f6070537835f8ce39c300f0b11b,"'projects/yukpo-project/logs/run.googleapis.com%2Fstdout",,"'2026-02-17T23:02:33.017871080Z","'yukpo-backend",,"'europe-west1","'yukpo-project",,"'yukpo-backend-00209-hn8","'yukpo-backend",cloud_run_revision,,"'[2m2026-02-17T23:02:32.841020Z[0m [31mERROR[0m [2myukpomnang_backend::tasks::notification_queue_worker[0m[2m:[0m ❌ Erreur traitement batch notifications: Internal(""Redis connection failed: Connexion Redis échouée: failed to lookup address information: Name or service not known"")","'2026-02-17T23:02:32.839472Z"
6994f3870005e22e1e98885a,,,,,00da6cd2c464c089e5e44eb66e1fbba3dc8ba46f714374877f940abaf883233cab71c111864b8572af033b2ba7d4f4441974fea6d07e9f8d521e263de8856c9faea30f6070537835f8ce39c300f0b11b,"'projects/yukpo-project/logs/run.googleapis.com%2Fstdout",,"'2026-02-17T23:02:31.687316296Z","'yukpo-backend",,"'europe-west1","'yukpo-project",,"'yukpo-backend-00209-hn8","'yukpo-backend",cloud_run_revision,,"'[2m2026-02-17T23:02:31.387039Z[0m [31mERROR[0m [2myukpomnang_backend::tasks::notification_queue_worker[0m[2m:[0m ❌ Erreur traitement batch notifications: Internal(""Redis connection failed: Connexion Redis échouée: failed to lookup address information: Name or service not known"")","'2026-02-17T23:02:31.385582Z"
6994f3860008ab138ec4dd04,,,,,00da6cd2c464c089e5e44eb66e1fbba3dc8ba46f714374877f940abaf883233cab71c111864b8572af033b2ba7d4f4441974fea6d07e9f8d521e263de8856c9faea30f6070537835f8ce39c300f0b11b,"'projects/yukpo-project/logs/run.googleapis.com%2Fstdout",,"'2026-02-17T23:02:30.686900318Z","'yukpo-backend",,"'europe-west1","'yukpo-project",,"'yukpo-backend-00209-hn8","'yukpo-backend",cloud_run_revision,,"'[2m2026-02-17T23:02:30.569243Z[0m [32m INFO[0m [2myukpomnang_backend::utils::db_retry[0m[2m:[0m [DB Retry] Tentative 2/3 échouée (erreur TLS récupérable): error communicating with database: No such file or directory (os error 2). Retry dans 5000ms","'2026-02-17T23:02:30.568083Z"
6994f3860008aabdf69126c3,,,,,00da6cd2c464c089e5e44eb66e1fbba3dc8ba46f714374877f940abaf883233cab71c111864b8572af033b2ba7d4f4441974fea6d07e9f8d521e263de8856c9faea30f6070537835f8ce39c300f0b11b,"'projects/yukpo-project/logs/run.googleapis.com%2Fstdout",,"'2026-02-17T23:02:30.686900318Z","'yukpo-backend",,"'europe-west1","'yukpo-project",,"'yukpo-backend-00209-hn8","'yukpo-backend",cloud_run_revision,,"'[2m2026-02-17T23:02:30.569140Z[0m [32m INFO[0m [2myukpomnang_backend::utils::db_retry[0m[2m:[0m [DB Retry] Tentative 2/3 échouée (erreur TLS récupérable): error communicating with database: No such file or directory (os error 2). Retry dans 5000ms","'2026-02-17T23:02:30.567997Z"
6994f3860008aab527ff3f42,,,,,00da6cd2c464c089e5e44eb66e1fbba3dc8ba46f714374877f940abaf883233cab71c111864b8572af033b2ba7d4f4441974fea6d07e9f8d521e263de8856c9faea30f6070537835f8ce39c300f0b11b,"'projects/yukpo-project/logs/run.googleapis.com%2Fstdout",,"'2026-02-17T23:02:30.686900318Z","'yukpo-backend",,"'europe-west1","'yukpo-project",,"'yukpo-backend-00209-hn8","'yukpo-backend",cloud_run_revision,,"'[2m2026-02-17T23:02:30.569128Z[0m [32m INFO[0m [2myukpomnang_backend::utils::db_retry[0m[2m:[0m [DB Retry] Tentative 2/3 échouée (erreur TLS récupérable): error communicating with database: No such file or directory (os error 2). Retry dans 5000ms","'2026-02-17T23:02:30.567989Z"
6994f3860002a60686003f52,,,,,00da6cd2c464c089e5e44eb66e1fbba3dc8ba46f714374877f940abaf883233cab71c111864b8572af033b2ba7d4f4441974fea6d07e9f8d521e263de8856c9faea30f6070537835f8ce39c300f0b11b,"'projects/yukpo-project/logs/run.googleapis.com%2Fstdout",,"'2026-02-17T23:02:30.354045025Z","'yukpo-backend",,"'europe-west1","'yukpo-project",,"'yukpo-backend-00209-hn8","'yukpo-backend",cloud_run_revision,,"'[2m2026-02-17T23:02:30.174595Z[0m [31mERROR[0m [2myukpomnang_backend::tasks::notification_queue_worker[0m[2m:[0m ❌ Erreur traitement batch notifications: Internal(""Redis connection failed: Connexion Redis échouée: failed to lookup address information: Name or service not known"")","'2026-02-17T23:02:30.173574Z"
6994f3850008aa943a6b024a,,,,,00da6cd2c464c089e5e44eb66e1fbba3dc8ba46f714374877f940abaf883233cab71c111864b8572af033b2ba7d4f4441974fea6d07e9f8d521e263de8856c9faea30f6070537835f8ce39c300f0b11b,"'projects/yukpo-project/logs/run.googleapis.com%2Fstdout",,"'2026-02-17T23:02:29.687265974Z","'yukpo-backend",,"'europe-west1","'yukpo-project",,"'yukpo-backend-00209-hn8","'yukpo-backend",cloud_run_revision,,"'[2m2026-02-17T23:02:29.569239Z[0m [32m INFO[0m [2myukpomnang_backend::utils::db_retry[0m[2m:[0m [DB Retry] Tentative 2/3 échouée (erreur TLS récupérable): error communicating with database: No such file or directory (os error 2). Retry dans 5000ms","'2026-02-17T23:02:29.567956Z"
6994f384000ebb6b84beaa7d,,,,,00da6cd2c464c089e5e44eb66e1fbba3dc8ba46f714374877f940abaf883233cab71c111864b8572af033b2ba7d4f4441974fea6d07e9f8d521e263de8856c9faea30f6070537835f8ce39c300f0b11b,"'projects/yukpo-project/logs/run.googleapis.com%2Fstdout",,"'2026-02-17T23:02:29.020556777Z","'yukpo-backend",,"'europe-west1","'yukpo-project",,"'yukpo-backend-00209-hn8","'yukpo-backend",cloud_run_revision,,"'[2m2026-02-17T23:02:28.966963Z[0m [31mERROR[0m [2myukpomnang_backend::tasks::notification_queue_worker[0m[2m:[0m ❌ Erreur traitement batch notifications: Internal(""Redis connection failed: Connexion Redis échouée: failed to lookup address information: Name or service not known"")","'2026-02-17T23:02:28.965483Z"
6994f3830008b0832156c89d,,,,,00da6cd2c464c089e5e44eb66e1fbba3dc8ba46f714374877f940abaf883233cab71c111864b8572af033b2ba7d4f4441974fea6d07e9f8d521e263de8856c9faea30f6070537835f8ce39c300f0b11b,"'projects/yukpo-project/logs/run.googleapis.com%2Fstdout",,"'2026-02-17T23:02:27.688887836Z","'yukpo-backend",,"'europe-west1","'yukpo-project",,"'yukpo-backend-00209-hn8","'yukpo-backend",cloud_run_revision,,"'[2m2026-02-17T23:02:27.570773Z[0m [31mERROR[0m [2myukpomnang_backend::tasks::notification_queue_worker[0m[2m:[0m ❌ Erreur traitement batch notifications: Internal(""Redis connection failed: Connexion Redis échouée: failed to lookup address information: Name or service not known"")","'2026-02-17T23:02:27.569475Z"
6994f3830008a40035ac354d,,,,,00da6cd2c464c089e5e44eb66e1fbba3dc8ba46f714374877f940abaf883233cab71c111864b8572af033b2ba7d4f4441974fea6d07e9f8d521e263de8856c9faea30f6070537835f8ce39c300f0b11b,"'projects/yukpo-project/logs/run.googleapis.com%2Fstdout",,"'2026-02-17T23:02:27.688887836Z","'yukpo-backend",,"'europe-west1","'yukpo-project",,"'yukpo-backend-00209-hn8","'yukpo-backend",cloud_run_revision,,"'[2m2026-02-17T23:02:27.567526Z[0m [32m INFO[0m [2myukpomnang_backend::utils::db_retry[0m[2m:[0m [DB Retry] Tentative 1/3 échouée (erreur TLS récupérable): error communicating with database: No such file or directory (os error 2). Retry dans 3000ms","'2026-02-17T23:02:27.566272Z"
6994f3830008a3fd03e52799,,,,,00da6cd2c464c089e5e44eb66e1fbba3dc8ba46f714374877f940abaf883233cab71c111864b8572af033b2ba7d4f4441974fea6d07e9f8d521e263de8856c9faea30f6070537835f8ce39c300f0b11b,"'projects/yukpo-project/logs/run.googleapis.com%2Fstdout",,"'2026-02-17T23:02:27.688887836Z","'yukpo-backend",,"'europe-west1","'yukpo-project",,"'yukpo-backend-00209-hn8","'yukpo-backend",cloud_run_revision,,"'[2m2026-02-17T23:02:27.567548Z[0m [32m INFO[0m [2myukpomnang_backend::utils::db_retry[0m[2m:[0m [DB Retry] Tentative 1/3 échouée (erreur TLS récupérable): error communicating with database: No such file or directory (os error 2). Retry dans 3000ms","'2026-02-17T23:02:27.566269Z"
6994f3830008a3f3709f371c,,,,,00da6cd2c464c089e5e44eb66e1fbba3dc8ba46f714374877f940abaf883233cab71c111864b8572af033b2ba7d4f4441974fea6d07e9f8d521e263de8856c9faea30f6070537835f8ce39c300f0b11b,"'projects/yukpo-project/logs/run.googleapis.com%2Fstdout",,"'2026-02-17T23:02:27.688887836Z","'yukpo-backend",,"'europe-west1","'yukpo-project",,"'yukpo-backend-00209-hn8","'yukpo-backend",cloud_run_revision,,"'[2m2026-02-17T23:02:27.567526Z[0m [32m INFO[0m [2myukpomnang_backend::utils::db_retry[0m[2m:[0m [DB Retry] Tentative 1/3 échouée (erreur TLS récupérable): error communicating with database: No such file or directory (os error 2). Retry dans 3000ms","'2026-02-17T23:02:27.566259Z"
6994f383000590ed844ee2ed,,,,,00da6cd2c464c089e5e44eb66e1fbba3dc8ba46f714374877f940abaf883233cab71c111864b8572af033b2ba7d4f4441974fea6d07e9f8d521e263de8856c9faea30f6070537835f8ce39c300f0b11b,"'projects/yukpo-project/logs/run.googleapis.com%2Fstdout",,"'2026-02-17T23:02:27.688887836Z","'yukpo-backend",,"'europe-west1","'yukpo-project",,"'yukpo-backend-00209-hn8","'yukpo-backend",cloud_run_revision,,"'[2m2026-02-17T23:02:27.365887Z[0m [31mERROR[0m [2myukpomnang_backend::utils::db_retry[0m[2m:[0m [DB Retry] ❌ Toutes les 3 tentatives ont échoué. Dernière erreur: error communicating with database: No such file or directory (os error 2)","'2026-02-17T23:02:27.364781Z"
6994f383000590d134e068e9,,,,,00da6cd2c464c089e5e44eb66e1fbba3dc8ba46f714374877f940abaf883233cab71c111864b8572af033b2ba7d4f4441974fea6d07e9f8d521e263de8856c9faea30f6070537835f8ce39c300f0b11b,"'projects/yukpo-project/logs/run.googleapis.com%2Fstdout",,"'2026-02-17T23:02:27.688887836Z","'yukpo-backend",,"'europe-west1","'yukpo-project",,"'yukpo-backend-00209-hn8","'yukpo-backend",cloud_run_revision,,"'[2m2026-02-17T23:02:27.365928Z[0m [31mERROR[0m [2myukpomnang_backend::utils::db_retry[0m[2m:[0m [DB Retry] ❌ Toutes les 3 tentatives ont échoué. Dernière erreur: error communicating with database: No such file or directory (os error 2)","'2026-02-17T23:02:27.364753Z"
6994f383000590c9c495f997,,,,,00da6cd2c464c089e5e44eb66e1fbba3dc8ba46f714374877f940abaf883233cab71c111864b8572af033b2ba7d4f4441974fea6d07e9f8d521e263de8856c9faea30f6070537835f8ce39c300f0b11b,"'projects/yukpo-project/logs/run.googleapis.com%2Fstdout",,"'2026-02-17T23:02:27.688887836Z","'yukpo-backend",,"'europe-west1","'yukpo-project",,"'yukpo-backend-00209-hn8","'yukpo-backend",cloud_run_revision,,"'[2m2026-02-17T23:02:27.365887Z[0m [31mERROR[0m [2myukpomnang_backend::utils::db_retry[0m[2m:[0m [DB Retry] ❌ Toutes les 3 tentatives ont échoué. Dernière erreur: error communicating with database: No such file or directory (os error 2)","'2026-02-17T23:02:27.364745Z"
6994f3820008af4149b752e5,,,,,00da6cd2c464c089e5e44eb66e1fbba3dc8ba46f714374877f940abaf883233cab71c111864b8572af033b2ba7d4f4441974fea6d07e9f8d521e263de8856c9faea30f6070537835f8ce39c300f0b11b,"'projects/yukpo-project/logs/run.googleapis.com%2Fstdout",,"'2026-02-17T23:02:26.689719644Z","'yukpo-backend",,"'europe-west1","'yukpo-project",,"'yukpo-backend-00209-hn8","'yukpo-backend",cloud_run_revision,,"'[2m2026-02-17T23:02:26.570418Z[0m [32m INFO[0m [2myukpomnang_backend::services::gpu_service[0m[2m:[0m [GpuService] Scaling check - Utilisation: 0.0%, Instances: 0","'2026-02-17T23:02:26.569153Z"
6994f3820008af3c3af94a0f,,,,,00da6cd2c464c089e5e44eb66e1fbba3dc8ba46f714374877f940abaf883233cab71c111864b8572af033b2ba7d4f4441974fea6d07e9f8d521e263de8856c9faea30f6070537835f8ce39c300f0b11b,"'projects/yukpo-project/logs/run.googleapis.com%2Fstdout",,"'2026-02-17T23:02:26.689719644Z","'yukpo-backend",,"'europe-west1","'yukpo-project",,"'yukpo-backend-00209-hn8","'yukpo-backend",cloud_run_revision,,"'[2m2026-02-17T23:02:26.570391Z[0m [33m WARN[0m [2myukpomnang_backend::services::gpu_service[0m[2m:[0m [GpuService] Impossible de récupérer métriques GPU, utilisation par défaut","'2026-02-17T23:02:26.569148Z"
6994f3820008a411c17ffb0a,,,,,00da6cd2c464c089e5e44eb66e1fbba3dc8ba46f714374877f940abaf883233cab71c111864b8572af033b2ba7d4f4441974fea6d07e9f8d521e263de8856c9faea30f6070537835f8ce39c300f0b11b,"'projects/yukpo-project/logs/run.googleapis.com%2Fstdout",,"'2026-02-17T23:02:26.689719644Z","'yukpo-backend",,"'europe-west1","'yukpo-project",,"'yukpo-backend-00209-hn8","'yukpo-backend",cloud_run_revision,,"'[2m2026-02-17T23:02:26.567517Z[0m [32m INFO[0m [2myukpomnang_backend::utils::db_retry[0m[2m:[0m [DB Retry] Tentative 1/3 échouée (erreur TLS récupérable): error communicating with database: No such file or directory (os error 2). Retry dans 3000ms","'2026-02-17T23:02:26.566289Z"
6994f381000d7455eb4e7e9d,,,,,00da6cd2c464c089e5e44eb66e1fbba3dc8ba46f714374877f940abaf883233cab71c111864b8572af033b2ba7d4f4441974fea6d07e9f8d521e263de8856c9faea30f6070537835f8ce39c300f0b11b,"'projects/yukpo-project/logs/run.googleapis.com%2Fstdout",,"'2026-02-17T23:02:26.023518736Z","'yukpo-backend",,"'europe-west1","'yukpo-project",,"'yukpo-backend-00209-hn8","'yukpo-backend",cloud_run_revision,,"'[2m2026-02-17T23:02:25.883180Z[0m [31mERROR[0m [2myukpomnang_backend::tasks::notification_queue_worker[0m[2m:[0m ❌ Erreur traitement batch notifications: Internal(""Redis connection failed: Connexion Redis échouée: failed to lookup address information: Name or service not known"")","'2026-02-17T23:02:25.881749Z"
6994f380000a2fabd74d83d6,,,,,00da6cd2c464c089e5e44eb66e1fbba3dc8ba46f714374877f940abaf883233cab71c111864b8572af033b2ba7d4f4441974fea6d07e9f8d521e263de8856c9faea30f6070537835f8ce39c300f0b11b,"'projects/yukpo-project/logs/run.googleapis.com%2Fstdout",,"'2026-02-17T23:02:24.691844732Z","'yukpo-backend",,"'europe-west1","'yukpo-project",,"'yukpo-backend-00209-hn8","'yukpo-backend",cloud_run_revision,,"'[2m2026-02-17T23:02:24.668938Z[0m [31mERROR[0m [2myukpomnang_backend::tasks::notification_queue_worker[0m[2m:[0m ❌ Erreur traitement batch notifications: Internal(""Redis connection failed: Connexion Redis échouée: failed to lookup address information: Name or service not known"")","'2026-02-17T23:02:24.667563Z"
6994f37f0005932d95844f52,,,,,00da6cd2c464c089e5e44eb66e1fbba3dc8ba46f714374877f940abaf883233cab71c111864b8572af033b2ba7d4f4441974fea6d07e9f8d521e263de8856c9faea30f6070537835f8ce39c300f0b11b,"'projects/yukpo-project/logs/run.googleapis.com%2Fstdout",,"'2026-02-17T23:02:23.693487008Z","'yukpo-backend",,"'europe-west1","'yukpo-project",,"'yukpo-backend-00209-hn8","'yukpo-backend",cloud_run_revision,,"'[2m2026-02-17T23:02:23.366806Z[0m [31mERROR[0m [2myukpomnang_backend::tasks::notification_queue_worker[0m[2m:[0m ❌ Erreur traitement batch notifications: Internal(""Redis connection failed: Connexion Redis échouée: failed to lookup address information: Name or service not known"")","'2026-02-17T23:02:23.365357Z"
6994f37f00029fc29120f13d,,,,,00da6cd2c464c089e5e44eb66e1fbba3dc8ba46f714374877f940abaf883233cab71c111864b8572af033b2ba7d4f4441974fea6d07e9f8d521e263de8856c9faea30f6070537835f8ce39c300f0b11b,"'projects/yukpo-project/logs/run.googleapis.com%2Fstdout",,"'2026-02-17T23:02:23.361680392Z","'yukpo-backend",,"'europe-west1","'yukpo-project",,"'yukpo-backend-00209-hn8","'yukpo-backend",cloud_run_revision,,"'[2m2026-02-17T23:02:23.173464Z[0m [31mERROR[0m [2myukpomnang_backend::services::product_creation_queue[0m[2m:[0m [ProductCreationQueue] ❌ Erreur récupération jobs: ?? Internal error: Erreur récupération jobs: error communicating with database: No such file or directory (os error 2)","'2026-02-17T23:02:23.171970Z"