httpRequest.cacheLookup,httpRequest.latency,httpRequest.protocol,httpRequest.remoteIp,httpRequest.requestMethod,httpRequest.requestSize,httpRequest.requestUrl,httpRequest.responseSize,httpRequest.serverIp,httpRequest.status,httpRequest.userAgent,insertId,"'jsonPayload.@type",jsonPayload.backendTargetProjectNumber,jsonPayload.cacheDecision,jsonPayload.cacheId,jsonPayload.remoteIp,jsonPayload.statusDetails,labels.INSTANCE_UID,labels.LOG_BUCKET_NUM,labels.PROJECT_NUMBER,labels.SOURCE_ID,labels.container_name,labels.instanceId,labels.scaling_reason,logName,receiveLocation,receiveTimestamp,resource.labels.backend_service_name,resource.labels.configuration_name,resource.labels.database_id,resource.labels.forwarding_rule_name,resource.labels.location,resource.labels.project_id,resource.labels.region,resource.labels.revision_name,resource.labels.service_name,resource.labels.target_proxy_name,resource.labels.url_map_name,resource.labels.zone,resource.type,severity,spanId,textPayload,timestamp,trace,traceSampled
,,,,,,,,,,,69943f00000cf61128b5db19,,,,,,,,,,,,00da6cd2c4eb775932ed0608ce2c18d37237460ed010dd9b3e69fdb587a378bbfbd2ee1c61f4bbb7daf813331594dad1f6502e5491816b033364ece764f7c64091f35dcf878c637bbc279f616b57a9,,"'projects/yukpo-project/logs/run.googleapis.com%2Fstdout",,"'2026-02-17T10:12:16.895722157Z",,"'yukpo-backend",,,"'europe-west1","'yukpo-project",,"'yukpo-backend-00136-q4b","'yukpo-backend",,,,cloud_run_revision,,,🔍 [WRAPPER] Test d'exécution du binaire (version)...,"'2026-02-17T10:12:16.849425Z",,
,,,,,,,,,,,69943f00000cf5f061234ef5,,,,,,,,,,,,00da6cd2c4eb775932ed0608ce2c18d37237460ed010dd9b3e69fdb587a378bbfbd2ee1c61f4bbb7daf813331594dad1f6502e5491816b033364ece764f7c64091f35dcf878c637bbc279f616b57a9,,"'projects/yukpo-project/logs/run.googleapis.com%2Fstdout",,"'2026-02-17T10:12:16.895722157Z",,"'yukpo-backend",,,"'europe-west1","'yukpo-project",,"'yukpo-backend-00136-q4b","'yukpo-backend",,,,cloud_run_revision,,,"   MONGODB_URL: ✅ Présente","'2026-02-17T10:12:16.849392Z",,
,,,,,,,,,,,69943f00000cf5dde5581d0b,,,,,,,,,,,,00da6cd2c4eb775932ed0608ce2c18d37237460ed010dd9b3e69fdb587a378bbfbd2ee1c61f4bbb7daf813331594dad1f6502e5491816b033364ece764f7c64091f35dcf878c637bbc279f616b57a9,,"'projects/yukpo-project/logs/run.googleapis.com%2Fstdout",,"'2026-02-17T10:12:16.895722157Z",,"'yukpo-backend",,,"'europe-west1","'yukpo-project",,"'yukpo-backend-00136-q4b","'yukpo-backend",,,,cloud_run_revision,,,"   REDIS_URL: ✅ Présente","'2026-02-17T10:12:16.849373Z",,
,,,,,,,,,,,69943f00000cf5caf1d06f1d,,,,,,,,,,,,00da6cd2c4eb775932ed0608ce2c18d37237460ed010dd9b3e69fdb587a378bbfbd2ee1c61f4bbb7daf813331594dad1f6502e5491816b033364ece764f7c64091f35dcf878c637bbc279f616b57a9,,"'projects/yukpo-project/logs/run.googleapis.com%2Fstdout",,"'2026-02-17T10:12:16.895722157Z",,"'yukpo-backend",,,"'europe-west1","'yukpo-project",,"'yukpo-backend-00136-q4b","'yukpo-backend",,,,cloud_run_revision,,,"   JWT_SECRET: ✅ Présente (longueur: 18)","'2026-02-17T10:12:16.849354Z",,
,,,,,,,,,,,69943f00000cf57e18814c86,,,,,,,,,,,,00da6cd2c4eb775932ed0608ce2c18d37237460ed010dd9b3e69fdb587a378bbfbd2ee1c61f4bbb7daf813331594dad1f6502e5491816b033364ece764f7c64091f35dcf878c637bbc279f616b57a9,,"'projects/yukpo-project/logs/run.googleapis.com%2Fstdout",,"'2026-02-17T10:12:16.895722157Z",,"'yukpo-backend",,,"'europe-west1","'yukpo-project",,"'yukpo-backend-00136-q4b","'yukpo-backend",,,,cloud_run_revision,,,"'   🔍 [WRAPPER] DATABASE_URL se termine par: ...oudsql/yukpo-project:europe-west1:yukpo-postgres","'2026-02-17T10:12:16.849278Z",,
,,,,,,,,,,,69943f00000cf56a55483dd4,,,,,,,,,,,,00da6cd2c4eb775932ed0608ce2c18d37237460ed010dd9b3e69fdb587a378bbfbd2ee1c61f4bbb7daf813331594dad1f6502e5491816b033364ece764f7c64091f35dcf878c637bbc279f616b57a9,,"'projects/yukpo-project/logs/run.googleapis.com%2Fstdout",,"'2026-02-17T10:12:16.895722157Z",,"'yukpo-backend",,,"'europe-west1","'yukpo-project",,"'yukpo-backend-00136-q4b","'yukpo-backend",,,,cloud_run_revision,,,"   🔍 [WRAPPER] DATABASE_URL commence par: postgresql://yukpo_user:VTWc%23%25vKZt%3DqewDIfaB!...","'2026-02-17T10:12:16.849258Z",,
,,,,,,,,,,,69943f00000cf549b0f9a422,,,,,,,,,,,,00da6cd2c4eb775932ed0608ce2c18d37237460ed010dd9b3e69fdb587a378bbfbd2ee1c61f4bbb7daf813331594dad1f6502e5491816b033364ece764f7c64091f35dcf878c637bbc279f616b57a9,,"'projects/yukpo-project/logs/run.googleapis.com%2Fstdout",,"'2026-02-17T10:12:16.895722157Z",,"'yukpo-backend",,,"'europe-west1","'yukpo-project",,"'yukpo-backend-00136-q4b","'yukpo-backend",,,,cloud_run_revision,,,"   ⚠️ [WRAPPER] ATTENTION: DATABASE_URL contient des retours à la ligne (\n)!","'2026-02-17T10:12:16.849225Z",,
,,,,,,,,,,,69943eff000e866a6ebc24a8,,,,,,,,,,,,00da6cd2c4eb775932ed0608ce2c18d37237460ed010dd9b3e69fdb587a378bbfbd2ee1c61f4bbb7daf813331594dad1f6502e5491816b033364ece764f7c64091f35dcf878c637bbc279f616b57a9,,"'projects/yukpo-project/logs/run.googleapis.com%2Fstdout",,"'2026-02-17T10:12:16.229492673Z",,"'yukpo-backend",,,"'europe-west1","'yukpo-project",,"'yukpo-backend-00136-q4b","'yukpo-backend",,,,cloud_run_revision,,,"   ⚠️ [WRAPPER] ATTENTION: DATABASE_URL contient des retours à la ligne (\r)!","'2026-02-17T10:12:15.951914Z",,
,,,,,,,,,,,69943eff0003cc98359f9db2,,,,,,,,,,,,00da6cd2c4eb775932ed0608ce2c18d37237460ed010dd9b3e69fdb587a378bbfbd2ee1c61f4bbb7daf813331594dad1f6502e5491816b033364ece764f7c64091f35dcf878c637bbc279f616b57a9,,"'projects/yukpo-project/logs/run.googleapis.com%2Fstdout",,"'2026-02-17T10:12:15.561095135Z",,"'yukpo-backend",,,"'europe-west1","'yukpo-project",,"'yukpo-backend-00136-q4b","'yukpo-backend",,,,cloud_run_revision,,,"   DATABASE_URL: ✅ Présente (longueur: 123)","'2026-02-17T10:12:15.248984Z",,
,,,,,,,,,,,69943eff0003cc63faf90464,,,,,,,,,,,,00da6cd2c4eb775932ed0608ce2c18d37237460ed010dd9b3e69fdb587a378bbfbd2ee1c61f4bbb7daf813331594dad1f6502e5491816b033364ece764f7c64091f35dcf878c637bbc279f616b57a9,,"'projects/yukpo-project/logs/run.googleapis.com%2Fstdout",,"'2026-02-17T10:12:15.561095135Z",,"'yukpo-backend",,,"'europe-west1","'yukpo-project",,"'yukpo-backend-00136-q4b","'yukpo-backend",,,,cloud_run_revision,,,🔍 [WRAPPER] Variables d'environnement critiques:,"'2026-02-17T10:12:15.248931Z",,
,,,,,,,,,,,69943eff0003cc578db11c97,,,,,,,,,,,,00da6cd2c4eb775932ed0608ce2c18d37237460ed010dd9b3e69fdb587a378bbfbd2ee1c61f4bbb7daf813331594dad1f6502e5491816b033364ece764f7c64091f35dcf878c637bbc279f616b57a9,,"'projects/yukpo-project/logs/run.googleapis.com%2Fstdout",,"'2026-02-17T10:12:15.561095135Z",,"'yukpo-backend",,,"'europe-west1","'yukpo-project",,"'yukpo-backend-00136-q4b","'yukpo-backend",,,,cloud_run_revision,,,✅ [WRAPPER] Binaire trouvé et exécutable,"'2026-02-17T10:12:15.248919Z",,
,,,,,,,,,,,69943eff0003025539271e28,,,,,,,,,,,,00da6cd2c4eb775932ed0608ce2c18d37237460ed010dd9b3e69fdb587a378bbfbd2ee1c61f4bbb7daf813331594dad1f6502e5491816b033364ece764f7c64091f35dcf878c637bbc279f616b57a9,,"'projects/yukpo-project/logs/run.googleapis.com%2Fstdout",,"'2026-02-17T10:12:15.229784767Z",,"'yukpo-backend",,,"'europe-west1","'yukpo-project",,"'yukpo-backend-00136-q4b","'yukpo-backend",,,,cloud_run_revision,,,🔍 [WRAPPER] Vérification du binaire Rust...,"'2026-02-17T10:12:15.197205Z",,
,,,,,,,,,,,69943eff0003022fe5159329,,,,,,,,,,,,00da6cd2c4eb775932ed0608ce2c18d37237460ed010dd9b3e69fdb587a378bbfbd2ee1c61f4bbb7daf813331594dad1f6502e5491816b033364ece764f7c64091f35dcf878c637bbc279f616b57a9,,"'projects/yukpo-project/logs/run.googleapis.com%2Fstdout",,"'2026-02-17T10:12:15.229784767Z",,"'yukpo-backend",,,"'europe-west1","'yukpo-project",,"'yukpo-backend-00136-q4b","'yukpo-backend",,,,cloud_run_revision,,,✅ [WRAPPER] Port 8080 est libre,"'2026-02-17T10:12:15.197167Z",,
,,,,,,,,,,,69943eff0002fbd4a6c9706e,,,,,,,,,,,,00da6cd2c4eb775932ed0608ce2c18d37237460ed010dd9b3e69fdb587a378bbfbd2ee1c61f4bbb7daf813331594dad1f6502e5491816b033364ece764f7c64091f35dcf878c637bbc279f616b57a9,,"'projects/yukpo-project/logs/run.googleapis.com%2Fstdout",,"'2026-02-17T10:12:15.229784767Z",,"'yukpo-backend",,,"'europe-west1","'yukpo-project",,"'yukpo-backend-00136-q4b","'yukpo-backend",,,,cloud_run_revision,,,"'✅ [WRAPPER] Port libéré, démarrage de Rust...","'2026-02-17T10:12:15.195540Z",,
,,,,,,,,,,,69943efa0002ee3b5cbc0a77,,,,,,,,,,,,00da6cd2c4eb775932ed0608ce2c18d37237460ed010dd9b3e69fdb587a378bbfbd2ee1c61f4bbb7daf813331594dad1f6502e5491816b033364ece764f7c64091f35dcf878c637bbc279f616b57a9,,"'projects/yukpo-project/logs/run.googleapis.com%2Fstdout",,"'2026-02-17T10:12:10.234497387Z",,"'yukpo-backend",,,"'europe-west1","'yukpo-project",,"'yukpo-backend-00136-q4b","'yukpo-backend",,,,cloud_run_revision,,,⏳ [WRAPPER] Attente libération du port (5 secondes)...,"'2026-02-17T10:12:10.192059Z",,
,,,,,,,,,,,69943efa0002e4321a0b7651,,,,,,,,,,,,00da6cd2c4eb775932ed0608ce2c18d37237460ed010dd9b3e69fdb587a378bbfbd2ee1c61f4bbb7daf813331594dad1f6502e5491816b033364ece764f7c64091f35dcf878c637bbc279f616b57a9,,"'projects/yukpo-project/logs/run.googleapis.com%2Fstdout",,"'2026-02-17T10:12:10.234497387Z",,"'yukpo-backend",,,"'europe-west1","'yukpo-project",,"'yukpo-backend-00136-q4b","'yukpo-backend",,,,cloud_run_revision,,,🛑 [WRAPPER] Arrêt du serveur Python pour libérer le port...,"'2026-02-17T10:12:10.189490Z",,
,,,,,,,,,,,69943efa000289533d4e3838,,,,,,,,,,,,00da6cd2c4eb775932ed0608ce2c18d37237460ed010dd9b3e69fdb587a378bbfbd2ee1c61f4bbb7daf813331594dad1f6502e5491816b033364ece764f7c64091f35dcf878c637bbc279f616b57a9,,"'projects/yukpo-project/logs/run.googleapis.com%2Fvarlog%2Fsystem",,"'2026-02-17T10:12:10.504484769Z",,"'yukpo-backend",,,"'europe-west1","'yukpo-project",,"'yukpo-backend-00136-q4b","'yukpo-backend",,,,cloud_run_revision,INFO,,"'STARTUP HTTP probe succeeded after 1 attempt for container ""yukpo-backend-1"" on port 8080 path ""/health"".","'2026-02-17T10:12:10.166227Z",,
,,,,,,,,,,,69943efa000287025a11d52f,,,,,,,,,,,,00da6cd2c4eb775932ed0608ce2c18d37237460ed010dd9b3e69fdb587a378bbfbd2ee1c61f4bbb7daf813331594dad1f6502e5491816b033364ece764f7c64091f35dcf878c637bbc279f616b57a9,,"'projects/yukpo-project/logs/run.googleapis.com%2Fstderr",,"'2026-02-17T10:12:10.279825762Z",,"'yukpo-backend",,,"'europe-west1","'yukpo-project",,"'yukpo-backend-00136-q4b","'yukpo-backend",,,,cloud_run_revision,,,[HEALTH] GET /health HTTP/1.1,"'2026-02-17T10:12:10.165634Z",,
,,,,,,,,,,,69943ef50002d3354ddd8c6f,,,,,,,,,,,,00da6cd2c4eb775932ed0608ce2c18d37237460ed010dd9b3e69fdb587a378bbfbd2ee1c61f4bbb7daf813331594dad1f6502e5491816b033364ece764f7c64091f35dcf878c637bbc279f616b57a9,,"'projects/yukpo-project/logs/run.googleapis.com%2Fstdout",,"'2026-02-17T10:12:05.239843303Z",,"'yukpo-backend",,,"'europe-west1","'yukpo-project",,"'yukpo-backend-00136-q4b","'yukpo-backend",,,,cloud_run_revision,,,⏳ [WRAPPER] Attente que Cloud Run détecte le serveur Python (5 secondes)...,"'2026-02-17T10:12:05.185141Z",,
,,,,,,,,,,,69943ef50002d307fc9cd8f7,,,,,,,,,,,,00da6cd2c4eb775932ed0608ce2c18d37237460ed010dd9b3e69fdb587a378bbfbd2ee1c61f4bbb7daf813331594dad1f6502e5491816b033364ece764f7c64091f35dcf878c637bbc279f616b57a9,,"'projects/yukpo-project/logs/run.googleapis.com%2Fstdout",,"'2026-02-17T10:12:05.239843303Z",,"'yukpo-backend",,,"'europe-west1","'yukpo-project",,"'yukpo-backend-00136-q4b","'yukpo-backend",,,,cloud_run_revision,,,"'✅ [WRAPPER] Serveur HTTP minimal prêt, Cloud Run devrait le détecter...","'2026-02-17T10:12:05.185095Z",,
,,,,,,,,,,,69943ef000045b93dd125a14,,,,,,,,,,,,00da6cd2c4eb775932ed0608ce2c18d37237460ed010dd9b3e69fdb587a378bbfbd2ee1c61f4bbb7daf813331594dad1f6502e5491816b033364ece764f7c64091f35dcf878c637bbc279f616b57a9,,"'projects/yukpo-project/logs/run.googleapis.com%2Fstderr",,"'2026-02-17T10:12:00.620333221Z",,"'yukpo-backend",,,"'europe-west1","'yukpo-project",,"'yukpo-backend-00136-q4b","'yukpo-backend",,,,cloud_run_revision,,,✅ [HEALTH] Serveur HTTP minimal prêt sur port 8080,"'2026-02-17T10:12:00.285587Z",,
,,,,,,,,,,,69943ef0000457c791ed0e94,,,,,,,,,,,,00da6cd2c4eb775932ed0608ce2c18d37237460ed010dd9b3e69fdb587a378bbfbd2ee1c61f4bbb7daf813331594dad1f6502e5491816b033364ece764f7c64091f35dcf878c637bbc279f616b57a9,,"'projects/yukpo-project/logs/run.googleapis.com%2Fstderr",,"'2026-02-17T10:12:00.287722606Z",,"'yukpo-backend",,,"'europe-west1","'yukpo-project",,"'yukpo-backend-00136-q4b","'yukpo-backend",,,,cloud_run_revision,,,🚀 [HEALTH] Démarrage serveur HTTP minimal Python sur port 8080...,"'2026-02-17T10:12:00.284615Z",,
,,,,,,,,,,,69943ef00002c3baea784292,,,,,,,,,,,,00da6cd2c4eb775932ed0608ce2c18d37237460ed010dd9b3e69fdb587a378bbfbd2ee1c61f4bbb7daf813331594dad1f6502e5491816b033364ece764f7c64091f35dcf878c637bbc279f616b57a9,,"'projects/yukpo-project/logs/run.googleapis.com%2Fstdout",,"'2026-02-17T10:12:00.241660668Z",,"'yukpo-backend",,,"'europe-west1","'yukpo-project",,"'yukpo-backend-00136-q4b","'yukpo-backend",,,,cloud_run_revision,,,✅ [WRAPPER] Serveur HTTP minimal démarré (PID: 3),"'2026-02-17T10:12:00.181178Z",,
,,,,,,,,,,,69943ef00002c02d1fefbc6f,,,,,,,,,,,,00da6cd2c4eb775932ed0608ce2c18d37237460ed010dd9b3e69fdb587a378bbfbd2ee1c61f4bbb7daf813331594dad1f6502e5491816b033364ece764f7c64091f35dcf878c637bbc279f616b57a9,,"'projects/yukpo-project/logs/run.googleapis.com%2Fstdout",,"'2026-02-17T10:12:00.241660668Z",,"'yukpo-backend",,,"'europe-west1","'yukpo-project",,"'yukpo-backend-00136-q4b","'yukpo-backend",,,,cloud_run_revision,,,🚀 [WRAPPER] Démarrage serveur HTTP minimal Python...,"'2026-02-17T10:12:00.180269Z",,
,,,,,,,,,,,69943ef00002c0208df3c456,,,,,,,,,,,,00da6cd2c4eb775932ed0608ce2c18d37237460ed010dd9b3e69fdb587a378bbfbd2ee1c61f4bbb7daf813331594dad1f6502e5491816b033364ece764f7c64091f35dcf878c637bbc279f616b57a9,,"'projects/yukpo-project/logs/run.googleapis.com%2Fstdout",,"'2026-02-17T10:12:00.241660668Z",,"'yukpo-backend",,,"'europe-west1","'yukpo-project",,"'yukpo-backend-00136-q4b","'yukpo-backend",,,,cloud_run_revision,,,🚀 [WRAPPER] Démarrage wrapper Cloud Run...,"'2026-02-17T10:12:00.180256Z",,
,,,,,,,,,,,69943ef000004614e3054908,,,,,,,,,,,,00da6cd2c4eb775932ed0608ce2c18d37237460ed010dd9b3e69fdb587a378bbfbd2ee1c61f4bbb7daf813331594dad1f6502e5491816b033364ece764f7c64091f35dcf878c637bbc279f616b57a9,AUTOSCALING,"'projects/yukpo-project/logs/run.googleapis.com%2Fvarlog%2Fsystem",,"'2026-02-17T10:12:00.175390917Z",,"'yukpo-backend",,,"'europe-west1","'yukpo-project",,"'yukpo-backend-00136-q4b","'yukpo-backend",,,,cloud_run_revision,INFO,,"'Starting new instance. Reason: AUTOSCALING - Instance started due to configured scaling factors (e.g. CPU utilization, request throughput, etc.) or no existing capacity for current traffic.","'2026-02-17T10:12:00.017940Z",,
,,,,,,,,,,,69943eed0002a1ae938bb5a1,,,,,,,,,,,"'yukpo-backend-1",00da6cd2c46851118bf81f9822a4b3fef8bd0f66d9d44c7f9b3ea212a36c6180c173c71c4e562dd410505774b361d5f3e459979bb3a3e71ba38253714935a80d3b28fa7f8afdebba10af59bccae1b3,,"'projects/yukpo-project/logs/run.googleapis.com%2Fvarlog%2Fsystem",,"'2026-02-17T10:11:57.178082008Z",,"'yukpo-backend",,,"'europe-west1","'yukpo-project",,"'yukpo-backend-00136-q4b","'yukpo-backend",,,,cloud_run_revision,WARNING,,Container called exit(1).,"'2026-02-17T10:11:57.172455889Z",,
,,,,,,,,,,,69943eec0009b62ec8736bfa,,,,,,,,,,,,00da6cd2c46851118bf81f9822a4b3fef8bd0f66d9d44c7f9b3ea212a36c6180c173c71c4e562dd410505774b361d5f3e459979bb3a3e71ba38253714935a80d3b28fa7f8afdebba10af59bccae1b3,,"'projects/yukpo-project/logs/run.googleapis.com%2Fstdout",,"'2026-02-17T10:11:56.914477933Z",,"'yukpo-backend",,,"'europe-west1","'yukpo-project",,"'yukpo-backend-00136-q4b","'yukpo-backend",,,,cloud_run_revision,,,"'🔍 [WRAPPER] Dernières erreurs capturées ci-dessus","'2026-02-17T10:11:56.636462Z",,
,,,,,,,,,,,69943eec0009b62a725b72da,,,,,,,,,,,,00da6cd2c46851118bf81f9822a4b3fef8bd0f66d9d44c7f9b3ea212a36c6180c173c71c4e562dd410505774b361d5f3e459979bb3a3e71ba38253714935a80d3b28fa7f8afdebba10af59bccae1b3,,"'projects/yukpo-project/logs/run.googleapis.com%2Fstdout",,"'2026-02-17T10:11:56.914477933Z",,"'yukpo-backend",,,"'europe-west1","'yukpo-project",,"'yukpo-backend-00136-q4b","'yukpo-backend",,,,cloud_run_revision,,,❌ [WRAPPER] Application Rust a quitté avec le code: 1,"'2026-02-17T10:11:56.636458Z",,
,,,,,,,,,,,69943eec0009b623dfb77ef1,,,,,,,,,,,,00da6cd2c46851118bf81f9822a4b3fef8bd0f66d9d44c7f9b3ea212a36c6180c173c71c4e562dd410505774b361d5f3e459979bb3a3e71ba38253714935a80d3b28fa7f8afdebba10af59bccae1b3,,"'projects/yukpo-project/logs/run.googleapis.com%2Fstdout",,"'2026-02-17T10:11:56.914477933Z",,"'yukpo-backend",,,"'europe-west1","'yukpo-project",,"'yukpo-backend-00136-q4b","'yukpo-backend",,,,cloud_run_revision,,,Error: Configuration(EmptyHost),"'2026-02-17T10:11:56.636451Z",,
,,,,,,,,,,,69943eec0009af571c8b9e78,,,,,,,,,,,,00da6cd2c46851118bf81f9822a4b3fef8bd0f66d9d44c7f9b3ea212a36c6180c173c71c4e562dd410505774b361d5f3e459979bb3a3e71ba38253714935a80d3b28fa7f8afdebba10af59bccae1b3,,"'projects/yukpo-project/logs/run.googleapis.com%2Fstdout",,"'2026-02-17T10:11:56.914477933Z",,"'yukpo-backend",,,"'europe-west1","'yukpo-project",,"'yukpo-backend-00136-q4b","'yukpo-backend",,,,cloud_run_revision,,,"'[2m2026-02-17T10:11:56.635485Z[0m [31mERROR[0m [2myukpomnang_backend[0m[2m:[0m ❌ Impossible de créer le pool PostgreSQL (Cloud SQL Unix socket): error with configuration: empty host","'2026-02-17T10:11:56.634711Z",,
,,,,,,,,,,,69943eec0009af3c8f813a0f,,,,,,,,,,,,00da6cd2c46851118bf81f9822a4b3fef8bd0f66d9d44c7f9b3ea212a36c6180c173c71c4e562dd410505774b361d5f3e459979bb3a3e71ba38253714935a80d3b28fa7f8afdebba10af59bccae1b3,,"'projects/yukpo-project/logs/run.googleapis.com%2Fstdout",,"'2026-02-17T10:11:56.914477933Z",,"'yukpo-backend",,,"'europe-west1","'yukpo-project",,"'yukpo-backend-00136-q4b","'yukpo-backend",,,,cloud_run_revision,,,[MAIN] ❌ ERREUR: Impossible de créer le pool PostgreSQL (Cloud SQL Unix socket): error with configuration: empty host,"'2026-02-17T10:11:56.634684Z",,
,,,,,,,,,,,69943eec0009ae7428e1235b,,,,,,,,,,,,00da6cd2c46851118bf81f9822a4b3fef8bd0f66d9d44c7f9b3ea212a36c6180c173c71c4e562dd410505774b361d5f3e459979bb3a3e71ba38253714935a80d3b28fa7f8afdebba10af59bccae1b3,,"'projects/yukpo-project/logs/run.googleapis.com%2Fstdout",,"'2026-02-17T10:11:56.914477933Z",,"'yukpo-backend",,,"'europe-west1","'yukpo-project",,"'yukpo-backend-00136-q4b","'yukpo-backend",,,,cloud_run_revision,,,"'[2m2026-02-17T10:11:56.536332Z[0m [32m INFO[0m [2myukpomnang_backend[0m[2m:[0m 🔧 Utilisation de l'URL Cloud SQL originale pour connect_lazy (non-bloquant)","'2026-02-17T10:11:56.634484Z",,
,,,,,,,,,,,69943eec00082c00dd408545,,,,,,,,,,,,00da6cd2c46851118bf81f9822a4b3fef8bd0f66d9d44c7f9b3ea212a36c6180c173c71c4e562dd410505774b361d5f3e459979bb3a3e71ba38253714935a80d3b28fa7f8afdebba10af59bccae1b3,,"'projects/yukpo-project/logs/run.googleapis.com%2Fstdout",,"'2026-02-17T10:11:56.581021704Z",,"'yukpo-backend",,,"'europe-west1","'yukpo-project",,"'yukpo-backend-00136-q4b","'yukpo-backend",,,,cloud_run_revision,,,"'[2m2026-02-17T10:11:56.536316Z[0m [32m INFO[0m [2myukpomnang_backend[0m[2m:[0m 🔧 Configuration Cloud SQL: user=yukpo_user, db=yukpo_db, socket=/cloudsql/yukpo-project:europe-west1:yukpo-postgres","'2026-02-17T10:11:56.535552Z",,
,,,,,,,,,,,69943eec00082bf7d99bbaed,,,,,,,,,,,,00da6cd2c46851118bf81f9822a4b3fef8bd0f66d9d44c7f9b3ea212a36c6180c173c71c4e562dd410505774b361d5f3e459979bb3a3e71ba38253714935a80d3b28fa7f8afdebba10af59bccae1b3,,"'projects/yukpo-project/logs/run.googleapis.com%2Fstdout",,"'2026-02-17T10:11:56.581021704Z",,"'yukpo-backend",,,"'europe-west1","'yukpo-project",,"'yukpo-backend-00136-q4b","'yukpo-backend",,,,cloud_run_revision,,,"'[2m2026-02-17T10:11:56.536291Z[0m [32m INFO[0m [2myukpomnang_backend[0m[2m:[0m 🔧 Format Cloud SQL Unix socket détecté - Utilisation de PgConnectOptions","'2026-02-17T10:11:56.535543Z",,
,,,,,,,,,,,69943eec00082bd4362a5d01,,,,,,,,,,,,00da6cd2c46851118bf81f9822a4b3fef8bd0f66d9d44c7f9b3ea212a36c6180c173c71c4e562dd410505774b361d5f3e459979bb3a3e71ba38253714935a80d3b28fa7f8afdebba10af59bccae1b3,,"'projects/yukpo-project/logs/run.googleapis.com%2Fstdout",,"'2026-02-17T10:11:56.581021704Z",,"'yukpo-backend",,,"'europe-west1","'yukpo-project",,"'yukpo-backend-00136-q4b","'yukpo-backend",,,,cloud_run_revision,,,"'[2m2026-02-17T10:11:56.536271Z[0m [32m INFO[0m [2myukpomnang_backend[0m[2m:[0m 🔧 Cloud Run: Pool configuré (max=50, min=0) - Démarrage non-bloquant","'2026-02-17T10:11:56.535508Z",,
,,,,,,,,,,,69943eec00082bcbc3df0957,,,,,,,,,,,,00da6cd2c46851118bf81f9822a4b3fef8bd0f66d9d44c7f9b3ea212a36c6180c173c71c4e562dd410505774b361d5f3e459979bb3a3e71ba38253714935a80d3b28fa7f8afdebba10af59bccae1b3,,"'projects/yukpo-project/logs/run.googleapis.com%2Fstdout",,"'2026-02-17T10:11:56.581021704Z",,"'yukpo-backend",,,"'europe-west1","'yukpo-project",,"'yukpo-backend-00136-q4b","'yukpo-backend",,,,cloud_run_revision,,,"'[2m2026-02-17T10:11:56.536258Z[0m [32m INFO[0m [2myukpomnang_backend[0m[2m:[0m 🚀 Cloud Run: Utilisation de connect_lazy pour démarrage rapide","'2026-02-17T10:11:56.535499Z",,
,,,,,,,,,,,69943eec00082bba9c7d6890,,,,,,,,,,,,00da6cd2c46851118bf81f9822a4b3fef8bd0f66d9d44c7f9b3ea212a36c6180c173c71c4e562dd410505774b361d5f3e459979bb3a3e71ba38253714935a80d3b28fa7f8afdebba10af59bccae1b3,,"'projects/yukpo-project/logs/run.googleapis.com%2Fstdout",,"'2026-02-17T10:11:56.581021704Z",,"'yukpo-backend",,,"'europe-west1","'yukpo-project",,"'yukpo-backend-00136-q4b","'yukpo-backend",,,,cloud_run_revision,,,[MAIN] 🚀 Cloud Run: Utilisation de connect_lazy pour démarrage rapide,"'2026-02-17T10:11:56.535482Z",,
,,,,,,,,,,,69943eec00082bb89d73affd,,,,,,,,,,,,00da6cd2c46851118bf81f9822a4b3fef8bd0f66d9d44c7f9b3ea212a36c6180c173c71c4e562dd410505774b361d5f3e459979bb3a3e71ba38253714935a80d3b28fa7f8afdebba10af59bccae1b3,,"'projects/yukpo-project/logs/run.googleapis.com%2Fstdout",,"'2026-02-17T10:11:56.581021704Z",,"'yukpo-backend",,,"'europe-west1","'yukpo-project",,"'yukpo-backend-00136-q4b","'yukpo-backend",,,,cloud_run_revision,,,"'[2m2026-02-17T10:11:56.536233Z[0m [32m INFO[0m [2myukpomnang_backend[0m[2m:[0m 🔌 Connexion à la base de données PostgreSQL...","'2026-02-17T10:11:56.535480Z",,
,,,,,,,,,,,69943eec00082bb401fe1f66,,,,,,,,,,,,00da6cd2c46851118bf81f9822a4b3fef8bd0f66d9d44c7f9b3ea212a36c6180c173c71c4e562dd410505774b361d5f3e459979bb3a3e71ba38253714935a80d3b28fa7f8afdebba10af59bccae1b3,,"'projects/yukpo-project/logs/run.googleapis.com%2Fstdout",,"'2026-02-17T10:11:56.581021704Z",,"'yukpo-backend",,,"'europe-west1","'yukpo-project",,"'yukpo-backend-00136-q4b","'yukpo-backend",,,,cloud_run_revision,,,[MAIN] 🔌 Début de la connexion à PostgreSQL...,"'2026-02-17T10:11:56.535476Z",,
,,,,,,,,,,,69943eec00082b5ce145f473,,,,,,,,,,,,00da6cd2c46851118bf81f9822a4b3fef8bd0f66d9d44c7f9b3ea212a36c6180c173c71c4e562dd410505774b361d5f3e459979bb3a3e71ba38253714935a80d3b28fa7f8afdebba10af59bccae1b3,,"'projects/yukpo-project/logs/run.googleapis.com%2Fstdout",,"'2026-02-17T10:11:56.581021704Z",,"'yukpo-backend",,,"'europe-west1","'yukpo-project",,"'yukpo-backend-00136-q4b","'yukpo-backend",,,,cloud_run_revision,,,"'[2m2026-02-17T10:11:56.536150Z[0m [32m INFO[0m [2myukpomnang_backend[0m[2m:[0m 🔧 Cloud SQL Unix socket détecté - sslmode=require non ajouté (non nécessaire)","'2026-02-17T10:11:56.535388Z",,
,,,,,,,,,,,69943eec00082b51d56f60da,,,,,,,,,,,,00da6cd2c46851118bf81f9822a4b3fef8bd0f66d9d44c7f9b3ea212a36c6180c173c71c4e562dd410505774b361d5f3e459979bb3a3e71ba38253714935a80d3b28fa7f8afdebba10af59bccae1b3,,"'projects/yukpo-project/logs/run.googleapis.com%2Fstdout",,"'2026-02-17T10:11:56.581021704Z",,"'yukpo-backend",,,"'europe-west1","'yukpo-project",,"'yukpo-backend-00136-q4b","'yukpo-backend",,,,cloud_run_revision,,,[MAIN] ✅ DATABASE_URL récupérée (longueur: 123),"'2026-02-17T10:11:56.535377Z",,
,,,,,,,,,,,69943eec00082b2c75223765,,,,,,,,,,,,00da6cd2c46851118bf81f9822a4b3fef8bd0f66d9d44c7f9b3ea212a36c6180c173c71c4e562dd410505774b361d5f3e459979bb3a3e71ba38253714935a80d3b28fa7f8afdebba10af59bccae1b3,,"'projects/yukpo-project/logs/run.googleapis.com%2Fstdout",,"'2026-02-17T10:11:56.581021704Z",,"'yukpo-backend",,,"'europe-west1","'yukpo-project",,"'yukpo-backend-00136-q4b","'yukpo-backend",,,,cloud_run_revision,,,[MAIN] 🔍 Récupération de DATABASE_URL...,"'2026-02-17T10:11:56.535340Z",,
,,,,,,,,,,,69943eec00082b276b4c2445,,,,,,,,,,,,00da6cd2c46851118bf81f9822a4b3fef8bd0f66d9d44c7f9b3ea212a36c6180c173c71c4e562dd410505774b361d5f3e459979bb3a3e71ba38253714935a80d3b28fa7f8afdebba10af59bccae1b3,,"'projects/yukpo-project/logs/run.googleapis.com%2Fstdout",,"'2026-02-17T10:11:56.581021704Z",,"'yukpo-backend",,,"'europe-west1","'yukpo-project",,"'yukpo-backend-00136-q4b","'yukpo-backend",,,,cloud_run_revision,,,"'[2m2026-02-17T10:11:56.536088Z[0m [32m INFO[0m [2myukpomnang_backend[0m[2m:[0m 🔍 [STARTUP] SQLX_OFFLINE au runtime: Some(""true"")","'2026-02-17T10:11:56.535335Z",,
,,,,,,,,,,,69943eec00082b10b4e898c5,,,,,,,,,,,,00da6cd2c46851118bf81f9822a4b3fef8bd0f66d9d44c7f9b3ea212a36c6180c173c71c4e562dd410505774b361d5f3e459979bb3a3e71ba38253714935a80d3b28fa7f8afdebba10af59bccae1b3,,"'projects/yukpo-project/logs/run.googleapis.com%2Fstdout",,"'2026-02-17T10:11:56.581021704Z",,"'yukpo-backend",,,"'europe-west1","'yukpo-project",,"'yukpo-backend-00136-q4b","'yukpo-backend",,,,cloud_run_revision,,,"'[2m2026-02-17T10:11:56.536059Z[0m [32m INFO[0m [2myukpomnang_backend[0m[2m:[0m 🔍 [STARTUP] Current working directory: Ok(""/app"")","'2026-02-17T10:11:56.535312Z",,
,,,,,,,,,,,69943eec00082af44eaad4b0,,,,,,,,,,,,00da6cd2c46851118bf81f9822a4b3fef8bd0f66d9d44c7f9b3ea212a36c6180c173c71c4e562dd410505774b361d5f3e459979bb3a3e71ba38253714935a80d3b28fa7f8afdebba10af59bccae1b3,,"'projects/yukpo-project/logs/run.googleapis.com%2Fstdout",,"'2026-02-17T10:11:56.581021704Z",,"'yukpo-backend",,,"'europe-west1","'yukpo-project",,"'yukpo-backend-00136-q4b","'yukpo-backend",,,,cloud_run_revision,,,"'[2m2026-02-17T10:11:56.536041Z[0m [32m INFO[0m [2myukpomnang_backend[0m[2m:[0m 🔍 [STARTUP] Démarrage application - Version: 0.1.0","'2026-02-17T10:11:56.535284Z",,
,,,,,,,,,,,69943eec00082ae2ced18e54,,,,,,,,,,,,00da6cd2c46851118bf81f9822a4b3fef8bd0f66d9d44c7f9b3ea212a36c6180c173c71c4e562dd410505774b361d5f3e459979bb3a3e71ba38253714935a80d3b28fa7f8afdebba10af59bccae1b3,,"'projects/yukpo-project/logs/run.googleapis.com%2Fstdout",,"'2026-02-17T10:11:56.581021704Z",,"'yukpo-backend",,,"'europe-west1","'yukpo-project",,"'yukpo-backend-00136-q4b","'yukpo-backend",,,,cloud_run_revision,,,"'[2m2026-02-17T10:11:56.536027Z[0m [32m INFO[0m [2myukpomnang_backend[0m[2m:[0m 🔍 Port configuré: 8080","'2026-02-17T10:11:56.535266Z",,
,,,,,,,,,,,69943eec00082adf1a84c78a,,,,,,,,,,,,00da6cd2c46851118bf81f9822a4b3fef8bd0f66d9d44c7f9b3ea212a36c6180c173c71c4e562dd410505774b361d5f3e459979bb3a3e71ba38253714935a80d3b28fa7f8afdebba10af59bccae1b3,,"'projects/yukpo-project/logs/run.googleapis.com%2Fstdout",,"'2026-02-17T10:11:56.581021704Z",,"'yukpo-backend",,,"'europe-west1","'yukpo-project",,"'yukpo-backend-00136-q4b","'yukpo-backend",,,,cloud_run_revision,,,"'[2m2026-02-17T10:11:56.535992Z[0m [32m INFO[0m [2myukpomnang_backend[0m[2m:[0m 🔍 CLOUD_RUN détecté: true","'2026-02-17T10:11:56.535263Z",,
,,,,,,,,,,,69943eec00082a892a75eacf,,,,,,,,,,,,00da6cd2c46851118bf81f9822a4b3fef8bd0f66d9d44c7f9b3ea212a36c6180c173c71c4e562dd410505774b361d5f3e459979bb3a3e71ba38253714935a80d3b28fa7f8afdebba10af59bccae1b3,,"'projects/yukpo-project/logs/run.googleapis.com%2Fstdout",,"'2026-02-17T10:11:56.581021704Z",,"'yukpo-backend",,,"'europe-west1","'yukpo-project",,"'yukpo-backend-00136-q4b","'yukpo-backend",,,,cloud_run_revision,,,[MAIN] ✅ Logging initialisé,"'2026-02-17T10:11:56.535177Z",,
,,,,,,,,,,,69943eec000829ac0e1b098b,,,,,,,,,,,,00da6cd2c46851118bf81f9822a4b3fef8bd0f66d9d44c7f9b3ea212a36c6180c173c71c4e562dd410505774b361d5f3e459979bb3a3e71ba38253714935a80d3b28fa7f8afdebba10af59bccae1b3,,"'projects/yukpo-project/logs/run.googleapis.com%2Fstdout",,"'2026-02-17T10:11:56.581021704Z",,"'yukpo-backend",,,"'europe-west1","'yukpo-project",,"'yukpo-backend-00136-q4b","'yukpo-backend",,,,cloud_run_revision,,,[MAIN] 🔧 Initialisation du logging...,"'2026-02-17T10:11:56.534956Z",,
,,,,,,,,,,,69943eec00082975b3369010,,,,,,,,,,,,00da6cd2c46851118bf81f9822a4b3fef8bd0f66d9d44c7f9b3ea212a36c6180c173c71c4e562dd410505774b361d5f3e459979bb3a3e71ba38253714935a80d3b28fa7f8afdebba10af59bccae1b3,,"'projects/yukpo-project/logs/run.googleapis.com%2Fstdout",,"'2026-02-17T10:11:56.581021704Z",,"'yukpo-backend",,,"'europe-west1","'yukpo-project",,"'yukpo-backend-00136-q4b","'yukpo-backend",,,,cloud_run_revision,,,[MAIN] 🔧 Initialisation dotenv...,"'2026-02-17T10:11:56.534901Z",,
,,,,,,,,,,,69943eec0008296b34565e08,,,,,,,,,,,,00da6cd2c46851118bf81f9822a4b3fef8bd0f66d9d44c7f9b3ea212a36c6180c173c71c4e562dd410505774b361d5f3e459979bb3a3e71ba38253714935a80d3b28fa7f8afdebba10af59bccae1b3,,"'projects/yukpo-project/logs/run.googleapis.com%2Fstdout",,"'2026-02-17T10:11:56.581021704Z",,"'yukpo-backend",,,"'europe-west1","'yukpo-project",,"'yukpo-backend-00136-q4b","'yukpo-backend",,,,cloud_run_revision,,,"'[MAIN] ℹ️  Cloud Run: Le wrapper Python a déjà libéré le port, on continue directement...","'2026-02-17T10:11:56.534891Z",,
,,,,,,,,,,,69943eec0008296284ea12b8,,,,,,,,,,,,00da6cd2c46851118bf81f9822a4b3fef8bd0f66d9d44c7f9b3ea212a36c6180c173c71c4e562dd410505774b361d5f3e459979bb3a3e71ba38253714935a80d3b28fa7f8afdebba10af59bccae1b3,,"'projects/yukpo-project/logs/run.googleapis.com%2Fstdout",,"'2026-02-17T10:11:56.581021704Z",,"'yukpo-backend",,,"'europe-west1","'yukpo-project",,"'yukpo-backend-00136-q4b","'yukpo-backend",,,,cloud_run_revision,,,[MAIN] 🔍 Port configuré: 8080,"'2026-02-17T10:11:56.534882Z",,
,,,,,,,,,,,69943eec0008292d1ddb8ad2,,,,,,,,,,,,00da6cd2c46851118bf81f9822a4b3fef8bd0f66d9d44c7f9b3ea212a36c6180c173c71c4e562dd410505774b361d5f3e459979bb3a3e71ba38253714935a80d3b28fa7f8afdebba10af59bccae1b3,,"'projects/yukpo-project/logs/run.googleapis.com%2Fstdout",,"'2026-02-17T10:11:56.581021704Z",,"'yukpo-backend",,,"'europe-west1","'yukpo-project",,"'yukpo-backend-00136-q4b","'yukpo-backend",,,,cloud_run_revision,,,[MAIN] 🔍 CLOUD_RUN détecté: true,"'2026-02-17T10:11:56.534829Z",,
,,,,,,,,,,,69943eec0008290c1eefd77e,,,,,,,,,,,,00da6cd2c46851118bf81f9822a4b3fef8bd0f66d9d44c7f9b3ea212a36c6180c173c71c4e562dd410505774b361d5f3e459979bb3a3e71ba38253714935a80d3b28fa7f8afdebba10af59bccae1b3,,"'projects/yukpo-project/logs/run.googleapis.com%2Fstdout",,"'2026-02-17T10:11:56.581021704Z",,"'yukpo-backend",,,"'europe-west1","'yukpo-project",,"'yukpo-backend-00136-q4b","'yukpo-backend",,,,cloud_run_revision,,,[MAIN] JWT_SECRET: ✅ Présente,"'2026-02-17T10:11:56.534796Z",,
,,,,,,,,,,,69943eec000828db86c70f8e,,,,,,,,,,,,00da6cd2c46851118bf81f9822a4b3fef8bd0f66d9d44c7f9b3ea212a36c6180c173c71c4e562dd410505774b361d5f3e459979bb3a3e71ba38253714935a80d3b28fa7f8afdebba10af59bccae1b3,,"'projects/yukpo-project/logs/run.googleapis.com%2Fstdout",,"'2026-02-17T10:11:56.581021704Z",,"'yukpo-backend",,,"'europe-west1","'yukpo-project",,"'yukpo-backend-00136-q4b","'yukpo-backend",,,,cloud_run_revision,,,[MAIN] REDIS_URL: ✅ Présente,"'2026-02-17T10:11:56.534747Z",,
,,,,,,,,,,,69943eec000828bfcc91cf10,,,,,,,,,,,,00da6cd2c46851118bf81f9822a4b3fef8bd0f66d9d44c7f9b3ea212a36c6180c173c71c4e562dd410505774b361d5f3e459979bb3a3e71ba38253714935a80d3b28fa7f8afdebba10af59bccae1b3,,"'projects/yukpo-project/logs/run.googleapis.com%2Fstdout",,"'2026-02-17T10:11:56.581021704Z",,"'yukpo-backend",,,"'europe-west1","'yukpo-project",,"'yukpo-backend-00136-q4b","'yukpo-backend",,,,cloud_run_revision,,,[MAIN] MONGODB_URL: ✅ Présente,"'2026-02-17T10:11:56.534719Z",,
,,,,,,,,,,,69943eec000828b662f10ab9,,,,,,,,,,,,00da6cd2c46851118bf81f9822a4b3fef8bd0f66d9d44c7f9b3ea212a36c6180c173c71c4e562dd410505774b361d5f3e459979bb3a3e71ba38253714935a80d3b28fa7f8afdebba10af59bccae1b3,,"'projects/yukpo-project/logs/run.googleapis.com%2Fstdout",,"'2026-02-17T10:11:56.581021704Z",,"'yukpo-backend",,,"'europe-west1","'yukpo-project",,"'yukpo-backend-00136-q4b","'yukpo-backend",,,,cloud_run_revision,,,[MAIN] DATABASE_URL: ✅ Présente,"'2026-02-17T10:11:56.534710Z",,
,,,,,,,,,,,69943eec0006a14a2f632b16,,,,,,,,,,,,00da6cd2c46851118bf81f9822a4b3fef8bd0f66d9d44c7f9b3ea212a36c6180c173c71c4e562dd410505774b361d5f3e459979bb3a3e71ba38253714935a80d3b28fa7f8afdebba10af59bccae1b3,,"'projects/yukpo-project/logs/run.googleapis.com%2Fstdout",,"'2026-02-17T10:11:56.581021704Z",,"'yukpo-backend",,,"'europe-west1","'yukpo-project",,"'yukpo-backend-00136-q4b","'yukpo-backend",,,,cloud_run_revision,,,[MAIN] 🔍 Vérification des variables d'environnement critiques...,"'2026-02-17T10:11:56.434506Z",,
,,,,,,,,,,,69943eec00039659576e429f,,,,,,,,,,,,00da6cd2c46851118bf81f9822a4b3fef8bd0f66d9d44c7f9b3ea212a36c6180c173c71c4e562dd410505774b361d5f3e459979bb3a3e71ba38253714935a80d3b28fa7f8afdebba10af59bccae1b3,,"'projects/yukpo-project/logs/run.googleapis.com%2Fstdout",,"'2026-02-17T10:11:56.249303489Z",,"'yukpo-backend",,,"'europe-west1","'yukpo-project",,"'yukpo-backend-00136-q4b","'yukpo-backend",,,,cloud_run_revision,,,"'[MAIN] 🚀 Application Rust démarre - Point d'entrée atteint","'2026-02-17T10:11:56.235097Z",,
,,,,,,,,,,,69943eea0003949e1bce4019,,,,,,,,,,,,00da6cd2c46851118bf81f9822a4b3fef8bd0f66d9d44c7f9b3ea212a36c6180c173c71c4e562dd410505774b361d5f3e459979bb3a3e71ba38253714935a80d3b28fa7f8afdebba10af59bccae1b3,,"'projects/yukpo-project/logs/run.googleapis.com%2Fstdout",,"'2026-02-17T10:11:54.248913336Z",,"'yukpo-backend",,,"'europe-west1","'yukpo-project",,"'yukpo-backend-00136-q4b","'yukpo-backend",,,,cloud_run_revision,,,"'🔍 [WRAPPER] Toutes les erreurs seront capturées ci-dessous...","'2026-02-17T10:11:54.234654Z",,
,,,,,,,,,,,69943eea00039493b7c64f2e,,,,,,,,,,,,00da6cd2c46851118bf81f9822a4b3fef8bd0f66d9d44c7f9b3ea212a36c6180c173c71c4e562dd410505774b361d5f3e459979bb3a3e71ba38253714935a80d3b28fa7f8afdebba10af59bccae1b3,,"'projects/yukpo-project/logs/run.googleapis.com%2Fstdout",,"'2026-02-17T10:11:54.248913336Z",,"'yukpo-backend",,,"'europe-west1","'yukpo-project",,"'yukpo-backend-00136-q4b","'yukpo-backend",,,,cloud_run_revision,,,🚀 [WRAPPER] Démarrage application Rust...,"'2026-02-17T10:11:54.234643Z",,
,,,,,,,,,,,69943eea0000936d663900e1,,,,,,,,,,,,00da6cd2c46851118bf81f9822a4b3fef8bd0f66d9d44c7f9b3ea212a36c6180c173c71c4e562dd410505774b361d5f3e459979bb3a3e71ba38253714935a80d3b28fa7f8afdebba10af59bccae1b3,,"'projects/yukpo-project/logs/run.googleapis.com%2Fstdout",,"'2026-02-17T10:11:54.248913336Z",,"'yukpo-backend",,,"'europe-west1","'yukpo-project",,"'yukpo-backend-00136-q4b","'yukpo-backend",,,,cloud_run_revision,,,"'	libzstd.so.1 => /lib/x86_64-linux-gnu/libzstd.so.1 (0x00007f5600651000)","'2026-02-17T10:11:54.037741Z",,
,,,,,,,,,,,69943eea0000936aa5d9cf72,,,,,,,,,,,,00da6cd2c46851118bf81f9822a4b3fef8bd0f66d9d44c7f9b3ea212a36c6180c173c71c4e562dd410505774b361d5f3e459979bb3a3e71ba38253714935a80d3b28fa7f8afdebba10af59bccae1b3,,"'projects/yukpo-project/logs/run.googleapis.com%2Fstdout",,"'2026-02-17T10:11:54.248913336Z",,"'yukpo-backend",,,"'europe-west1","'yukpo-project",,"'yukpo-backend-00136-q4b","'yukpo-backend",,,,cloud_run_revision,,,"'	libz.so.1 => /lib/x86_64-linux-gnu/libz.so.1 (0x00007f56010a5000)","'2026-02-17T10:11:54.037738Z",,
,,,,,,,,,,,69943eea000093677c140cdc,,,,,,,,,,,,00da6cd2c46851118bf81f9822a4b3fef8bd0f66d9d44c7f9b3ea212a36c6180c173c71c4e562dd410505774b361d5f3e459979bb3a3e71ba38253714935a80d3b28fa7f8afdebba10af59bccae1b3,,"'projects/yukpo-project/logs/run.googleapis.com%2Fstdout",,"'2026-02-17T10:11:54.248913336Z",,"'yukpo-backend",,,"'europe-west1","'yukpo-project",,"'yukpo-backend-00136-q4b","'yukpo-backend",,,,cloud_run_revision,,,"'	/lib64/ld-linux-x86-64.so.2 (0x000055cc301be000)","'2026-02-17T10:11:54.037735Z",,
,,,,,,,,,,,69943eea000093641570774f,,,,,,,,,,,,00da6cd2c46851118bf81f9822a4b3fef8bd0f66d9d44c7f9b3ea212a36c6180c173c71c4e562dd410505774b361d5f3e459979bb3a3e71ba38253714935a80d3b28fa7f8afdebba10af59bccae1b3,,"'projects/yukpo-project/logs/run.googleapis.com%2Fstdout",,"'2026-02-17T10:11:54.248913336Z",,"'yukpo-backend",,,"'europe-west1","'yukpo-project",,"'yukpo-backend-00136-q4b","'yukpo-backend",,,,cloud_run_revision,,,"'	libc.so.6 => /lib/x86_64-linux-gnu/libc.so.6 (0x00007f560071b000)","'2026-02-17T10:11:54.037732Z",,
,,,,,,,,,,,69943eea000093623092f686,,,,,,,,,,,,00da6cd2c46851118bf81f9822a4b3fef8bd0f66d9d44c7f9b3ea212a36c6180c173c71c4e562dd410505774b361d5f3e459979bb3a3e71ba38253714935a80d3b28fa7f8afdebba10af59bccae1b3,,"'projects/yukpo-project/logs/run.googleapis.com%2Fstdout",,"'2026-02-17T10:11:54.248913336Z",,"'yukpo-backend",,,"'europe-west1","'yukpo-project",,"'yukpo-backend-00136-q4b","'yukpo-backend",,,,cloud_run_revision,,,"'	libm.so.6 => /lib/x86_64-linux-gnu/libm.so.6 (0x00007f5600910000)","'2026-02-17T10:11:54.037730Z",,
,,,,,,,,,,,69943eea0000935f8b99f66a,,,,,,,,,,,,00da6cd2c46851118bf81f9822a4b3fef8bd0f66d9d44c7f9b3ea212a36c6180c173c71c4e562dd410505774b361d5f3e459979bb3a3e71ba38253714935a80d3b28fa7f8afdebba10af59bccae1b3,,"'projects/yukpo-project/logs/run.googleapis.com%2Fstdout",,"'2026-02-17T10:11:54.248913336Z",,"'yukpo-backend",,,"'europe-west1","'yukpo-project",,"'yukpo-backend-00136-q4b","'yukpo-backend",,,,cloud_run_revision,,,"'	libgcc_s.so.1 => /lib/x86_64-linux-gnu/libgcc_s.so.1 (0x00007f56010c5000)","'2026-02-17T10:11:54.037727Z",,
,,,,,,,,,,,69943eea0000935d095a3c90,,,,,,,,,,,,00da6cd2c46851118bf81f9822a4b3fef8bd0f66d9d44c7f9b3ea212a36c6180c173c71c4e562dd410505774b361d5f3e459979bb3a3e71ba38253714935a80d3b28fa7f8afdebba10af59bccae1b3,,"'projects/yukpo-project/logs/run.googleapis.com%2Fstdout",,"'2026-02-17T10:11:54.248913336Z",,"'yukpo-backend",,,"'europe-west1","'yukpo-project",,"'yukpo-backend-00136-q4b","'yukpo-backend",,,,cloud_run_revision,,,"'	libcrypto.so.3 => /lib/x86_64-linux-gnu/libcrypto.so.3 (0x00007f5600a00000)","'2026-02-17T10:11:54.037725Z",,
,,,,,,,,,,,69943eea000093595fcad373,,,,,,,,,,,,00da6cd2c46851118bf81f9822a4b3fef8bd0f66d9d44c7f9b3ea212a36c6180c173c71c4e562dd410505774b361d5f3e459979bb3a3e71ba38253714935a80d3b28fa7f8afdebba10af59bccae1b3,,"'projects/yukpo-project/logs/run.googleapis.com%2Fstdout",,"'2026-02-17T10:11:54.248913336Z",,"'yukpo-backend",,,"'europe-west1","'yukpo-project",,"'yukpo-backend-00136-q4b","'yukpo-backend",,,,cloud_run_revision,,,"'	libssl.so.3 => /lib/x86_64-linux-gnu/libssl.so.3 (0x00007f56010f2000)","'2026-02-17T10:11:54.037721Z",,
,,,,,,,,,,,69943eea00009351bf7b7697,,,,,,,,,,,,00da6cd2c46851118bf81f9822a4b3fef8bd0f66d9d44c7f9b3ea212a36c6180c173c71c4e562dd410505774b361d5f3e459979bb3a3e71ba38253714935a80d3b28fa7f8afdebba10af59bccae1b3,,"'projects/yukpo-project/logs/run.googleapis.com%2Fstdout",,"'2026-02-17T10:11:54.248913336Z",,"'yukpo-backend",,,"'europe-west1","'yukpo-project",,"'yukpo-backend-00136-q4b","'yukpo-backend",,,,cloud_run_revision,,,"'	linux-vdso.so.1 (0x00007f560631e000)","'2026-02-17T10:11:54.037713Z",,
,,,,,,,,,,,69943ee500039716c51109fc,,,,,,,,,,,,00da6cd2c46851118bf81f9822a4b3fef8bd0f66d9d44c7f9b3ea212a36c6180c173c71c4e562dd410505774b361d5f3e459979bb3a3e71ba38253714935a80d3b28fa7f8afdebba10af59bccae1b3,,"'projects/yukpo-project/logs/run.googleapis.com%2Fstdout",,"'2026-02-17T10:11:49.253375796Z",,"'yukpo-backend",,,"'europe-west1","'yukpo-project",,"'yukpo-backend-00136-q4b","'yukpo-backend",,,,cloud_run_revision,,,Linux localhost 4.4.0 #1 SMP Sun Jan 10 15:06:54 PST 2016 x86_64 GNU/Linux,"'2026-02-17T10:11:49.235286Z",,
,,,,,,,,,,,69943ee4000cbc9959f69599,,,,,,,,,,,,00da6cd2c46851118bf81f9822a4b3fef8bd0f66d9d44c7f9b3ea212a36c6180c173c71c4e562dd410505774b361d5f3e459979bb3a3e71ba38253714935a80d3b28fa7f8afdebba10af59bccae1b3,,"'projects/yukpo-project/logs/run.googleapis.com%2Fstdout",,"'2026-02-17T10:11:48.918672459Z",,"'yukpo-backend",,,"'europe-west1","'yukpo-project",,"'yukpo-backend-00136-q4b","'yukpo-backend",,,,cloud_run_revision,,,🔍 [WRAPPER] Informations système:,"'2026-02-17T10:11:48.834713Z",,
,,,,,,,,,,,69943ee4000cbc733589be66,,,,,,,,,,,,00da6cd2c46851118bf81f9822a4b3fef8bd0f66d9d44c7f9b3ea212a36c6180c173c71c4e562dd410505774b361d5f3e459979bb3a3e71ba38253714935a80d3b28fa7f8afdebba10af59bccae1b3,,"'projects/yukpo-project/logs/run.googleapis.com%2Fstdout",,"'2026-02-17T10:11:48.918672459Z",,"'yukpo-backend",,,"'europe-west1","'yukpo-project",,"'yukpo-backend-00136-q4b","'yukpo-backend",,,,cloud_run_revision,,,⚠️ [WRAPPER] Binaire ne peut pas s'exécuter (code: 1),"'2026-02-17T10:11:48.834675Z",,
,,,,,,,,,,,69943ee4000cbc6cf6836897,,,,,,,,,,,,00da6cd2c46851118bf81f9822a4b3fef8bd0f66d9d44c7f9b3ea212a36c6180c173c71c4e562dd410505774b361d5f3e459979bb3a3e71ba38253714935a80d3b28fa7f8afdebba10af59bccae1b3,,"'projects/yukpo-project/logs/run.googleapis.com%2Fstdout",,"'2026-02-17T10:11:48.918672459Z",,"'yukpo-backend",,,"'europe-west1","'yukpo-project",,"'yukpo-backend-00136-q4b","'yukpo-backend",,,,cloud_run_revision,,,Error: Configuration(EmptyHost),"'2026-02-17T10:11:48.834668Z",,
,,,,,,,,,,,69943ee40005231afce866dd,,,,,,,,,,,,00da6cd2c46851118bf81f9822a4b3fef8bd0f66d9d44c7f9b3ea212a36c6180c173c71c4e562dd410505774b361d5f3e459979bb3a3e71ba38253714935a80d3b28fa7f8afdebba10af59bccae1b3,,"'projects/yukpo-project/logs/run.googleapis.com%2Fstdout",,"'2026-02-17T10:11:48.589447833Z",,"'yukpo-backend",,,"'europe-west1","'yukpo-project",,"'yukpo-backend-00136-q4b","'yukpo-backend",,,,cloud_run_revision,,,"'[2m2026-02-17T10:11:48.337232Z[0m [31mERROR[0m [2myukpomnang_backend[0m[2m:[0m ❌ Impossible de créer le pool PostgreSQL (Cloud SQL Unix socket): error with configuration: empty host","'2026-02-17T10:11:48.336666Z",,
,,,,,,,,,,,69943ee40005230d2da10e16,,,,,,,,,,,,00da6cd2c46851118bf81f9822a4b3fef8bd0f66d9d44c7f9b3ea212a36c6180c173c71c4e562dd410505774b361d5f3e459979bb3a3e71ba38253714935a80d3b28fa7f8afdebba10af59bccae1b3,,"'projects/yukpo-project/logs/run.googleapis.com%2Fstdout",,"'2026-02-17T10:11:48.589447833Z",,"'yukpo-backend",,,"'europe-west1","'yukpo-project",,"'yukpo-backend-00136-q4b","'yukpo-backend",,,,cloud_run_revision,,,[MAIN] ❌ ERREUR: Impossible de créer le pool PostgreSQL (Cloud SQL Unix socket): error with configuration: empty host,"'2026-02-17T10:11:48.336653Z",,
,,,,,,,,,,,69943ee400051e66d57236ba,,,,,,,,,,,,00da6cd2c46851118bf81f9822a4b3fef8bd0f66d9d44c7f9b3ea212a36c6180c173c71c4e562dd410505774b361d5f3e459979bb3a3e71ba38253714935a80d3b28fa7f8afdebba10af59bccae1b3,,"'projects/yukpo-project/logs/run.googleapis.com%2Fstdout",,"'2026-02-17T10:11:48.589447833Z",,"'yukpo-backend",,,"'europe-west1","'yukpo-project",,"'yukpo-backend-00136-q4b","'yukpo-backend",,,,cloud_run_revision,,,"'[2m2026-02-17T10:11:48.336015Z[0m [32m INFO[0m [2myukpomnang_backend[0m[2m:[0m 🔧 Utilisation de l'URL Cloud SQL originale pour connect_lazy (non-bloquant)","'2026-02-17T10:11:48.335462Z",,
,,,,,,,,,,,69943ee400051e5ce1ff396b,,,,,,,,,,,,00da6cd2c46851118bf81f9822a4b3fef8bd0f66d9d44c7f9b3ea212a36c6180c173c71c4e562dd410505774b361d5f3e459979bb3a3e71ba38253714935a80d3b28fa7f8afdebba10af59bccae1b3,,"'projects/yukpo-project/logs/run.googleapis.com%2Fstdout",,"'2026-02-17T10:11:48.589447833Z",,"'yukpo-backend",,,"'europe-west1","'yukpo-project",,"'yukpo-backend-00136-q4b","'yukpo-backend",,,,cloud_run_revision,,,"'[2m2026-02-17T10:11:48.335990Z[0m [32m INFO[0m [2myukpomnang_backend[0m[2m:[0m 🔧 Configuration Cloud SQL: user=yukpo_user, db=yukpo_db, socket=/cloudsql/yukpo-project:europe-west1:yukpo-postgres","'2026-02-17T10:11:48.335452Z",,
,,,,,,,,,,,69943ee400051c7db5da3e55,,,,,,,,,,,,00da6cd2c46851118bf81f9822a4b3fef8bd0f66d9d44c7f9b3ea212a36c6180c173c71c4e562dd410505774b361d5f3e459979bb3a3e71ba38253714935a80d3b28fa7f8afdebba10af59bccae1b3,,"'projects/yukpo-project/logs/run.googleapis.com%2Fstdout",,"'2026-02-17T10:11:48.589447833Z",,"'yukpo-backend",,,"'europe-west1","'yukpo-project",,"'yukpo-backend-00136-q4b","'yukpo-backend",,,,cloud_run_revision,,,"'[2m2026-02-17T10:11:48.335513Z[0m [32m INFO[0m [2myukpomnang_backend[0m[2m:[0m 🔧 Format Cloud SQL Unix socket détecté - Utilisation de PgConnectOptions","'2026-02-17T10:11:48.334973Z",,
,,,,,,,,,,,69943ee400051b4ec31d1de7,,,,,,,,,,,,00da6cd2c46851118bf81f9822a4b3fef8bd0f66d9d44c7f9b3ea212a36c6180c173c71c4e562dd410505774b361d5f3e459979bb3a3e71ba38253714935a80d3b28fa7f8afdebba10af59bccae1b3,,"'projects/yukpo-project/logs/run.googleapis.com%2Fstdout",,"'2026-02-17T10:11:48.589447833Z",,"'yukpo-backend",,,"'europe-west1","'yukpo-project",,"'yukpo-backend-00136-q4b","'yukpo-backend",,,,cloud_run_revision,,,"'[2m2026-02-17T10:11:48.335228Z[0m [32m INFO[0m [2myukpomnang_backend[0m[2m:[0m 🔧 Cloud Run: Pool configuré (max=50, min=0) - Démarrage non-bloquant","'2026-02-17T10:11:48.334670Z",,
,,,,,,,,,,,69943ee400051b4a8599a32c,,,,,,,,,,,,00da6cd2c46851118bf81f9822a4b3fef8bd0f66d9d44c7f9b3ea212a36c6180c173c71c4e562dd410505774b361d5f3e459979bb3a3e71ba38253714935a80d3b28fa7f8afdebba10af59bccae1b3,,"'projects/yukpo-project/logs/run.googleapis.com%2Fstdout",,"'2026-02-17T10:11:48.589447833Z",,"'yukpo-backend",,,"'europe-west1","'yukpo-project",,"'yukpo-backend-00136-q4b","'yukpo-backend",,,,cloud_run_revision,,,"'[2m2026-02-17T10:11:48.335215Z[0m [32m INFO[0m [2myukpomnang_backend[0m[2m:[0m 🚀 Cloud Run: Utilisation de connect_lazy pour démarrage rapide","'2026-02-17T10:11:48.334666Z",,
,,,,,,,,,,,69943ee400051b385155cdf5,,,,,,,,,,,,00da6cd2c46851118bf81f9822a4b3fef8bd0f66d9d44c7f9b3ea212a36c6180c173c71c4e562dd410505774b361d5f3e459979bb3a3e71ba38253714935a80d3b28fa7f8afdebba10af59bccae1b3,,"'projects/yukpo-project/logs/run.googleapis.com%2Fstdout",,"'2026-02-17T10:11:48.589447833Z",,"'yukpo-backend",,,"'europe-west1","'yukpo-project",,"'yukpo-backend-00136-q4b","'yukpo-backend",,,,cloud_run_revision,,,[MAIN] 🚀 Cloud Run: Utilisation de connect_lazy pour démarrage rapide,"'2026-02-17T10:11:48.334648Z",,
,,,,,,,,,,,69943ee400051b344b3ddd67,,,,,,,,,,,,00da6cd2c46851118bf81f9822a4b3fef8bd0f66d9d44c7f9b3ea212a36c6180c173c71c4e562dd410505774b361d5f3e459979bb3a3e71ba38253714935a80d3b28fa7f8afdebba10af59bccae1b3,,"'projects/yukpo-project/logs/run.googleapis.com%2Fstdout",,"'2026-02-17T10:11:48.589447833Z",,"'yukpo-backend",,,"'europe-west1","'yukpo-project",,"'yukpo-backend-00136-q4b","'yukpo-backend",,,,cloud_run_revision,,,"'[2m2026-02-17T10:11:48.335175Z[0m [32m INFO[0m [2myukpomnang_backend[0m[2m:[0m 🔌 Connexion à la base de données PostgreSQL...","'2026-02-17T10:11:48.334644Z",,
,,,,,,,,,,,69943ee400051b1c45ab7067,,,,,,,,,,,,00da6cd2c46851118bf81f9822a4b3fef8bd0f66d9d44c7f9b3ea212a36c6180c173c71c4e562dd410505774b361d5f3e459979bb3a3e71ba38253714935a80d3b28fa7f8afdebba10af59bccae1b3,,"'projects/yukpo-project/logs/run.googleapis.com%2Fstdout",,"'2026-02-17T10:11:48.589447833Z",,"'yukpo-backend",,,"'europe-west1","'yukpo-project",,"'yukpo-backend-00136-q4b","'yukpo-backend",,,,cloud_run_revision,,,[MAIN] 🔌 Début de la connexion à PostgreSQL...,"'2026-02-17T10:11:48.334620Z",,
,,,,,,,,,,,69943ee400008ac323f5d439,,,,,,,,,,,,00da6cd2c46851118bf81f9822a4b3fef8bd0f66d9d44c7f9b3ea212a36c6180c173c71c4e562dd410505774b361d5f3e459979bb3a3e71ba38253714935a80d3b28fa7f8afdebba10af59bccae1b3,,"'projects/yukpo-project/logs/run.googleapis.com%2Fstdout",,"'2026-02-17T10:11:48.254584647Z",,"'yukpo-backend",,,"'europe-west1","'yukpo-project",,"'yukpo-backend-00136-q4b","'yukpo-backend",,,,cloud_run_revision,,,"'[2m2026-02-17T10:11:48.035905Z[0m [32m INFO[0m [2myukpomnang_backend[0m[2m:[0m 🔧 Cloud SQL Unix socket détecté - sslmode=require non ajouté (non nécessaire)","'2026-02-17T10:11:48.035523Z",,
,,,,,,,,,,,69943ee400008aa8c2461472,,,,,,,,,,,,00da6cd2c46851118bf81f9822a4b3fef8bd0f66d9d44c7f9b3ea212a36c6180c173c71c4e562dd410505774b361d5f3e459979bb3a3e71ba38253714935a80d3b28fa7f8afdebba10af59bccae1b3,,"'projects/yukpo-project/logs/run.googleapis.com%2Fstdout",,"'2026-02-17T10:11:48.254584647Z",,"'yukpo-backend",,,"'europe-west1","'yukpo-project",,"'yukpo-backend-00136-q4b","'yukpo-backend",,,,cloud_run_revision,,,[MAIN] ✅ DATABASE_URL récupérée (longueur: 123),"'2026-02-17T10:11:48.035496Z",,
,,,,,,,,,,,69943ee400008a8fae5f7d39,,,,,,,,,,,,00da6cd2c46851118bf81f9822a4b3fef8bd0f66d9d44c7f9b3ea212a36c6180c173c71c4e562dd410505774b361d5f3e459979bb3a3e71ba38253714935a80d3b28fa7f8afdebba10af59bccae1b3,,"'projects/yukpo-project/logs/run.googleapis.com%2Fstdout",,"'2026-02-17T10:11:48.254584647Z",,"'yukpo-backend",,,"'europe-west1","'yukpo-project",,"'yukpo-backend-00136-q4b","'yukpo-backend",,,,cloud_run_revision,,,[MAIN] 🔍 Récupération de DATABASE_URL...,"'2026-02-17T10:11:48.035471Z",,
,,,,,,,,,,,69943ee400008a7a7280da57,,,,,,,,,,,,00da6cd2c46851118bf81f9822a4b3fef8bd0f66d9d44c7f9b3ea212a36c6180c173c71c4e562dd410505774b361d5f3e459979bb3a3e71ba38253714935a80d3b28fa7f8afdebba10af59bccae1b3,,"'projects/yukpo-project/logs/run.googleapis.com%2Fstdout",,"'2026-02-17T10:11:48.254584647Z",,"'yukpo-backend",,,"'europe-west1","'yukpo-project",,"'yukpo-backend-00136-q4b","'yukpo-backend",,,,cloud_run_revision,,,"'[2m2026-02-17T10:11:48.035759Z[0m [32m INFO[0m [2myukpomnang_backend[0m[2m:[0m 🔍 [STARTUP] SQLX_OFFLINE au runtime: Some(""true"")","'2026-02-17T10:11:48.035450Z",,
,,,,,,,,,,,69943ee400008a1327f01327,,,,,,,,,,,,00da6cd2c46851118bf81f9822a4b3fef8bd0f66d9d44c7f9b3ea212a36c6180c173c71c4e562dd410505774b361d5f3e459979bb3a3e71ba38253714935a80d3b28fa7f8afdebba10af59bccae1b3,,"'projects/yukpo-project/logs/run.googleapis.com%2Fstdout",,"'2026-02-17T10:11:48.254584647Z",,"'yukpo-backend",,,"'europe-west1","'yukpo-project",,"'yukpo-backend-00136-q4b","'yukpo-backend",,,,cloud_run_revision,,,"'[2m2026-02-17T10:11:48.035578Z[0m [32m INFO[0m [2myukpomnang_backend[0m[2m:[0m 🔍 [STARTUP] Current working directory: Ok(""/app"")","'2026-02-17T10:11:48.035347Z",,
,,,,,,,,,,,69943ee40000895da626c36e,,,,,,,,,,,,00da6cd2c46851118bf81f9822a4b3fef8bd0f66d9d44c7f9b3ea212a36c6180c173c71c4e562dd410505774b361d5f3e459979bb3a3e71ba38253714935a80d3b28fa7f8afdebba10af59bccae1b3,,"'projects/yukpo-project/logs/run.googleapis.com%2Fstdout",,"'2026-02-17T10:11:48.254584647Z",,"'yukpo-backend",,,"'europe-west1","'yukpo-project",,"'yukpo-backend-00136-q4b","'yukpo-backend",,,,cloud_run_revision,,,"'[2m2026-02-17T10:11:48.035556Z[0m [32m INFO[0m [2myukpomnang_backend[0m[2m:[0m 🔍 [STARTUP] Démarrage application - Version: 0.1.0","'2026-02-17T10:11:48.035165Z",,
,,,,,,,,,,,69943ee400008950d95930ce,,,,,,,,,,,,00da6cd2c46851118bf81f9822a4b3fef8bd0f66d9d44c7f9b3ea212a36c6180c173c71c4e562dd410505774b361d5f3e459979bb3a3e71ba38253714935a80d3b28fa7f8afdebba10af59bccae1b3,,"'projects/yukpo-project/logs/run.googleapis.com%2Fstdout",,"'2026-02-17T10:11:48.254584647Z",,"'yukpo-backend",,,"'europe-west1","'yukpo-project",,"'yukpo-backend-00136-q4b","'yukpo-backend",,,,cloud_run_revision,,,"'[2m2026-02-17T10:11:48.035538Z[0m [32m INFO[0m [2myukpomnang_backend[0m[2m:[0m 🔍 Port configuré: 8080","'2026-02-17T10:11:48.035152Z",,
,,,,,,,,,,,69943ee40000894718964abd,,,,,,,,,,,,00da6cd2c46851118bf81f9822a4b3fef8bd0f66d9d44c7f9b3ea212a36c6180c173c71c4e562dd410505774b361d5f3e459979bb3a3e71ba38253714935a80d3b28fa7f8afdebba10af59bccae1b3,,"'projects/yukpo-project/logs/run.googleapis.com%2Fstdout",,"'2026-02-17T10:11:48.254584647Z",,"'yukpo-backend",,,"'europe-west1","'yukpo-project",,"'yukpo-backend-00136-q4b","'yukpo-backend",,,,cloud_run_revision,,,"'[2m2026-02-17T10:11:48.034953Z[0m [32m INFO[0m [2myukpomnang_backend[0m[2m:[0m 🔍 CLOUD_RUN détecté: true","'2026-02-17T10:11:48.035143Z",,
,,,,,,,,,,,69943ee3000cc3ee31ccea3b,,,,,,,,,,,,00da6cd2c46851118bf81f9822a4b3fef8bd0f66d9d44c7f9b3ea212a36c6180c173c71c4e562dd410505774b361d5f3e459979bb3a3e71ba38253714935a80d3b28fa7f8afdebba10af59bccae1b3,,"'projects/yukpo-project/logs/run.googleapis.com%2Fstdout",,"'2026-02-17T10:11:47.925154949Z",,"'yukpo-backend",,,"'europe-west1","'yukpo-project",,"'yukpo-backend-00136-q4b","'yukpo-backend",,,,cloud_run_revision,,,[MAIN] ✅ Logging initialisé,"'2026-02-17T10:11:47.836590Z",,
,,,,,,,,,,,69943ee3000b373a8914cc95,,,,,,,,,,,,00da6cd2c46851118bf81f9822a4b3fef8bd0f66d9d44c7f9b3ea212a36c6180c173c71c4e562dd410505774b361d5f3e459979bb3a3e71ba38253714935a80d3b28fa7f8afdebba10af59bccae1b3,,"'projects/yukpo-project/logs/run.googleapis.com%2Fstdout",,"'2026-02-17T10:11:47.925154949Z",,"'yukpo-backend",,,"'europe-west1","'yukpo-project",,"'yukpo-backend-00136-q4b","'yukpo-backend",,,,cloud_run_revision,,,[MAIN] 🔧 Initialisation du logging...,"'2026-02-17T10:11:47.735034Z",,
,,,,,,,,,,,69943ee3000b3539c31818af,,,,,,,,,,,,00da6cd2c46851118bf81f9822a4b3fef8bd0f66d9d44c7f9b3ea212a36c6180c173c71c4e562dd410505774b361d5f3e459979bb3a3e71ba38253714935a80d3b28fa7f8afdebba10af59bccae1b3,,"'projects/yukpo-project/logs/run.googleapis.com%2Fstdout",,"'2026-02-17T10:11:47.925154949Z",,"'yukpo-backend",,,"'europe-west1","'yukpo-project",,"'yukpo-backend-00136-q4b","'yukpo-backend",,,,cloud_run_revision,,,[MAIN] 🔧 Initialisation dotenv...,"'2026-02-17T10:11:47.734521Z",,
,,,,,,,,,,,69943ee3000b352da6dd4dbb,,,,,,,,,,,,00da6cd2c46851118bf81f9822a4b3fef8bd0f66d9d44c7f9b3ea212a36c6180c173c71c4e562dd410505774b361d5f3e459979bb3a3e71ba38253714935a80d3b28fa7f8afdebba10af59bccae1b3,,"'projects/yukpo-project/logs/run.googleapis.com%2Fstdout",,"'2026-02-17T10:11:47.925154949Z",,"'yukpo-backend",,,"'europe-west1","'yukpo-project",,"'yukpo-backend-00136-q4b","'yukpo-backend",,,,cloud_run_revision,,,"'[MAIN] ℹ️  Cloud Run: Le wrapper Python a déjà libéré le port, on continue directement...","'2026-02-17T10:11:47.734509Z",,
,,,,,,,,,,,69943ee3000b3523301ee5f6,,,,,,,,,,,,00da6cd2c46851118bf81f9822a4b3fef8bd0f66d9d44c7f9b3ea212a36c6180c173c71c4e562dd410505774b361d5f3e459979bb3a3e71ba38253714935a80d3b28fa7f8afdebba10af59bccae1b3,,"'projects/yukpo-project/logs/run.googleapis.com%2Fstdout",,"'2026-02-17T10:11:47.925154949Z",,"'yukpo-backend",,,"'europe-west1","'yukpo-project",,"'yukpo-backend-00136-q4b","'yukpo-backend",,,,cloud_run_revision,,,[MAIN] 🔍 Port configuré: 8080,"'2026-02-17T10:11:47.734499Z",,
,,,,,,,,,,,69943ee30008293bb42589c5,,,,,,,,,,,,00da6cd2c46851118bf81f9822a4b3fef8bd0f66d9d44c7f9b3ea212a36c6180c173c71c4e562dd410505774b361d5f3e459979bb3a3e71ba38253714935a80d3b28fa7f8afdebba10af59bccae1b3,,"'projects/yukpo-project/logs/run.googleapis.com%2Fstdout",,"'2026-02-17T10:11:47.589434793Z",,"'yukpo-backend",,,"'europe-west1","'yukpo-project",,"'yukpo-backend-00136-q4b","'yukpo-backend",,,,cloud_run_revision,,,[MAIN] 🔍 CLOUD_RUN détecté: true,"'2026-02-17T10:11:47.534843Z",,
,,,,,,,,,,,69943ee300082866831e5cf5,,,,,,,,,,,,00da6cd2c46851118bf81f9822a4b3fef8bd0f66d9d44c7f9b3ea212a36c6180c173c71c4e562dd410505774b361d5f3e459979bb3a3e71ba38253714935a80d3b28fa7f8afdebba10af59bccae1b3,,"'projects/yukpo-project/logs/run.googleapis.com%2Fstdout",,"'2026-02-17T10:11:47.589434793Z",,"'yukpo-backend",,,"'europe-west1","'yukpo-project",,"'yukpo-backend-00136-q4b","'yukpo-backend",,,,cloud_run_revision,,,[MAIN] JWT_SECRET: ✅ Présente,"'2026-02-17T10:11:47.534630Z",,
,,,,,,,,,,,69943ee300051d4aa0e14458,,,,,,,,,,,,00da6cd2c46851118bf81f9822a4b3fef8bd0f66d9d44c7f9b3ea212a36c6180c173c71c4e562dd410505774b361d5f3e459979bb3a3e71ba38253714935a80d3b28fa7f8afdebba10af59bccae1b3,,"'projects/yukpo-project/logs/run.googleapis.com%2Fstdout",,"'2026-02-17T10:11:47.589434793Z",,"'yukpo-backend",,,"'europe-west1","'yukpo-project",,"'yukpo-backend-00136-q4b","'yukpo-backend",,,,cloud_run_revision,,,[MAIN] REDIS_URL: ✅ Présente,"'2026-02-17T10:11:47.335178Z",,
,,,,,,,,,,,69943ee300051cea6d640d73,,,,,,,,,,,,00da6cd2c46851118bf81f9822a4b3fef8bd0f66d9d44c7f9b3ea212a36c6180c173c71c4e562dd410505774b361d5f3e459979bb3a3e71ba38253714935a80d3b28fa7f8afdebba10af59bccae1b3,,"'projects/yukpo-project/logs/run.googleapis.com%2Fstdout",,"'2026-02-17T10:11:47.589434793Z",,"'yukpo-backend",,,"'europe-west1","'yukpo-project",,"'yukpo-backend-00136-q4b","'yukpo-backend",,,,cloud_run_revision,,,[MAIN] MONGODB_URL: ✅ Présente,"'2026-02-17T10:11:47.335082Z",,
,,,,,,,,,,,69943ee300051c37d381c01b,,,,,,,,,,,,00da6cd2c46851118bf81f9822a4b3fef8bd0f66d9d44c7f9b3ea212a36c6180c173c71c4e562dd410505774b361d5f3e459979bb3a3e71ba38253714935a80d3b28fa7f8afdebba10af59bccae1b3,,"'projects/yukpo-project/logs/run.googleapis.com%2Fstdout",,"'2026-02-17T10:11:47.589434793Z",,"'yukpo-backend",,,"'europe-west1","'yukpo-project",,"'yukpo-backend-00136-q4b","'yukpo-backend",,,,cloud_run_revision,,,[MAIN] DATABASE_URL: ✅ Présente,"'2026-02-17T10:11:47.334903Z",,
,,,,,,,,,,,69943ee300051af968f51c6e,,,,,,,,,,,,00da6cd2c46851118bf81f9822a4b3fef8bd0f66d9d44c7f9b3ea212a36c6180c173c71c4e562dd410505774b361d5f3e459979bb3a3e71ba38253714935a80d3b28fa7f8afdebba10af59bccae1b3,,"'projects/yukpo-project/logs/run.googleapis.com%2Fstdout",,"'2026-02-17T10:11:47.589434793Z",,"'yukpo-backend",,,"'europe-west1","'yukpo-project",,"'yukpo-backend-00136-q4b","'yukpo-backend",,,,cloud_run_revision,,,[MAIN] 🔍 Vérification des variables d'environnement critiques...,"'2026-02-17T10:11:47.334585Z",,
,,,,,,,,,,,69943ee300051ac471d62e5c,,,,,,,,,,,,00da6cd2c46851118bf81f9822a4b3fef8bd0f66d9d44c7f9b3ea212a36c6180c173c71c4e562dd410505774b361d5f3e459979bb3a3e71ba38253714935a80d3b28fa7f8afdebba10af59bccae1b3,,"'projects/yukpo-project/logs/run.googleapis.com%2Fstdout",,"'2026-02-17T10:11:47.589434793Z",,"'yukpo-backend",,,"'europe-west1","'yukpo-project",,"'yukpo-backend-00136-q4b","'yukpo-backend",,,,cloud_run_revision,,,"'[MAIN] 🚀 Application Rust démarre - Point d'entrée atteint","'2026-02-17T10:11:47.334532Z",,
,,,,,,,,,,,69943ede000087f809b49f46,,,,,,,,,,,,00da6cd2c46851118bf81f9822a4b3fef8bd0f66d9d44c7f9b3ea212a36c6180c173c71c4e562dd410505774b361d5f3e459979bb3a3e71ba38253714935a80d3b28fa7f8afdebba10af59bccae1b3,,"'projects/yukpo-project/logs/run.googleapis.com%2Fstdout",,"'2026-02-17T10:11:42.262862121Z",,"'yukpo-backend",,,"'europe-west1","'yukpo-project",,"'yukpo-backend-00136-q4b","'yukpo-backend",,,,cloud_run_revision,,,🔍 [WRAPPER] Test d'exécution du binaire (version)...,"'2026-02-17T10:11:42.034808Z",,
,,,,,,,,,,,69943ede000087f47be79e5d,,,,,,,,,,,,00da6cd2c46851118bf81f9822a4b3fef8bd0f66d9d44c7f9b3ea212a36c6180c173c71c4e562dd410505774b361d5f3e459979bb3a3e71ba38253714935a80d3b28fa7f8afdebba10af59bccae1b3,,"'projects/yukpo-project/logs/run.googleapis.com%2Fstdout",,"'2026-02-17T10:11:42.262862121Z",,"'yukpo-backend",,,"'europe-west1","'yukpo-project",,"'yukpo-backend-00136-q4b","'yukpo-backend",,,,cloud_run_revision,,,"   MONGODB_URL: ✅ Présente","'2026-02-17T10:11:42.034804Z",,
,,,,,,,,,,,69943ede000087da00ce05d6,,,,,,,,,,,,00da6cd2c46851118bf81f9822a4b3fef8bd0f66d9d44c7f9b3ea212a36c6180c173c71c4e562dd410505774b361d5f3e459979bb3a3e71ba38253714935a80d3b28fa7f8afdebba10af59bccae1b3,,"'projects/yukpo-project/logs/run.googleapis.com%2Fstdout",,"'2026-02-17T10:11:42.262862121Z",,"'yukpo-backend",,,"'europe-west1","'yukpo-project",,"'yukpo-backend-00136-q4b","'yukpo-backend",,,,cloud_run_revision,,,"   REDIS_URL: ✅ Présente","'2026-02-17T10:11:42.034778Z",,
,,,,,,,,,,,69943ede000087d678176080,,,,,,,,,,,,00da6cd2c46851118bf81f9822a4b3fef8bd0f66d9d44c7f9b3ea212a36c6180c173c71c4e562dd410505774b361d5f3e459979bb3a3e71ba38253714935a80d3b28fa7f8afdebba10af59bccae1b3,,"'projects/yukpo-project/logs/run.googleapis.com%2Fstdout",,"'2026-02-17T10:11:42.262862121Z",,"'yukpo-backend",,,"'europe-west1","'yukpo-project",,"'yukpo-backend-00136-q4b","'yukpo-backend",,,,cloud_run_revision,,,"   JWT_SECRET: ✅ Présente (longueur: 18)","'2026-02-17T10:11:42.034774Z",,
,,,,,,,,,,,69943ede00008790c34acd75,,,,,,,,,,,,00da6cd2c46851118bf81f9822a4b3fef8bd0f66d9d44c7f9b3ea212a36c6180c173c71c4e562dd410505774b361d5f3e459979bb3a3e71ba38253714935a80d3b28fa7f8afdebba10af59bccae1b3,,"'projects/yukpo-project/logs/run.googleapis.com%2Fstdout",,"'2026-02-17T10:11:42.262862121Z",,"'yukpo-backend",,,"'europe-west1","'yukpo-project",,"'yukpo-backend-00136-q4b","'yukpo-backend",,,,cloud_run_revision,,,"'   🔍 [WRAPPER] DATABASE_URL se termine par: ...oudsql/yukpo-project:europe-west1:yukpo-postgres","'2026-02-17T10:11:42.034704Z",,
,,,,,,,,,,,69943ede0000878c9d5bfcbd,,,,,,,,,,,,00da6cd2c46851118bf81f9822a4b3fef8bd0f66d9d44c7f9b3ea212a36c6180c173c71c4e562dd410505774b361d5f3e459979bb3a3e71ba38253714935a80d3b28fa7f8afdebba10af59bccae1b3,,"'projects/yukpo-project/logs/run.googleapis.com%2Fstdout",,"'2026-02-17T10:11:42.262862121Z",,"'yukpo-backend",,,"'europe-west1","'yukpo-project",,"'yukpo-backend-00136-q4b","'yukpo-backend",,,,cloud_run_revision,,,"   🔍 [WRAPPER] DATABASE_URL commence par: postgresql://yukpo_user:VTWc%23%25vKZt%3DqewDIfaB!...","'2026-02-17T10:11:42.034700Z",,
,,,,,,,,,,,69943ede0000877fe36f0326,,,,,,,,,,,,00da6cd2c46851118bf81f9822a4b3fef8bd0f66d9d44c7f9b3ea212a36c6180c173c71c4e562dd410505774b361d5f3e459979bb3a3e71ba38253714935a80d3b28fa7f8afdebba10af59bccae1b3,,"'projects/yukpo-project/logs/run.googleapis.com%2Fstdout",,"'2026-02-17T10:11:42.262862121Z",,"'yukpo-backend",,,"'europe-west1","'yukpo-project",,"'yukpo-backend-00136-q4b","'yukpo-backend",,,,cloud_run_revision,,,"   ⚠️ [WRAPPER] ATTENTION: DATABASE_URL contient des retours à la ligne (\n)!","'2026-02-17T10:11:42.034687Z",,
,,,,,,,,,,,69943edd00020e09645c2ea5,,,,,,,,,,,,00da6cd2c46851118bf81f9822a4b3fef8bd0f66d9d44c7f9b3ea212a36c6180c173c71c4e562dd410505774b361d5f3e459979bb3a3e71ba38253714935a80d3b28fa7f8afdebba10af59bccae1b3,,"'projects/yukpo-project/logs/run.googleapis.com%2Fstdout",,"'2026-02-17T10:11:41.261233715Z",,"'yukpo-backend",,,"'europe-west1","'yukpo-project",,"'yukpo-backend-00136-q4b","'yukpo-backend",,,,cloud_run_revision,,,"   ⚠️ [WRAPPER] ATTENTION: DATABASE_URL contient des retours à la ligne (\r)!","'2026-02-17T10:11:41.134665Z",,
,,,,,,,,,,,69943edc0003de15868a2d6a,,,,,,,,,,,,00da6cd2c46851118bf81f9822a4b3fef8bd0f66d9d44c7f9b3ea212a36c6180c173c71c4e562dd410505774b361d5f3e459979bb3a3e71ba38253714935a80d3b28fa7f8afdebba10af59bccae1b3,,"'projects/yukpo-project/logs/run.googleapis.com%2Fstdout",,"'2026-02-17T10:11:40.263691799Z",,"'yukpo-backend",,,"'europe-west1","'yukpo-project",,"'yukpo-backend-00136-q4b","'yukpo-backend",,,,cloud_run_revision,,,"   DATABASE_URL: ✅ Présente (longueur: 123)","'2026-02-17T10:11:40.253461Z",,
,,,,,,,,,,,69943edc0003dde77c195bb1,,,,,,,,,,,,00da6cd2c46851118bf81f9822a4b3fef8bd0f66d9d44c7f9b3ea212a36c6180c173c71c4e562dd410505774b361d5f3e459979bb3a3e71ba38253714935a80d3b28fa7f8afdebba10af59bccae1b3,,"'projects/yukpo-project/logs/run.googleapis.com%2Fstdout",,"'2026-02-17T10:11:40.263691799Z",,"'yukpo-backend",,,"'europe-west1","'yukpo-project",,"'yukpo-backend-00136-q4b","'yukpo-backend",,,,cloud_run_revision,,,🔍 [WRAPPER] Variables d'environnement critiques:,"'2026-02-17T10:11:40.253415Z",,
,,,,,,,,,,,69943edc0003ddcb73b5fbe0,,,,,,,,,,,,00da6cd2c46851118bf81f9822a4b3fef8bd0f66d9d44c7f9b3ea212a36c6180c173c71c4e562dd410505774b361d5f3e459979bb3a3e71ba38253714935a80d3b28fa7f8afdebba10af59bccae1b3,,"'projects/yukpo-project/logs/run.googleapis.com%2Fstdout",,"'2026-02-17T10:11:40.263691799Z",,"'yukpo-backend",,,"'europe-west1","'yukpo-project",,"'yukpo-backend-00136-q4b","'yukpo-backend",,,,cloud_run_revision,,,✅ [WRAPPER] Binaire trouvé et exécutable,"'2026-02-17T10:11:40.253387Z",,
,,,,,,,,,,,69943edc0003dd515891da96,,,,,,,,,,,,00da6cd2c46851118bf81f9822a4b3fef8bd0f66d9d44c7f9b3ea212a36c6180c173c71c4e562dd410505774b361d5f3e459979bb3a3e71ba38253714935a80d3b28fa7f8afdebba10af59bccae1b3,,"'projects/yukpo-project/logs/run.googleapis.com%2Fstdout",,"'2026-02-17T10:11:40.263691799Z",,"'yukpo-backend",,,"'europe-west1","'yukpo-project",,"'yukpo-backend-00136-q4b","'yukpo-backend",,,,cloud_run_revision,,,🔍 [WRAPPER] Vérification du binaire Rust...,"'2026-02-17T10:11:40.253265Z",,
,,,,,,,,,,,69943edc0003dd3026ce28f0,,,,,,,,,,,,00da6cd2c46851118bf81f9822a4b3fef8bd0f66d9d44c7f9b3ea212a36c6180c173c71c4e562dd410505774b361d5f3e459979bb3a3e71ba38253714935a80d3b28fa7f8afdebba10af59bccae1b3,,"'projects/yukpo-project/logs/run.googleapis.com%2Fstdout",,"'2026-02-17T10:11:40.263691799Z",,"'yukpo-backend",,,"'europe-west1","'yukpo-project",,"'yukpo-backend-00136-q4b","'yukpo-backend",,,,cloud_run_revision,,,✅ [WRAPPER] Port 8080 est libre,"'2026-02-17T10:11:40.253232Z",,
,,,,,,,,,,,69943edc0003cd9e61307e04,,,,,,,,,,,,00da6cd2c46851118bf81f9822a4b3fef8bd0f66d9d44c7f9b3ea212a36c6180c173c71c4e562dd410505774b361d5f3e459979bb3a3e71ba38253714935a80d3b28fa7f8afdebba10af59bccae1b3,,"'projects/yukpo-project/logs/run.googleapis.com%2Fstdout",,"'2026-02-17T10:11:40.263691799Z",,"'yukpo-backend",,,"'europe-west1","'yukpo-project",,"'yukpo-backend-00136-q4b","'yukpo-backend",,,,cloud_run_revision,,,"'✅ [WRAPPER] Port libéré, démarrage de Rust...","'2026-02-17T10:11:40.249246Z",,
,,,,,,,,,,,69943ed9000a535d894a4779,,,,,,,,,,,,00da6cd2c46851118bf81f9822a4b3fef8bd0f66d9d44c7f9b3ea212a36c6180c173c71c4e562dd410505774b361d5f3e459979bb3a3e71ba38253714935a80d3b28fa7f8afdebba10af59bccae1b3,,"'projects/yukpo-project/logs/run.googleapis.com%2Fvarlog%2Fsystem",,"'2026-02-17T10:11:37.752430909Z",,"'yukpo-backend",,,"'europe-west1","'yukpo-project",,"'yukpo-backend-00136-q4b","'yukpo-backend",,,,cloud_run_revision,WARNING,,Truncated response body. Usually implies that the request timed out or the application exited before the response was finished.,"'2026-02-17T10:11:37.676701Z","'projects/yukpo-project/traces/5f8eedacea380754b6ae199697707c9c",
,,,,,,,,,,,69943ed70003b8b5e813b30f,,,,,,,,,,,,00da6cd2c46851118bf81f9822a4b3fef8bd0f66d9d44c7f9b3ea212a36c6180c173c71c4e562dd410505774b361d5f3e459979bb3a3e71ba38253714935a80d3b28fa7f8afdebba10af59bccae1b3,,"'projects/yukpo-project/logs/run.googleapis.com%2Fstdout",,"'2026-02-17T10:11:35.269847740Z",,"'yukpo-backend",,,"'europe-west1","'yukpo-project",,"'yukpo-backend-00136-q4b","'yukpo-backend",,,,cloud_run_revision,,,⏳ [WRAPPER] Attente libération du port (5 secondes)...,"'2026-02-17T10:11:35.243893Z",,
,,,,,,,,,,,69943ed70003af2f0c39bd91,,,,,,,,,,,,00da6cd2c46851118bf81f9822a4b3fef8bd0f66d9d44c7f9b3ea212a36c6180c173c71c4e562dd410505774b361d5f3e459979bb3a3e71ba38253714935a80d3b28fa7f8afdebba10af59bccae1b3,,"'projects/yukpo-project/logs/run.googleapis.com%2Fstdout",,"'2026-02-17T10:11:35.269847740Z",,"'yukpo-backend",,,"'europe-west1","'yukpo-project",,"'yukpo-backend-00136-q4b","'yukpo-backend",,,,cloud_run_revision,,,🛑 [WRAPPER] Arrêt du serveur Python pour libérer le port...,"'2026-02-17T10:11:35.241455Z",,
,,,,,,,,,,,69943ed7000286c58eef829e,,,,,,,,,,,,00da6cd2c46851118bf81f9822a4b3fef8bd0f66d9d44c7f9b3ea212a36c6180c173c71c4e562dd410505774b361d5f3e459979bb3a3e71ba38253714935a80d3b28fa7f8afdebba10af59bccae1b3,,"'projects/yukpo-project/logs/run.googleapis.com%2Fvarlog%2Fsystem",,"'2026-02-17T10:11:35.419755507Z",,"'yukpo-backend",,,"'europe-west1","'yukpo-project",,"'yukpo-backend-00136-q4b","'yukpo-backend",,,,cloud_run_revision,INFO,,"'STARTUP HTTP probe succeeded after 1 attempt for container ""yukpo-backend-1"" on port 8080 path ""/health"".","'2026-02-17T10:11:35.165573Z",,
,,,,,,,,,,,69943ed7000283d447d24bed,,,,,,,,,,,,00da6cd2c46851118bf81f9822a4b3fef8bd0f66d9d44c7f9b3ea212a36c6180c173c71c4e562dd410505774b361d5f3e459979bb3a3e71ba38253714935a80d3b28fa7f8afdebba10af59bccae1b3,,"'projects/yukpo-project/logs/run.googleapis.com%2Fstderr",,"'2026-02-17T10:11:35.262330612Z",,"'yukpo-backend",,,"'europe-west1","'yukpo-project",,"'yukpo-backend-00136-q4b","'yukpo-backend",,,,cloud_run_revision,,,[HEALTH] GET /health HTTP/1.1,"'2026-02-17T10:11:35.164820Z",,
,,,,,,,,,,,69943ed2000385e586d4f624,,,,,,,,,,,,00da6cd2c46851118bf81f9822a4b3fef8bd0f66d9d44c7f9b3ea212a36c6180c173c71c4e562dd410505774b361d5f3e459979bb3a3e71ba38253714935a80d3b28fa7f8afdebba10af59bccae1b3,,"'projects/yukpo-project/logs/run.googleapis.com%2Fstdout",,"'2026-02-17T10:11:30.272855257Z",,"'yukpo-backend",,,"'europe-west1","'yukpo-project",,"'yukpo-backend-00136-q4b","'yukpo-backend",,,,cloud_run_revision,,,⏳ [WRAPPER] Attente que Cloud Run détecte le serveur Python (5 secondes)...,"'2026-02-17T10:11:30.230885Z",,
,,,,,,,,,,,69943ed2000385daf0995c97,,,,,,,,,,,,00da6cd2c46851118bf81f9822a4b3fef8bd0f66d9d44c7f9b3ea212a36c6180c173c71c4e562dd410505774b361d5f3e459979bb3a3e71ba38253714935a80d3b28fa7f8afdebba10af59bccae1b3,,"'projects/yukpo-project/logs/run.googleapis.com%2Fstdout",,"'2026-02-17T10:11:30.272855257Z",,"'yukpo-backend",,,"'europe-west1","'yukpo-project",,"'yukpo-backend-00136-q4b","'yukpo-backend",,,,cloud_run_revision,,,"'✅ [WRAPPER] Serveur HTTP minimal prêt, Cloud Run devrait le détecter...","'2026-02-17T10:11:30.230874Z",,
,1.001784210s,HTTP/1.1,129.0.99.163,POST,11431,"'https://yukpo-backend-376093909298.europe-west1.run.app/api/mobile-logs",144,34.143.72.2,502,"'Yukpo-Mobile/1.0.0",69943ed9000a540a2656e6e6,,,,,,,,,,,,00da6cd2c46851118bf81f9822a4b3fef8bd0f66d9d44c7f9b3ea212a36c6180c173c71c4e562dd410505774b361d5f3e459979bb3a3e71ba38253714935a80d3b28fa7f8afdebba10af59bccae1b3,,"'projects/yukpo-project/logs/run.googleapis.com%2Frequests",,"'2026-02-17T10:11:37.935858354Z",,"'yukpo-backend",,,"'europe-west1","'yukpo-project",,"'yukpo-backend-00136-q4b","'yukpo-backend",,,,cloud_run_revision,ERROR,92115cbefa7aec24,,"'2026-02-17T10:11:28.040589Z","'projects/yukpo-project/traces/5f8eedacea380754b6ae199697707c9c",
,,,,,,,,,,,69943ecd0005bb87ea9ae5a3,,,,,,,,,,,,00da6cd2c46851118bf81f9822a4b3fef8bd0f66d9d44c7f9b3ea212a36c6180c173c71c4e562dd410505774b361d5f3e459979bb3a3e71ba38253714935a80d3b28fa7f8afdebba10af59bccae1b3,,"'projects/yukpo-project/logs/run.googleapis.com%2Fstderr",,"'2026-02-17T10:11:25.605173204Z",,"'yukpo-backend",,,"'europe-west1","'yukpo-project",,"'yukpo-backend-00136-q4b","'yukpo-backend",,,,cloud_run_revision,,,✅ [HEALTH] Serveur HTTP minimal prêt sur port 8080,"'2026-02-17T10:11:25.375687Z",,
,,,,,,,,,,,69943ecd0005b5fbc0833b4d,,,,,,,,,,,,00da6cd2c46851118bf81f9822a4b3fef8bd0f66d9d44c7f9b3ea212a36c6180c173c71c4e562dd410505774b361d5f3e459979bb3a3e71ba38253714935a80d3b28fa7f8afdebba10af59bccae1b3,,"'projects/yukpo-project/logs/run.googleapis.com%2Fstderr",,"'2026-02-17T10:11:25.605173204Z",,"'yukpo-backend",,,"'europe-west1","'yukpo-project",,"'yukpo-backend-00136-q4b","'yukpo-backend",,,,cloud_run_revision,,,🚀 [HEALTH] Démarrage serveur HTTP minimal Python sur port 8080...,"'2026-02-17T10:11:25.374267Z",,
,,,,,,,,,,,69943ecd0002fce7cf327926,,,,,,,,,,,,00da6cd2c46851118bf81f9822a4b3fef8bd0f66d9d44c7f9b3ea212a36c6180c173c71c4e562dd410505774b361d5f3e459979bb3a3e71ba38253714935a80d3b28fa7f8afdebba10af59bccae1b3,,"'projects/yukpo-project/logs/run.googleapis.com%2Fstdout",,"'2026-02-17T10:11:25.277855811Z",,"'yukpo-backend",,,"'europe-west1","'yukpo-project",,"'yukpo-backend-00136-q4b","'yukpo-backend",,,,cloud_run_revision,,,✅ [WRAPPER] Serveur HTTP minimal démarré (PID: 3),"'2026-02-17T10:11:25.195815Z",,
,,,,,,,,,,,69943ecd0002e7a07144c0cf,,,,,,,,,,,,00da6cd2c46851118bf81f9822a4b3fef8bd0f66d9d44c7f9b3ea212a36c6180c173c71c4e562dd410505774b361d5f3e459979bb3a3e71ba38253714935a80d3b28fa7f8afdebba10af59bccae1b3,,"'projects/yukpo-project/logs/run.googleapis.com%2Fstdout",,"'2026-02-17T10:11:25.277855811Z",,"'yukpo-backend",,,"'europe-west1","'yukpo-project",,"'yukpo-backend-00136-q4b","'yukpo-backend",,,,cloud_run_revision,,,🚀 [WRAPPER] Démarrage serveur HTTP minimal Python...,"'2026-02-17T10:11:25.190368Z",,
,,,,,,,,,,,69943ecd0002e78bac6906b9,,,,,,,,,,,,00da6cd2c46851118bf81f9822a4b3fef8bd0f66d9d44c7f9b3ea212a36c6180c173c71c4e562dd410505774b361d5f3e459979bb3a3e71ba38253714935a80d3b28fa7f8afdebba10af59bccae1b3,,"'projects/yukpo-project/logs/run.googleapis.com%2Fstdout",,"'2026-02-17T10:11:25.277855811Z",,"'yukpo-backend",,,"'europe-west1","'yukpo-project",,"'yukpo-backend-00136-q4b","'yukpo-backend",,,,cloud_run_revision,,,🚀 [WRAPPER] Démarrage wrapper Cloud Run...,"'2026-02-17T10:11:25.190347Z",,
,,,,,,,,,,,69943ecd0000465e79715eb5,,,,,,,,,,,,00da6cd2c46851118bf81f9822a4b3fef8bd0f66d9d44c7f9b3ea212a36c6180c173c71c4e562dd410505774b361d5f3e459979bb3a3e71ba38253714935a80d3b28fa7f8afdebba10af59bccae1b3,AUTOSCALING,"'projects/yukpo-project/logs/run.googleapis.com%2Fvarlog%2Fsystem",,"'2026-02-17T10:11:25.097733055Z",,"'yukpo-backend",,,"'europe-west1","'yukpo-project",,"'yukpo-backend-00136-q4b","'yukpo-backend",,,,cloud_run_revision,INFO,,"'Starting new instance. Reason: AUTOSCALING - Instance started due to configured scaling factors (e.g. CPU utilization, request throughput, etc.) or no existing capacity for current traffic.","'2026-02-17T10:11:25.018014Z",,
,,,,,,,,,,,69943ecc00045586ebff3713,,,,,,,,,,,,00da6cd2c45ddf48ac342ac1053ada98698558cd7060a962d0c7b05e4696a3c0e2da1697dd5afc272302f2c5cefea7f3706cd9ba0d5694aa075186fc669550f7848434d5c6c98c0cb140cfe0f0f297,,"'projects/yukpo-project/logs/run.googleapis.com%2Fvarlog%2Fsystem",,"'2026-02-17T10:11:24.432630435Z",,"'yukpo-backend",,,"'europe-west1","'yukpo-project",,"'yukpo-backend-00136-q4b","'yukpo-backend",,,,cloud_run_revision,WARNING,,Truncated response body. Usually implies that the request timed out or the application exited before the response was finished.,"'2026-02-17T10:11:24.284038Z","'projects/yukpo-project/traces/9efcc91a46b3f8b95f8b0984718f8dcf",
,,,,,,,,,,,69943ecc0004540ab628435a,,,,,,,,,,,,00da6cd2c45ddf48ac342ac1053ada98698558cd7060a962d0c7b05e4696a3c0e2da1697dd5afc272302f2c5cefea7f3706cd9ba0d5694aa075186fc669550f7848434d5c6c98c0cb140cfe0f0f297,,"'projects/yukpo-project/logs/run.googleapis.com%2Fvarlog%2Fsystem",,"'2026-02-17T10:11:24.432630435Z",,"'yukpo-backend",,,"'europe-west1","'yukpo-project",,"'yukpo-backend-00136-q4b","'yukpo-backend",,,,cloud_run_revision,WARNING,,Truncated response body. Usually implies that the request timed out or the application exited before the response was finished.,"'2026-02-17T10:11:24.283658Z","'projects/yukpo-project/traces/d636d90fbfcb6bc95f8b0984718f8119",
,,,,,,,,,,,69943ecc00044f0bbefeba16,,,,,,,,,,,,00da6cd2c45ddf48ac342ac1053ada98698558cd7060a962d0c7b05e4696a3c0e2da1697dd5afc272302f2c5cefea7f3706cd9ba0d5694aa075186fc669550f7848434d5c6c98c0cb140cfe0f0f297,,"'projects/yukpo-project/logs/run.googleapis.com%2Fvarlog%2Fsystem",,"'2026-02-17T10:11:24.432630435Z",,"'yukpo-backend",,,"'europe-west1","'yukpo-project",,"'yukpo-backend-00136-q4b","'yukpo-backend",,,,cloud_run_revision,WARNING,,Truncated response body. Usually implies that the request timed out or the application exited before the response was finished.,"'2026-02-17T10:11:24.282379Z","'projects/yukpo-project/traces/ec0ad11508deb92f5f8b0984718f8354",
,0.000893962s,HTTP/1.1,129.0.99.163,POST,4847,"'https://yukpo-backend-376093909298.europe-west1.run.app/api/mobile-logs",68,34.143.72.2,503,"'Yukpo-Mobile/1.0.0",69943ecb0002d32e8508fc26,,,,,,,,,,,,00da6cd2c45ddf48ac342ac1053ada98698558cd7060a962d0c7b05e4696a3c0e2da1697dd5afc272302f2c5cefea7f3706cd9ba0d5694aa075186fc669550f7848434d5c6c98c0cb140cfe0f0f297,,"'projects/yukpo-project/logs/run.googleapis.com%2Frequests",,"'2026-02-17T10:11:23.288292578Z",,"'yukpo-backend",,,"'europe-west1","'yukpo-project",,"'yukpo-backend-00136-q4b","'yukpo-backend",,,,cloud_run_revision,ERROR,016733316d0cc155,"'The request failed because either the HTTP response was malformed or connection to the instance had an error. Additional troubleshooting documentation can be found at: https://cloud.google.com/run/docs/troubleshooting#malformed-response-or-connection-error","'2026-02-17T10:11:23.182831Z","'projects/yukpo-project/traces/2beead724a97a2cdb6ae199697707071",true
,,,,,,,,,,,69943ec9000c3b0a1b386206,,,,,,,,,,,,00da6cd2c45ddf48ac342ac1053ada98698558cd7060a962d0c7b05e4696a3c0e2da1697dd5afc272302f2c5cefea7f3706cd9ba0d5694aa075186fc669550f7848434d5c6c98c0cb140cfe0f0f297,,"'projects/yukpo-project/logs/run.googleapis.com%2Fstdout",,"'2026-02-17T10:11:21.949273183Z",,"'yukpo-backend",,,"'europe-west1","'yukpo-project",,"'yukpo-backend-00136-q4b","'yukpo-backend",,,,cloud_run_revision,,,⏳ [WRAPPER] Attente libération du port (5 secondes)...,"'2026-02-17T10:11:21.801546Z",,
,,,,,,,,,,,69943ec9000c318349ef2243,,,,,,,,,,,,00da6cd2c45ddf48ac342ac1053ada98698558cd7060a962d0c7b05e4696a3c0e2da1697dd5afc272302f2c5cefea7f3706cd9ba0d5694aa075186fc669550f7848434d5c6c98c0cb140cfe0f0f297,,"'projects/yukpo-project/logs/run.googleapis.com%2Fstdout",,"'2026-02-17T10:11:21.949273183Z",,"'yukpo-backend",,,"'europe-west1","'yukpo-project",,"'yukpo-backend-00136-q4b","'yukpo-backend",,,,cloud_run_revision,,,🛑 [WRAPPER] Arrêt du serveur Python pour libérer le port...,"'2026-02-17T10:11:21.799107Z",,
,,,,,,,,,,,69943ec9000bbe80a6f14c4d,,,,,,,,,,,,00da6cd2c45ddf48ac342ac1053ada98698558cd7060a962d0c7b05e4696a3c0e2da1697dd5afc272302f2c5cefea7f3706cd9ba0d5694aa075186fc669550f7848434d5c6c98c0cb140cfe0f0f297,,"'projects/yukpo-project/logs/run.googleapis.com%2Fvarlog%2Fsystem",,"'2026-02-17T10:11:22.100533800Z",,"'yukpo-backend",,,"'europe-west1","'yukpo-project",,"'yukpo-backend-00136-q4b","'yukpo-backend",,,,cloud_run_revision,INFO,,"'STARTUP HTTP probe succeeded after 1 attempt for container ""yukpo-backend-1"" on port 8080 path ""/health"".","'2026-02-17T10:11:21.769664Z",,
,,,,,,,,,,,69943ec9000bbafd83a6e39b,,,,,,,,,,,,00da6cd2c45ddf48ac342ac1053ada98698558cd7060a962d0c7b05e4696a3c0e2da1697dd5afc272302f2c5cefea7f3706cd9ba0d5694aa075186fc669550f7848434d5c6c98c0cb140cfe0f0f297,,"'projects/yukpo-project/logs/run.googleapis.com%2Fstderr",,"'2026-02-17T10:11:21.940866076Z",,"'yukpo-backend",,,"'europe-west1","'yukpo-project",,"'yukpo-backend-00136-q4b","'yukpo-backend",,,,cloud_run_revision,,,[HEALTH] GET /health HTTP/1.1,"'2026-02-17T10:11:21.768765Z",,
,1.001636341s,HTTP/1.1,129.0.99.163,POST,13477,"'https://yukpo-backend-376093909298.europe-west1.run.app/api/mobile-logs",144,34.143.72.2,502,"'Yukpo-Mobile/1.0.0",69943ecc00044fa57f78381c,,,,,,,,,,,,00da6cd2c45ddf48ac342ac1053ada98698558cd7060a962d0c7b05e4696a3c0e2da1697dd5afc272302f2c5cefea7f3706cd9ba0d5694aa075186fc669550f7848434d5c6c98c0cb140cfe0f0f297,,"'projects/yukpo-project/logs/run.googleapis.com%2Frequests",,"'2026-02-17T10:11:24.617690600Z",,"'yukpo-backend",,,"'europe-west1","'yukpo-project",,"'yukpo-backend-00136-q4b","'yukpo-backend",,,,cloud_run_revision,ERROR,af171c9aacb14e7e,,"'2026-02-17T10:11:18.413483Z","'projects/yukpo-project/traces/ec0ad11508deb92f5f8b0984718f8354",
,,,,,,,,,,,69943ec4000c257176eaff62,,,,,,,,,,,,00da6cd2c45ddf48ac342ac1053ada98698558cd7060a962d0c7b05e4696a3c0e2da1697dd5afc272302f2c5cefea7f3706cd9ba0d5694aa075186fc669550f7848434d5c6c98c0cb140cfe0f0f297,,"'projects/yukpo-project/logs/run.googleapis.com%2Fstdout",,"'2026-02-17T10:11:16.951554963Z",,"'yukpo-backend",,,"'europe-west1","'yukpo-project",,"'yukpo-backend-00136-q4b","'yukpo-backend",,,,cloud_run_revision,,,⏳ [WRAPPER] Attente que Cloud Run détecte le serveur Python (5 secondes)...,"'2026-02-17T10:11:16.796017Z",,
,,,,,,,,,,,69943ec4000c256999d60785,,,,,,,,,,,,00da6cd2c45ddf48ac342ac1053ada98698558cd7060a962d0c7b05e4696a3c0e2da1697dd5afc272302f2c5cefea7f3706cd9ba0d5694aa075186fc669550f7848434d5c6c98c0cb140cfe0f0f297,,"'projects/yukpo-project/logs/run.googleapis.com%2Fstdout",,"'2026-02-17T10:11:16.951554963Z",,"'yukpo-backend",,,"'europe-west1","'yukpo-project",,"'yukpo-backend-00136-q4b","'yukpo-backend",,,,cloud_run_revision,,,"'✅ [WRAPPER] Serveur HTTP minimal prêt, Cloud Run devrait le détecter...","'2026-02-17T10:11:16.796009Z",,
,,,,,,,,,,,69943ec1000edd0cfe9ffe1b,,,,,,,,,,,,00da6cd2c4560d3b2288be7c7c44f3a8ec1a883620d40eaa205da235fedfe7b5cdb88247a335ad912657fd4a1ab1488ad2d6cb209aeb11e2abef7cde04ad8ea516705ca5146ebaa777dce3cbd848ed,,"'projects/yukpo-project/logs/run.googleapis.com%2Fvarlog%2Fsystem",,"'2026-02-17T10:11:14.108588953Z",,"'yukpo-backend",,,"'europe-west1","'yukpo-project",,"'yukpo-backend-00136-q4b","'yukpo-backend",,,,cloud_run_revision,WARNING,,Truncated response body. Usually implies that the request timed out or the application exited before the response was finished.,"'2026-02-17T10:11:13.974092Z","'projects/yukpo-project/traces/b987d2a42c9ea059e69d8cc43627cb10",
,1.003286161s,HTTP/1.1,129.0.99.163,POST,10412,"'https://yukpo-backend-376093909298.europe-west1.run.app/api/mobile-logs",144,34.143.72.2,502,"'Yukpo-Mobile/1.0.0",69943ecc000454a86890d6f3,,,,,,,,,,,,00da6cd2c45ddf48ac342ac1053ada98698558cd7060a962d0c7b05e4696a3c0e2da1697dd5afc272302f2c5cefea7f3706cd9ba0d5694aa075186fc669550f7848434d5c6c98c0cb140cfe0f0f297,,"'projects/yukpo-project/logs/run.googleapis.com%2Frequests",,"'2026-02-17T10:11:24.617690600Z",,"'yukpo-backend",,,"'europe-west1","'yukpo-project",,"'yukpo-backend-00136-q4b","'yukpo-backend",,,,cloud_run_revision,ERROR,7fc2481382b8291e,,"'2026-02-17T10:11:13.623545Z","'projects/yukpo-project/traces/d636d90fbfcb6bc95f8b0984718f8119",
,,,,,,,,,,,69943ebf000ddadf95c96857,,,,,,,,,,,,00da6cd2c45ddf48ac342ac1053ada98698558cd7060a962d0c7b05e4696a3c0e2da1697dd5afc272302f2c5cefea7f3706cd9ba0d5694aa075186fc669550f7848434d5c6c98c0cb140cfe0f0f297,,"'projects/yukpo-project/logs/run.googleapis.com%2Fstderr",,"'2026-02-17T10:11:11.950102447Z",,"'yukpo-backend",,,"'europe-west1","'yukpo-project",,"'yukpo-backend-00136-q4b","'yukpo-backend",,,,cloud_run_revision,,,✅ [HEALTH] Serveur HTTP minimal prêt sur port 8080,"'2026-02-17T10:11:11.907999Z",,
,,,,,,,,,,,69943ebf000dd6b680a1e03e,,,,,,,,,,,,00da6cd2c45ddf48ac342ac1053ada98698558cd7060a962d0c7b05e4696a3c0e2da1697dd5afc272302f2c5cefea7f3706cd9ba0d5694aa075186fc669550f7848434d5c6c98c0cb140cfe0f0f297,,"'projects/yukpo-project/logs/run.googleapis.com%2Fstderr",,"'2026-02-17T10:11:11.950102447Z",,"'yukpo-backend",,,"'europe-west1","'yukpo-project",,"'yukpo-backend-00136-q4b","'yukpo-backend",,,,cloud_run_revision,,,🚀 [HEALTH] Démarrage serveur HTTP minimal Python sur port 8080...,"'2026-02-17T10:11:11.906934Z",,
,,,,,,,,,,,69943ebf000c13765e3726d1,,,,,,,,,,,,00da6cd2c45ddf48ac342ac1053ada98698558cd7060a962d0c7b05e4696a3c0e2da1697dd5afc272302f2c5cefea7f3706cd9ba0d5694aa075186fc669550f7848434d5c6c98c0cb140cfe0f0f297,,"'projects/yukpo-project/logs/run.googleapis.com%2Fstdout",,"'2026-02-17T10:11:11.962061499Z",,"'yukpo-backend",,,"'europe-west1","'yukpo-project",,"'yukpo-backend-00136-q4b","'yukpo-backend",,,,cloud_run_revision,,,✅ [WRAPPER] Serveur HTTP minimal démarré (PID: 3),"'2026-02-17T10:11:11.791414Z",,
,,,,,,,,,,,69943ebf000c0f5aa10ff8ab,,,,,,,,,,,,00da6cd2c45ddf48ac342ac1053ada98698558cd7060a962d0c7b05e4696a3c0e2da1697dd5afc272302f2c5cefea7f3706cd9ba0d5694aa075186fc669550f7848434d5c6c98c0cb140cfe0f0f297,,"'projects/yukpo-project/logs/run.googleapis.com%2Fstdout",,"'2026-02-17T10:11:11.962061499Z",,"'yukpo-backend",,,"'europe-west1","'yukpo-project",,"'yukpo-backend-00136-q4b","'yukpo-backend",,,,cloud_run_revision,,,🚀 [WRAPPER] Démarrage serveur HTTP minimal Python...,"'2026-02-17T10:11:11.790362Z",,
,,,,,,,,,,,69943ebf000c0f4d242895a2,,,,,,,,,,,,00da6cd2c45ddf48ac342ac1053ada98698558cd7060a962d0c7b05e4696a3c0e2da1697dd5afc272302f2c5cefea7f3706cd9ba0d5694aa075186fc669550f7848434d5c6c98c0cb140cfe0f0f297,,"'projects/yukpo-project/logs/run.googleapis.com%2Fstdout",,"'2026-02-17T10:11:11.962061499Z",,"'yukpo-backend",,,"'europe-west1","'yukpo-project",,"'yukpo-backend-00136-q4b","'yukpo-backend",,,,cloud_run_revision,,,🚀 [WRAPPER] Démarrage wrapper Cloud Run...,"'2026-02-17T10:11:11.790349Z",,
,1.003990275s,HTTP/1.1,129.0.99.163,POST,11431,"'https://yukpo-backend-376093909298.europe-west1.run.app/api/mobile-logs",144,34.143.72.2,502,"'Yukpo-Mobile/1.0.0",69943ecc000455f3c3a10053,,,,,,,,,,,,00da6cd2c45ddf48ac342ac1053ada98698558cd7060a962d0c7b05e4696a3c0e2da1697dd5afc272302f2c5cefea7f3706cd9ba0d5694aa075186fc669550f7848434d5c6c98c0cb140cfe0f0f297,,"'projects/yukpo-project/logs/run.googleapis.com%2Frequests",,"'2026-02-17T10:11:24.617690600Z",,"'yukpo-backend",,,"'europe-west1","'yukpo-project",,"'yukpo-backend-00136-q4b","'yukpo-backend",,,,cloud_run_revision,ERROR,3ca297a68f54f751,,"'2026-02-17T10:11:11.698556Z","'projects/yukpo-project/traces/9efcc91a46b3f8b95f8b0984718f8dcf",
,,,,,,,,,,,69943ebf0009d6fb45b137eb,,,,,,,,,,,,00da6cd2c45ddf48ac342ac1053ada98698558cd7060a962d0c7b05e4696a3c0e2da1697dd5afc272302f2c5cefea7f3706cd9ba0d5694aa075186fc669550f7848434d5c6c98c0cb140cfe0f0f297,AUTOSCALING,"'projects/yukpo-project/logs/run.googleapis.com%2Fvarlog%2Fsystem",,"'2026-02-17T10:11:11.777807059Z",,"'yukpo-backend",,,"'europe-west1","'yukpo-project",,"'yukpo-backend-00136-q4b","'yukpo-backend",,,,cloud_run_revision,INFO,,"'Starting new instance. Reason: AUTOSCALING - Instance started due to configured scaling factors (e.g. CPU utilization, request throughput, etc.) or no existing capacity for current traffic.","'2026-02-17T10:11:11.644859Z",,
,0.004100874s,HTTP/1.1,129.0.99.163,POST,3754,"'https://yukpo-backend-376093909298.europe-west1.run.app/api/mobile-logs",501,34.143.72.2,501,"'Yukpo-Mobile/1.0.0",69943ec9000bf0efba8a9fa6,,,,,,,,,,,,00da6cd2c45ddf48ac342ac1053ada98698558cd7060a962d0c7b05e4696a3c0e2da1697dd5afc272302f2c5cefea7f3706cd9ba0d5694aa075186fc669550f7848434d5c6c98c0cb140cfe0f0f297,,"'projects/yukpo-project/logs/run.googleapis.com%2Frequests",,"'2026-02-17T10:11:21.950146002Z",,"'yukpo-backend",,,"'europe-west1","'yukpo-project",,"'yukpo-backend-00136-q4b","'yukpo-backend",,,,cloud_run_revision,ERROR,12319dd74cd68036,,"'2026-02-17T10:11:11.644317Z","'projects/yukpo-project/traces/7741ca457e0c2f835f8b0984718f85e8",
,10.005793991s,HTTP/1.1,129.0.99.163,POST,974,"'https://yukpo-backend-376093909298.europe-west1.run.app/api/mobile-logs",501,34.143.72.2,501,"'Yukpo-Mobile/1.0.0",69943ec9000bdfb493999de4,,,,,,,,,,,,00da6cd2c45ddf48ac342ac1053ada98698558cd7060a962d0c7b05e4696a3c0e2da1697dd5afc272302f2c5cefea7f3706cd9ba0d5694aa075186fc669550f7848434d5c6c98c0cb140cfe0f0f297,,"'projects/yukpo-project/logs/run.googleapis.com%2Frequests",,"'2026-02-17T10:11:21.950146002Z",,"'yukpo-backend",,,"'europe-west1","'yukpo-project",,"'yukpo-backend-00136-q4b","'yukpo-backend",,,,cloud_run_revision,ERROR,028a0229999b47f7,,"'2026-02-17T10:11:11.642876Z","'projects/yukpo-project/traces/1ec2103a9137d5c75f8b0984718f8082",
,0.000733914s,HTTP/1.1,129.0.99.163,POST,2660,"'https://yukpo-backend-376093909298.europe-west1.run.app/api/mobile-logs",68,34.143.72.2,503,"'Yukpo-Mobile/1.0.0",69943ebf0009caf598e63eb3,,,,,,,,,,,,00da6cd2c4560d3b2288be7c7c44f3a8ec1a883620d40eaa205da235fedfe7b5cdb88247a335ad912657fd4a1ab1488ad2d6cb209aeb11e2abef7cde04ad8ea516705ca5146ebaa777dce3cbd848ed,,"'projects/yukpo-project/logs/run.googleapis.com%2Frequests",,"'2026-02-17T10:11:11.960863534Z",,"'yukpo-backend",,,"'europe-west1","'yukpo-project",,"'yukpo-backend-00136-q4b","'yukpo-backend",,,,cloud_run_revision,ERROR,0925bd140dcab359,"'The request failed because either the HTTP response was malformed or connection to the instance had an error. Additional troubleshooting documentation can be found at: https://cloud.google.com/run/docs/troubleshooting#malformed-response-or-connection-error","'2026-02-17T10:11:11.639795Z","'projects/yukpo-project/traces/af6d739c4e1f6bb55f8b0984718f889b",true
,,,,,,,,,,,69943ebf00077b8b4f47c2b2,,,,,,,,,,,,00da6cd2c4560d3b2288be7c7c44f3a8ec1a883620d40eaa205da235fedfe7b5cdb88247a335ad912657fd4a1ab1488ad2d6cb209aeb11e2abef7cde04ad8ea516705ca5146ebaa777dce3cbd848ed,,"'projects/yukpo-project/logs/run.googleapis.com%2Fstdout",,"'2026-02-17T10:11:11.625389221Z",,"'yukpo-backend",,,"'europe-west1","'yukpo-project",,"'yukpo-backend-00136-q4b","'yukpo-backend",,,,cloud_run_revision,,,⏳ [WRAPPER] Attente libération du port (5 secondes)...,"'2026-02-17T10:11:11.490379Z",,
,,,,,,,,,,,69943ebf0007718db5e5d700,,,,,,,,,,,,00da6cd2c4560d3b2288be7c7c44f3a8ec1a883620d40eaa205da235fedfe7b5cdb88247a335ad912657fd4a1ab1488ad2d6cb209aeb11e2abef7cde04ad8ea516705ca5146ebaa777dce3cbd848ed,,"'projects/yukpo-project/logs/run.googleapis.com%2Fstdout",,"'2026-02-17T10:11:11.625389221Z",,"'yukpo-backend",,,"'europe-west1","'yukpo-project",,"'yukpo-backend-00136-q4b","'yukpo-backend",,,,cloud_run_revision,,,🛑 [WRAPPER] Arrêt du serveur Python pour libérer le port...,"'2026-02-17T10:11:11.487821Z",,
,,,,,,,,,,,69943ebf0007055eaffc07c3,,,,,,,,,,,,00da6cd2c4560d3b2288be7c7c44f3a8ec1a883620d40eaa205da235fedfe7b5cdb88247a335ad912657fd4a1ab1488ad2d6cb209aeb11e2abef7cde04ad8ea516705ca5146ebaa777dce3cbd848ed,,"'projects/yukpo-project/logs/run.googleapis.com%2Fvarlog%2Fsystem",,"'2026-02-17T10:11:11.777807059Z",,"'yukpo-backend",,,"'europe-west1","'yukpo-project",,"'yukpo-backend-00136-q4b","'yukpo-backend",,,,cloud_run_revision,INFO,,"'STARTUP HTTP probe succeeded after 1 attempt for container ""yukpo-backend-1"" on port 8080 path ""/health"".","'2026-02-17T10:11:11.460126Z",,
,,,,,,,,,,,69943ebf0007022a446f2d0d,,,,,,,,,,,,00da6cd2c4560d3b2288be7c7c44f3a8ec1a883620d40eaa205da235fedfe7b5cdb88247a335ad912657fd4a1ab1488ad2d6cb209aeb11e2abef7cde04ad8ea516705ca5146ebaa777dce3cbd848ed,,"'projects/yukpo-project/logs/run.googleapis.com%2Fstderr",,"'2026-02-17T10:11:11.616724722Z",,"'yukpo-backend",,,"'europe-west1","'yukpo-project",,"'yukpo-backend-00136-q4b","'yukpo-backend",,,,cloud_run_revision,,,[HEALTH] GET /health HTTP/1.1,"'2026-02-17T10:11:11.459306Z",,
,,,,,,,,,,,69943eba000758850b5cf5b0,,,,,,,,,,,,00da6cd2c4560d3b2288be7c7c44f3a8ec1a883620d40eaa205da235fedfe7b5cdb88247a335ad912657fd4a1ab1488ad2d6cb209aeb11e2abef7cde04ad8ea516705ca5146ebaa777dce3cbd848ed,,"'projects/yukpo-project/logs/run.googleapis.com%2Fstdout",,"'2026-02-17T10:11:06.629214874Z",,"'yukpo-backend",,,"'europe-west1","'yukpo-project",,"'yukpo-backend-00136-q4b","'yukpo-backend",,,,cloud_run_revision,,,⏳ [WRAPPER] Attente que Cloud Run détecte le serveur Python (5 secondes)...,"'2026-02-17T10:11:06.481413Z",,
,,,,,,,,,,,69943eba0007587a531535bb,,,,,,,,,,,,00da6cd2c4560d3b2288be7c7c44f3a8ec1a883620d40eaa205da235fedfe7b5cdb88247a335ad912657fd4a1ab1488ad2d6cb209aeb11e2abef7cde04ad8ea516705ca5146ebaa777dce3cbd848ed,,"'projects/yukpo-project/logs/run.googleapis.com%2Fstdout",,"'2026-02-17T10:11:06.629214874Z",,"'yukpo-backend",,,"'europe-west1","'yukpo-project",,"'yukpo-backend-00136-q4b","'yukpo-backend",,,,cloud_run_revision,,,"'✅ [WRAPPER] Serveur HTTP minimal prêt, Cloud Run devrait le détecter...","'2026-02-17T10:11:06.481402Z",,
,0.001301103s,HTTP/1.1,129.0.99.163,POST,2866,"'https://yukpo-backend-376093909298.europe-west1.run.app/api/mobile-logs",501,34.143.72.2,501,"'Yukpo-Mobile/1.0.0",69943ebf0007347c571d8e23,,,,,,,,,,,,00da6cd2c4560d3b2288be7c7c44f3a8ec1a883620d40eaa205da235fedfe7b5cdb88247a335ad912657fd4a1ab1488ad2d6cb209aeb11e2abef7cde04ad8ea516705ca5146ebaa777dce3cbd848ed,,"'projects/yukpo-project/logs/run.googleapis.com%2Frequests",,"'2026-02-17T10:11:11.636004718Z",,"'yukpo-backend",,,"'europe-west1","'yukpo-project",,"'yukpo-backend-00136-q4b","'yukpo-backend",,,,cloud_run_revision,ERROR,97a1adae2715a7ee,,"'2026-02-17T10:11:03.861866Z","'projects/yukpo-project/traces/6b8f000963ed5ee1e69d8cc43627ccef",
,,,,,,,,,,,69943eb70009e4c74b7aa0c9,,,,,,,,,,,,00da6cd2c4a7ac06478b0080d0756895a80ec9706c9a3449bc7998e510980ce6e3377c19fd8f5758e8cc8c6da027b735edc4f20e23cf27334d0acdc30bcb14edee2d1f334f14ce7f5b06a771e62b32,,"'projects/yukpo-project/logs/run.googleapis.com%2Fvarlog%2Fsystem",,"'2026-02-17T10:11:03.785366902Z",,"'yukpo-backend",,,"'europe-west1","'yukpo-project",,"'yukpo-backend-00136-q4b","'yukpo-backend",,,,cloud_run_revision,WARNING,,Truncated response body. Usually implies that the request timed out or the application exited before the response was finished.,"'2026-02-17T10:11:03.648391Z","'projects/yukpo-project/traces/9f3024eff92d94d2530f18c378cec691",
,1.001418411s,HTTP/1.1,129.0.99.163,POST,12930,"'https://yukpo-backend-376093909298.europe-west1.run.app/api/mobile-logs",144,34.143.72.2,502,"'Yukpo-Mobile/1.0.0",69943ec1000eddb9b0efd2a5,,,,,,,,,,,,00da6cd2c4560d3b2288be7c7c44f3a8ec1a883620d40eaa205da235fedfe7b5cdb88247a335ad912657fd4a1ab1488ad2d6cb209aeb11e2abef7cde04ad8ea516705ca5146ebaa777dce3cbd848ed,,"'projects/yukpo-project/logs/run.googleapis.com%2Frequests",,"'2026-02-17T10:11:14.291497315Z",,"'yukpo-backend",,,"'europe-west1","'yukpo-project",,"'yukpo-backend-00136-q4b","'yukpo-backend",,,,cloud_run_revision,ERROR,4baeb66bd4f12ecc,,"'2026-02-17T10:11:01.672757Z","'projects/yukpo-project/traces/b987d2a42c9ea059e69d8cc43627cb10",
,0.003310849s,HTTP/1.1,129.0.99.163,POST,2462,"'https://yukpo-backend-376093909298.europe-west1.run.app/api/mobile-logs",501,34.143.72.2,501,"'Yukpo-Mobile/1.0.0",69943ebf00073bccba726954,,,,,,,,,,,,00da6cd2c4560d3b2288be7c7c44f3a8ec1a883620d40eaa205da235fedfe7b5cdb88247a335ad912657fd4a1ab1488ad2d6cb209aeb11e2abef7cde04ad8ea516705ca5146ebaa777dce3cbd848ed,,"'projects/yukpo-project/logs/run.googleapis.com%2Frequests",,"'2026-02-17T10:11:11.636004718Z",,"'yukpo-backend",,,"'europe-west1","'yukpo-project",,"'yukpo-backend-00136-q4b","'yukpo-backend",,,,cloud_run_revision,ERROR,c04a5859a4bbd29c,,"'2026-02-17T10:11:01.665458Z","'projects/yukpo-project/traces/97ede54bf4ce3242e69d8cc43627cb7d",
,,,,,,,,,,,69943eb500094cb9f6cc1f26,,,,,,,,,,,,00da6cd2c4560d3b2288be7c7c44f3a8ec1a883620d40eaa205da235fedfe7b5cdb88247a335ad912657fd4a1ab1488ad2d6cb209aeb11e2abef7cde04ad8ea516705ca5146ebaa777dce3cbd848ed,,"'projects/yukpo-project/logs/run.googleapis.com%2Fstderr",,"'2026-02-17T10:11:01.628432330Z",,"'yukpo-backend",,,"'europe-west1","'yukpo-project",,"'yukpo-backend-00136-q4b","'yukpo-backend",,,,cloud_run_revision,,,✅ [HEALTH] Serveur HTTP minimal prêt sur port 8080,"'2026-02-17T10:11:01.609465Z",,
,,,,,,,,,,,69943eb5000948ab02eb7b34,,,,,,,,,,,,00da6cd2c4560d3b2288be7c7c44f3a8ec1a883620d40eaa205da235fedfe7b5cdb88247a335ad912657fd4a1ab1488ad2d6cb209aeb11e2abef7cde04ad8ea516705ca5146ebaa777dce3cbd848ed,,"'projects/yukpo-project/logs/run.googleapis.com%2Fstderr",,"'2026-02-17T10:11:01.628432330Z",,"'yukpo-backend",,,"'europe-west1","'yukpo-project",,"'yukpo-backend-00136-q4b","'yukpo-backend",,,,cloud_run_revision,,,🚀 [HEALTH] Démarrage serveur HTTP minimal Python sur port 8080...,"'2026-02-17T10:11:01.608427Z",,
,,,,,,,,,,,69943eb50007452b1f5f1ee7,,,,,,,,,,,,00da6cd2c4560d3b2288be7c7c44f3a8ec1a883620d40eaa205da235fedfe7b5cdb88247a335ad912657fd4a1ab1488ad2d6cb209aeb11e2abef7cde04ad8ea516705ca5146ebaa777dce3cbd848ed,,"'projects/yukpo-project/logs/run.googleapis.com%2Fstdout",,"'2026-02-17T10:11:01.633896747Z",,"'yukpo-backend",,,"'europe-west1","'yukpo-project",,"'yukpo-backend-00136-q4b","'yukpo-backend",,,,cloud_run_revision,,,✅ [WRAPPER] Serveur HTTP minimal démarré (PID: 3),"'2026-02-17T10:11:01.476459Z",,
,,,,,,,,,,,69943eb500073ea748c22320,,,,,,,,,,,,00da6cd2c4560d3b2288be7c7c44f3a8ec1a883620d40eaa205da235fedfe7b5cdb88247a335ad912657fd4a1ab1488ad2d6cb209aeb11e2abef7cde04ad8ea516705ca5146ebaa777dce3cbd848ed,,"'projects/yukpo-project/logs/run.googleapis.com%2Fstdout",,"'2026-02-17T10:11:01.633896747Z",,"'yukpo-backend",,,"'europe-west1","'yukpo-project",,"'yukpo-backend-00136-q4b","'yukpo-backend",,,,cloud_run_revision,,,🚀 [WRAPPER] Démarrage serveur HTTP minimal Python...,"'2026-02-17T10:11:01.474791Z",,
,,,,,,,,,,,69943eb500073e9b5880ed50,,,,,,,,,,,,00da6cd2c4560d3b2288be7c7c44f3a8ec1a883620d40eaa205da235fedfe7b5cdb88247a335ad912657fd4a1ab1488ad2d6cb209aeb11e2abef7cde04ad8ea516705ca5146ebaa777dce3cbd848ed,,"'projects/yukpo-project/logs/run.googleapis.com%2Fstdout",,"'2026-02-17T10:11:01.633896747Z",,"'yukpo-backend",,,"'europe-west1","'yukpo-project",,"'yukpo-backend-00136-q4b","'yukpo-backend",,,,cloud_run_revision,,,🚀 [WRAPPER] Démarrage wrapper Cloud Run...,"'2026-02-17T10:11:01.474779Z",,
,0.001082727s,HTTP/1.1,129.0.99.163,POST,2620,"'https://yukpo-backend-376093909298.europe-west1.run.app/api/mobile-logs",501,34.143.72.2,501,"'Yukpo-Mobile/1.0.0",69943ebf00073986b69aa4e3,,,,,,,,,,,,00da6cd2c4560d3b2288be7c7c44f3a8ec1a883620d40eaa205da235fedfe7b5cdb88247a335ad912657fd4a1ab1488ad2d6cb209aeb11e2abef7cde04ad8ea516705ca5146ebaa777dce3cbd848ed,,"'projects/yukpo-project/logs/run.googleapis.com%2Frequests",,"'2026-02-17T10:11:11.636004718Z",,"'yukpo-backend",,,"'europe-west1","'yukpo-project",,"'yukpo-backend-00136-q4b","'yukpo-backend",,,,cloud_run_revision,ERROR,ce4cd0d11856c876,,"'2026-02-17T10:11:01.364755Z","'projects/yukpo-project/traces/73daf6f490c3d72ce69d8cc43627c07c",
,,,,,,,,,,,69943eb50004e5459fec8f90,,,,,,,,,,,,00da6cd2c4560d3b2288be7c7c44f3a8ec1a883620d40eaa205da235fedfe7b5cdb88247a335ad912657fd4a1ab1488ad2d6cb209aeb11e2abef7cde04ad8ea516705ca5146ebaa777dce3cbd848ed,AUTOSCALING,"'projects/yukpo-project/logs/run.googleapis.com%2Fvarlog%2Fsystem",,"'2026-02-17T10:11:01.450822406Z",,"'yukpo-backend",,,"'europe-west1","'yukpo-project",,"'yukpo-backend-00136-q4b","'yukpo-backend",,,,cloud_run_revision,INFO,,"'Starting new instance. Reason: AUTOSCALING - Instance started due to configured scaling factors (e.g. CPU utilization, request throughput, etc.) or no existing capacity for current traffic.","'2026-02-17T10:11:01.320837Z",,
,10.008370678s,HTTP/1.1,129.0.99.163,POST,977,"'https://yukpo-backend-376093909298.europe-west1.run.app/api/mobile-logs",501,34.143.72.2,501,"'Yukpo-Mobile/1.0.0",69943ebf00072dbcbc92a0ee,,,,,,,,,,,,00da6cd2c4560d3b2288be7c7c44f3a8ec1a883620d40eaa205da235fedfe7b5cdb88247a335ad912657fd4a1ab1488ad2d6cb209aeb11e2abef7cde04ad8ea516705ca5146ebaa777dce3cbd848ed,,"'projects/yukpo-project/logs/run.googleapis.com%2Frequests",,"'2026-02-17T10:11:11.636004718Z",,"'yukpo-backend",,,"'europe-west1","'yukpo-project",,"'yukpo-backend-00136-q4b","'yukpo-backend",,,,cloud_run_revision,ERROR,07b5bab771184fa8,,"'2026-02-17T10:11:01.318376Z","'projects/yukpo-project/traces/c4f409664d3227e7e69d8cc43627c0bb",
,0.000762306s,HTTP/1.1,129.0.99.163,POST,439,"'https://yukpo-backend-376093909298.europe-west1.run.app/api/auth/login",68,34.143.72.2,503,"'Yukpo-Mobile/1.0.0",69943eb50004d2bcbcaa7541,,,,,,,,,,,,00da6cd2c4a7ac06478b0080d0756895a80ec9706c9a3449bc7998e510980ce6e3377c19fd8f5758e8cc8c6da027b735edc4f20e23cf27334d0acdc30bcb14edee2d1f334f14ce7f5b06a771e62b32,,"'projects/yukpo-project/logs/run.googleapis.com%2Frequests",,"'2026-02-17T10:11:01.638132229Z",,"'yukpo-backend",,,"'europe-west1","'yukpo-project",,"'yukpo-backend-00136-q4b","'yukpo-backend",,,,cloud_run_revision,ERROR,6973bd40196737d2,"'The request failed because either the HTTP response was malformed or connection to the instance had an error. Additional troubleshooting documentation can be found at: https://cloud.google.com/run/docs/troubleshooting#malformed-response-or-connection-error","'2026-02-17T10:11:01.314029Z","'projects/yukpo-project/traces/25405d3921a79997e69d8cc43627c128",true
,,,,,,,,,,,69943eb5000277920ccf2607,,,,,,,,,,,,00da6cd2c4a7ac06478b0080d0756895a80ec9706c9a3449bc7998e510980ce6e3377c19fd8f5758e8cc8c6da027b735edc4f20e23cf27334d0acdc30bcb14edee2d1f334f14ce7f5b06a771e62b32,,"'projects/yukpo-project/logs/run.googleapis.com%2Fstdout",,"'2026-02-17T10:11:01.302258065Z",,"'yukpo-backend",,,"'europe-west1","'yukpo-project",,"'yukpo-backend-00136-q4b","'yukpo-backend",,,,cloud_run_revision,,,⏳ [WRAPPER] Attente libération du port (5 secondes)...,"'2026-02-17T10:11:01.161682Z",,
,,,,,,,,,,,69943eb500026bbe43d926b3,,,,,,,,,,,,00da6cd2c4a7ac06478b0080d0756895a80ec9706c9a3449bc7998e510980ce6e3377c19fd8f5758e8cc8c6da027b735edc4f20e23cf27334d0acdc30bcb14edee2d1f334f14ce7f5b06a771e62b32,,"'projects/yukpo-project/logs/run.googleapis.com%2Fstdout",,"'2026-02-17T10:11:01.302258065Z",,"'yukpo-backend",,,"'europe-west1","'yukpo-project",,"'yukpo-backend-00136-q4b","'yukpo-backend",,,,cloud_run_revision,,,🛑 [WRAPPER] Arrêt du serveur Python pour libérer le port...,"'2026-02-17T10:11:01.158654Z",,
,,,,,,,,,,,69943eb500020524e0887740,,,,,,,,,,,,00da6cd2c4a7ac06478b0080d0756895a80ec9706c9a3449bc7998e510980ce6e3377c19fd8f5758e8cc8c6da027b735edc4f20e23cf27334d0acdc30bcb14edee2d1f334f14ce7f5b06a771e62b32,,"'projects/yukpo-project/logs/run.googleapis.com%2Fvarlog%2Fsystem",,"'2026-02-17T10:11:01.450822406Z",,"'yukpo-backend",,,"'europe-west1","'yukpo-project",,"'yukpo-backend-00136-q4b","'yukpo-backend",,,,cloud_run_revision,INFO,,"'STARTUP HTTP probe succeeded after 1 attempt for container ""yukpo-backend-1"" on port 8080 path ""/health"".","'2026-02-17T10:11:01.132388Z",,
,,,,,,,,,,,69943eb5000200a66826a1d2,,,,,,,,,,,,00da6cd2c4a7ac06478b0080d0756895a80ec9706c9a3449bc7998e510980ce6e3377c19fd8f5758e8cc8c6da027b735edc4f20e23cf27334d0acdc30bcb14edee2d1f334f14ce7f5b06a771e62b32,,"'projects/yukpo-project/logs/run.googleapis.com%2Fstderr",,"'2026-02-17T10:11:01.294973750Z",,"'yukpo-backend",,,"'europe-west1","'yukpo-project",,"'yukpo-backend-00136-q4b","'yukpo-backend",,,,cloud_run_revision,,,[HEALTH] GET /health HTTP/1.1,"'2026-02-17T10:11:01.131238Z",,
,,,,,,,,,,,69943eb0000260617706a89f,,,,,,,,,,,,00da6cd2c4a7ac06478b0080d0756895a80ec9706c9a3449bc7998e510980ce6e3377c19fd8f5758e8cc8c6da027b735edc4f20e23cf27334d0acdc30bcb14edee2d1f334f14ce7f5b06a771e62b32,,"'projects/yukpo-project/logs/run.googleapis.com%2Fstdout",,"'2026-02-17T10:10:56.305666812Z",,"'yukpo-backend",,,"'europe-west1","'yukpo-project",,"'yukpo-backend-00136-q4b","'yukpo-backend",,,,cloud_run_revision,,,⏳ [WRAPPER] Attente que Cloud Run détecte le serveur Python (5 secondes)...,"'2026-02-17T10:10:56.155745Z",,
,,,,,,,,,,,69943eb0000260573010b873,,,,,,,,,,,,00da6cd2c4a7ac06478b0080d0756895a80ec9706c9a3449bc7998e510980ce6e3377c19fd8f5758e8cc8c6da027b735edc4f20e23cf27334d0acdc30bcb14edee2d1f334f14ce7f5b06a771e62b32,,"'projects/yukpo-project/logs/run.googleapis.com%2Fstdout",,"'2026-02-17T10:10:56.305666812Z",,"'yukpo-backend",,,"'europe-west1","'yukpo-project",,"'yukpo-backend-00136-q4b","'yukpo-backend",,,,cloud_run_revision,,,"'✅ [WRAPPER] Serveur HTTP minimal prêt, Cloud Run devrait le détecter...","'2026-02-17T10:10:56.155735Z",,
,1.003436712s,HTTP/1.1,129.0.99.163,POST,10584,"'https://yukpo-backend-376093909298.europe-west1.run.app/api/mobile-logs",144,34.143.72.2,502,"'Yukpo-Mobile/1.0.0",69943eb70009e5bf74260c28,,,,,,,,,,,,00da6cd2c4a7ac06478b0080d0756895a80ec9706c9a3449bc7998e510980ce6e3377c19fd8f5758e8cc8c6da027b735edc4f20e23cf27334d0acdc30bcb14edee2d1f334f14ce7f5b06a771e62b32,,"'projects/yukpo-project/logs/run.googleapis.com%2Frequests",,"'2026-02-17T10:11:03.969355134Z",,"'yukpo-backend",,,"'europe-west1","'yukpo-project",,"'yukpo-backend-00136-q4b","'yukpo-backend",,,,cloud_run_revision,ERROR,fbe0d8fdc1c2d77b,,"'2026-02-17T10:10:54.405707Z","'projects/yukpo-project/traces/9f3024eff92d94d2530f18c378cec691",
,,,,,,,,,,,"'s=e3fcb03b85694b119ad1af4021701853;i=52d97;b=6f99b7b3339f45a2998945324705e480;m=35ef8aa5dc;t=64b0248426e3f;x=70fd014b8df16ea7-0@a3",,,,,,,"'2-2b8ac77d-efeb-4ce6-b999-76f190471c46",54,376093909298,38333938656539376533323835643864e3b0c442,,,,"'projects/yukpo-project/logs/cloudsql.googleapis.com%2Fpostgres.log",,"'2026-02-17T10:11:41.861567771Z",,,"'yukpo-project:yukpo-db",,,"'yukpo-project",europe,,,,,,cloudsql_database,INFO,,"'2026-02-17 10:10:54.117 UTC [26]: [1540-1] db=,user= LOG:  checkpoint complete: wrote 3 buffers (0.0%); 0 WAL file(s) added, 0 removed, 0 recycled; write=0.203 s, sync=0.004 s, total=0.216 s; sync files=3, longest=0.003 s, average=0.002 s; distance=9 kB, estimate=15 kB","'2026-02-17T10:10:54.117876Z",,
,,,,,,,,,,,"'s=e3fcb03b85694b119ad1af4021701853;i=52d97;b=6f99b7b3339f45a2998945324705e480;m=35ef8aa5dc;t=64b0248426e3f;x=70fd014b8df16ea7-0@a2",,,,,,,"'2-2b8ac77d-efeb-4ce6-b999-76f190471c46",54,376093909298,38333938656539376533323835643864e3b0c442,,,,"'projects/yukpo-project/logs/cloudsql.googleapis.com%2Fpostgres.log",,"'2026-02-17T10:11:41.861567771Z",,,"'yukpo-project:yukpo-db",,,"'yukpo-project",europe,,,,,,cloudsql_database,INFO,,"'2026-02-17 10:10:53.901 UTC [26]: [1539-1] db=,user= LOG:  checkpoint starting: time","'2026-02-17T10:10:53.902378Z",,
,,,,,,,,,,,69943eab00043baa9ef419b8,,,,,,,,,,,,00da6cd2c4a7ac06478b0080d0756895a80ec9706c9a3449bc7998e510980ce6e3377c19fd8f5758e8cc8c6da027b735edc4f20e23cf27334d0acdc30bcb14edee2d1f334f14ce7f5b06a771e62b32,,"'projects/yukpo-project/logs/run.googleapis.com%2Fstderr",,"'2026-02-17T10:10:51.302748951Z",,"'yukpo-backend",,,"'europe-west1","'yukpo-project",,"'yukpo-backend-00136-q4b","'yukpo-backend",,,,cloud_run_revision,,,✅ [HEALTH] Serveur HTTP minimal prêt sur port 8080,"'2026-02-17T10:10:51.277418Z",,
,,,,,,,,,,,69943eab000436c6a0fdee44,,,,,,,,,,,,00da6cd2c4a7ac06478b0080d0756895a80ec9706c9a3449bc7998e510980ce6e3377c19fd8f5758e8cc8c6da027b735edc4f20e23cf27334d0acdc30bcb14edee2d1f334f14ce7f5b06a771e62b32,,"'projects/yukpo-project/logs/run.googleapis.com%2Fstderr",,"'2026-02-17T10:10:51.302748951Z",,"'yukpo-backend",,,"'europe-west1","'yukpo-project",,"'yukpo-backend-00136-q4b","'yukpo-backend",,,,cloud_run_revision,,,🚀 [HEALTH] Démarrage serveur HTTP minimal Python sur port 8080...,"'2026-02-17T10:10:51.276166Z",,
,,,,,,,,,,,69943eab000242e0a2245260,,,,,,,,,,,,00da6cd2c4a7ac06478b0080d0756895a80ec9706c9a3449bc7998e510980ce6e3377c19fd8f5758e8cc8c6da027b735edc4f20e23cf27334d0acdc30bcb14edee2d1f334f14ce7f5b06a771e62b32,,"'projects/yukpo-project/logs/run.googleapis.com%2Fstdout",,"'2026-02-17T10:10:51.309840806Z",,"'yukpo-backend",,,"'europe-west1","'yukpo-project",,"'yukpo-backend-00136-q4b","'yukpo-backend",,,,cloud_run_revision,,,✅ [WRAPPER] Serveur HTTP minimal démarré (PID: 3),"'2026-02-17T10:10:51.148192Z",,
,,,,,,,,,,,69943eab0002404ca36ad871,,,,,,,,,,,,00da6cd2c4a7ac06478b0080d0756895a80ec9706c9a3449bc7998e510980ce6e3377c19fd8f5758e8cc8c6da027b735edc4f20e23cf27334d0acdc30bcb14edee2d1f334f14ce7f5b06a771e62b32,,"'projects/yukpo-project/logs/run.googleapis.com%2Fstdout",,"'2026-02-17T10:10:51.309840806Z",,"'yukpo-backend",,,"'europe-west1","'yukpo-project",,"'yukpo-backend-00136-q4b","'yukpo-backend",,,,cloud_run_revision,,,🚀 [WRAPPER] Démarrage serveur HTTP minimal Python...,"'2026-02-17T10:10:51.147532Z",,
,,,,,,,,,,,69943eab0002403fe60d9544,,,,,,,,,,,,00da6cd2c4a7ac06478b0080d0756895a80ec9706c9a3449bc7998e510980ce6e3377c19fd8f5758e8cc8c6da027b735edc4f20e23cf27334d0acdc30bcb14edee2d1f334f14ce7f5b06a771e62b32,,"'projects/yukpo-project/logs/run.googleapis.com%2Fstdout",,"'2026-02-17T10:10:51.309840806Z",,"'yukpo-backend",,,"'europe-west1","'yukpo-project",,"'yukpo-backend-00136-q4b","'yukpo-backend",,,,cloud_run_revision,,,🚀 [WRAPPER] Démarrage wrapper Cloud Run...,"'2026-02-17T10:10:51.147519Z",,
,0.002475881s,HTTP/1.1,129.0.99.163,POST,3856,"'https://yukpo-backend-376093909298.europe-west1.run.app/api/mobile-logs",501,34.143.72.2,501,"'Yukpo-Mobile/1.0.0",69943eb5000234009498aec0,,,,,,,,,,,,00da6cd2c4a7ac06478b0080d0756895a80ec9706c9a3449bc7998e510980ce6e3377c19fd8f5758e8cc8c6da027b735edc4f20e23cf27334d0acdc30bcb14edee2d1f334f14ce7f5b06a771e62b32,,"'projects/yukpo-project/logs/run.googleapis.com%2Frequests",,"'2026-02-17T10:11:01.304030804Z",,"'yukpo-backend",,,"'europe-west1","'yukpo-project",,"'yukpo-backend-00136-q4b","'yukpo-backend",,,,cloud_run_revision,ERROR,15bc25923e0d05f6,,"'2026-02-17T10:10:51.123953Z","'projects/yukpo-project/traces/6f9ac39534866043530f18c378cec95f",
,0.003171714s,HTTP/1.1,129.0.99.163,POST,3802,"'https://yukpo-backend-376093909298.europe-west1.run.app/api/mobile-logs",501,34.143.72.2,501,"'Yukpo-Mobile/1.0.0",69943eb50002367e352e391d,,,,,,,,,,,,00da6cd2c4a7ac06478b0080d0756895a80ec9706c9a3449bc7998e510980ce6e3377c19fd8f5758e8cc8c6da027b735edc4f20e23cf27334d0acdc30bcb14edee2d1f334f14ce7f5b06a771e62b32,,"'projects/yukpo-project/logs/run.googleapis.com%2Frequests",,"'2026-02-17T10:11:01.304030804Z",,"'yukpo-backend",,,"'europe-west1","'yukpo-project",,"'yukpo-backend-00136-q4b","'yukpo-backend",,,,cloud_run_revision,ERROR,18cad77c478a9912,,"'2026-02-17T10:10:51.073619Z","'projects/yukpo-project/traces/4839c46d1a1d6f16530f18c378cec1e3",
,0.003024925s,HTTP/1.1,129.0.99.163,POST,2866,"'https://yukpo-backend-376093909298.europe-west1.run.app/api/mobile-logs",501,34.143.72.2,501,"'Yukpo-Mobile/1.0.0",69943eb5000235f73c3c0b7e,,,,,,,,,,,,00da6cd2c4a7ac06478b0080d0756895a80ec9706c9a3449bc7998e510980ce6e3377c19fd8f5758e8cc8c6da027b735edc4f20e23cf27334d0acdc30bcb14edee2d1f334f14ce7f5b06a771e62b32,,"'projects/yukpo-project/logs/run.googleapis.com%2Frequests",,"'2026-02-17T10:11:01.304030804Z",,"'yukpo-backend",,,"'europe-west1","'yukpo-project",,"'yukpo-backend-00136-q4b","'yukpo-backend",,,,cloud_run_revision,ERROR,e0971a13c6bc7ac3,,"'2026-02-17T10:10:51.062645Z","'projects/yukpo-project/traces/e29c36f563077b87530f18c378cec895",
,,,,,,,,,,,69943eaa000f3234afaa0a52,,,,,,,,,,,,00da6cd2c4a7ac06478b0080d0756895a80ec9706c9a3449bc7998e510980ce6e3377c19fd8f5758e8cc8c6da027b735edc4f20e23cf27334d0acdc30bcb14edee2d1f334f14ce7f5b06a771e62b32,AUTOSCALING,"'projects/yukpo-project/logs/run.googleapis.com%2Fvarlog%2Fsystem",,"'2026-02-17T10:10:51.130311626Z",,"'yukpo-backend",,,"'europe-west1","'yukpo-project",,"'yukpo-backend-00136-q4b","'yukpo-backend",,,,cloud_run_revision,INFO,,"'Starting new instance. Reason: AUTOSCALING - Instance started due to configured scaling factors (e.g. CPU utilization, request throughput, etc.) or no existing capacity for current traffic.","'2026-02-17T10:10:50.995892Z",,
,10.005859355s,HTTP/1.1,129.0.99.163,POST,2476,"'https://yukpo-backend-376093909298.europe-west1.run.app/api/mobile-logs",501,34.143.72.2,501,"'Yukpo-Mobile/1.0.0",69943eb5000229192651dcee,,,,,,,,,,,,00da6cd2c4a7ac06478b0080d0756895a80ec9706c9a3449bc7998e510980ce6e3377c19fd8f5758e8cc8c6da027b735edc4f20e23cf27334d0acdc30bcb14edee2d1f334f14ce7f5b06a771e62b32,,"'projects/yukpo-project/logs/run.googleapis.com%2Frequests",,"'2026-02-17T10:11:01.304030804Z",,"'yukpo-backend",,,"'europe-west1","'yukpo-project",,"'yukpo-backend-00136-q4b","'yukpo-backend",,,,cloud_run_revision,ERROR,5d0cb4a278aafc42,,"'2026-02-17T10:10:50.993365Z","'projects/yukpo-project/traces/66417a337472344f530f18c378cec119",
,0.000896389s,HTTP/1.1,129.0.99.163,POST,8793,"'https://yukpo-backend-376093909298.europe-west1.run.app/api/mobile-logs",68,34.143.72.2,503,"'Yukpo-Mobile/1.0.0",69943eaa000f198c9307258c,,,,,,,,,,,,00da6cd2c4e5a58525864a7c6750c0a779d698f5714991f6618adb34a6283b26d2ddd1e6cd082e1d94b7de5ff1075043581aa5009ed83e0ef3b5e3460a3b0a54bd068cb4f324c097c1fa6ad3336689,,"'projects/yukpo-project/logs/run.googleapis.com%2Frequests",,"'2026-02-17T10:10:51.314065426Z",,"'yukpo-backend",,,"'europe-west1","'yukpo-project",,"'yukpo-backend-00136-q4b","'yukpo-backend",,,,cloud_run_revision,ERROR,d4e09f03d5bc790a,"'The request failed because either the HTTP response was malformed or connection to the instance had an error. Additional troubleshooting documentation can be found at: https://cloud.google.com/run/docs/troubleshooting#malformed-response-or-connection-error","'2026-02-17T10:10:50.987165Z","'projects/yukpo-project/traces/a4e45f5464c1e7fe530f18c378cecc72",true
,,,,,,,,,,,69943eaa000a21fff7f1f184,,,,,,,,,,,,00da6cd2c4e5a58525864a7c6750c0a779d698f5714991f6618adb34a6283b26d2ddd1e6cd082e1d94b7de5ff1075043581aa5009ed83e0ef3b5e3460a3b0a54bd068cb4f324c097c1fa6ad3336689,,"'projects/yukpo-project/logs/run.googleapis.com%2Fstdout",,"'2026-02-17T10:10:50.978225548Z",,"'yukpo-backend",,,"'europe-west1","'yukpo-project",,"'yukpo-backend-00136-q4b","'yukpo-backend",,,,cloud_run_revision,,,⏳ [WRAPPER] Attente libération du port (5 secondes)...,"'2026-02-17T10:10:50.664063Z",,
,,,,,,,,,,,69943eaa000a184601b04f90,,,,,,,,,,,,00da6cd2c4e5a58525864a7c6750c0a779d698f5714991f6618adb34a6283b26d2ddd1e6cd082e1d94b7de5ff1075043581aa5009ed83e0ef3b5e3460a3b0a54bd068cb4f324c097c1fa6ad3336689,,"'projects/yukpo-project/logs/run.googleapis.com%2Fstdout",,"'2026-02-17T10:10:50.978225548Z",,"'yukpo-backend",,,"'europe-west1","'yukpo-project",,"'yukpo-backend-00136-q4b","'yukpo-backend",,,,cloud_run_revision,,,🛑 [WRAPPER] Arrêt du serveur Python pour libérer le port...,"'2026-02-17T10:10:50.661574Z",,
,,,,,,,,,,,69943eaa0009a3b7bc5255d6,,,,,,,,,,,,00da6cd2c4e5a58525864a7c6750c0a779d698f5714991f6618adb34a6283b26d2ddd1e6cd082e1d94b7de5ff1075043581aa5009ed83e0ef3b5e3460a3b0a54bd068cb4f324c097c1fa6ad3336689,,"'projects/yukpo-project/logs/run.googleapis.com%2Fvarlog%2Fsystem",,"'2026-02-17T10:10:50.796230621Z",,"'yukpo-backend",,,"'europe-west1","'yukpo-project",,"'yukpo-backend-00136-q4b","'yukpo-backend",,,,cloud_run_revision,INFO,,"'STARTUP HTTP probe succeeded after 1 attempt for container ""yukpo-backend-1"" on port 8080 path ""/health"".","'2026-02-17T10:10:50.631735Z",,
,,,,,,,,,,,69943eaa0009a0bd9c9e52ee,,,,,,,,,,,,00da6cd2c4e5a58525864a7c6750c0a779d698f5714991f6618adb34a6283b26d2ddd1e6cd082e1d94b7de5ff1075043581aa5009ed83e0ef3b5e3460a3b0a54bd068cb4f324c097c1fa6ad3336689,,"'projects/yukpo-project/logs/run.googleapis.com%2Fstderr",,"'2026-02-17T10:10:50.637924161Z",,"'yukpo-backend",,,"'europe-west1","'yukpo-project",,"'yukpo-backend-00136-q4b","'yukpo-backend",,,,cloud_run_revision,,,[HEALTH] GET /health HTTP/1.1,"'2026-02-17T10:10:50.630973Z",,
,0.002311351s,HTTP/1.1,129.0.99.163,POST,1476,"'https://yukpo-backend-376093909298.europe-west1.run.app/api/mobile-logs",501,34.143.72.2,501,"'Yukpo-Mobile/1.0.0",69943eaa0009da557a269db7,,,,,,,,,,,,00da6cd2c4e5a58525864a7c6750c0a779d698f5714991f6618adb34a6283b26d2ddd1e6cd082e1d94b7de5ff1075043581aa5009ed83e0ef3b5e3460a3b0a54bd068cb4f324c097c1fa6ad3336689,,"'projects/yukpo-project/logs/run.googleapis.com%2Frequests",,"'2026-02-17T10:10:50.982115718Z",,"'yukpo-backend",,,"'europe-west1","'yukpo-project",,"'yukpo-backend-00136-q4b","'yukpo-backend",,,,cloud_run_revision,ERROR,196e902a493896d2,,"'2026-02-17T10:10:49.540696Z","'projects/yukpo-project/traces/f2796a099cc8aeb8530f18c378cec803",
,0.001469750s,HTTP/1.1,129.0.99.163,POST,2619,"'https://yukpo-backend-376093909298.europe-west1.run.app/api/mobile-logs",501,34.143.72.2,501,"'Yukpo-Mobile/1.0.0",69943eaa0009d80e84e46d3e,,,,,,,,,,,,00da6cd2c4e5a58525864a7c6750c0a779d698f5714991f6618adb34a6283b26d2ddd1e6cd082e1d94b7de5ff1075043581aa5009ed83e0ef3b5e3460a3b0a54bd068cb4f324c097c1fa6ad3336689,,"'projects/yukpo-project/logs/run.googleapis.com%2Frequests",,"'2026-02-17T10:10:50.982115718Z",,"'yukpo-backend",,,"'europe-west1","'yukpo-project",,"'yukpo-backend-00136-q4b","'yukpo-backend",,,,cloud_run_revision,ERROR,70a67e2f38487569,,"'2026-02-17T10:10:48.434957Z","'projects/yukpo-project/traces/b1df83a7f8889f57530f18c378cec215",
,0.002439199s,HTTP/1.1,129.0.99.163,POST,439,"'https://yukpo-backend-376093909298.europe-west1.run.app/api/auth/login",501,34.143.72.2,501,"'Yukpo-Mobile/1.0.0",69943eaa0009db3678362f2b,,,,,,,,,,,,00da6cd2c4e5a58525864a7c6750c0a779d698f5714991f6618adb34a6283b26d2ddd1e6cd082e1d94b7de5ff1075043581aa5009ed83e0ef3b5e3460a3b0a54bd068cb4f324c097c1fa6ad3336689,,"'projects/yukpo-project/logs/run.googleapis.com%2Frequests",,"'2026-02-17T10:10:50.982115718Z",,"'yukpo-backend",,,"'europe-west1","'yukpo-project",,"'yukpo-backend-00136-q4b","'yukpo-backend",,,,cloud_run_revision,ERROR,e01434a951b087d7,,"'2026-02-17T10:10:48.331950Z","'projects/yukpo-project/traces/0bfba715852c986e530f18c378cec26d",
,,,,,,,,,,,69943ea5000a080f311e9192,,,,,,,,,,,,00da6cd2c4e5a58525864a7c6750c0a779d698f5714991f6618adb34a6283b26d2ddd1e6cd082e1d94b7de5ff1075043581aa5009ed83e0ef3b5e3460a3b0a54bd068cb4f324c097c1fa6ad3336689,,"'projects/yukpo-project/logs/run.googleapis.com%2Fstdout",,"'2026-02-17T10:10:45.980958353Z",,"'yukpo-backend",,,"'europe-west1","'yukpo-project",,"'yukpo-backend-00136-q4b","'yukpo-backend",,,,cloud_run_revision,,,⏳ [WRAPPER] Attente que Cloud Run détecte le serveur Python (5 secondes)...,"'2026-02-17T10:10:45.657423Z",,
,,,,,,,,,,,69943ea5000a08034f0f9e06,,,,,,,,,,,,00da6cd2c4e5a58525864a7c6750c0a779d698f5714991f6618adb34a6283b26d2ddd1e6cd082e1d94b7de5ff1075043581aa5009ed83e0ef3b5e3460a3b0a54bd068cb4f324c097c1fa6ad3336689,,"'projects/yukpo-project/logs/run.googleapis.com%2Fstdout",,"'2026-02-17T10:10:45.980958353Z",,"'yukpo-backend",,,"'europe-west1","'yukpo-project",,"'yukpo-backend-00136-q4b","'yukpo-backend",,,,cloud_run_revision,,,"'✅ [WRAPPER] Serveur HTTP minimal prêt, Cloud Run devrait le détecter...","'2026-02-17T10:10:45.657411Z",,
,0.002018232s,HTTP/1.1,129.0.99.163,POST,976,"'https://yukpo-backend-376093909298.europe-west1.run.app/api/mobile-logs",501,34.143.72.2,501,"'Yukpo-Mobile/1.0.0",69943eaa0009d94de85f071e,,,,,,,,,,,,00da6cd2c4e5a58525864a7c6750c0a779d698f5714991f6618adb34a6283b26d2ddd1e6cd082e1d94b7de5ff1075043581aa5009ed83e0ef3b5e3460a3b0a54bd068cb4f324c097c1fa6ad3336689,,"'projects/yukpo-project/logs/run.googleapis.com%2Frequests",,"'2026-02-17T10:10:50.982115718Z",,"'yukpo-backend",,,"'europe-west1","'yukpo-project",,"'yukpo-backend-00136-q4b","'yukpo-backend",,,,cloud_run_revision,ERROR,8c5d4042d71fccf4,,"'2026-02-17T10:10:44.731635Z","'projects/yukpo-project/traces/8edfe7968d3ca014e50f78fa6bdf24c5",
,,,,,,,,,,,69943ea0000ee4c8256c49ca,,,,,,,,,,,,00da6cd2c4e5a58525864a7c6750c0a779d698f5714991f6618adb34a6283b26d2ddd1e6cd082e1d94b7de5ff1075043581aa5009ed83e0ef3b5e3460a3b0a54bd068cb4f324c097c1fa6ad3336689,,"'projects/yukpo-project/logs/run.googleapis.com%2Fstderr",,"'2026-02-17T10:10:41.314109214Z",,"'yukpo-backend",,,"'europe-west1","'yukpo-project",,"'yukpo-backend-00136-q4b","'yukpo-backend",,,,cloud_run_revision,,,✅ [HEALTH] Serveur HTTP minimal prêt sur port 8080,"'2026-02-17T10:10:40.976072Z",,
,,,,,,,,,,,69943ea0000ee0c15daa10da,,,,,,,,,,,,00da6cd2c4e5a58525864a7c6750c0a779d698f5714991f6618adb34a6283b26d2ddd1e6cd082e1d94b7de5ff1075043581aa5009ed83e0ef3b5e3460a3b0a54bd068cb4f324c097c1fa6ad3336689,,"'projects/yukpo-project/logs/run.googleapis.com%2Fstderr",,"'2026-02-17T10:10:40.977969664Z",,"'yukpo-backend",,,"'europe-west1","'yukpo-project",,"'yukpo-backend-00136-q4b","'yukpo-backend",,,,cloud_run_revision,,,🚀 [HEALTH] Démarrage serveur HTTP minimal Python sur port 8080...,"'2026-02-17T10:10:40.975041Z",,
,,,,,,,,,,,69943ea00009f0157ab97e52,,,,,,,,,,,,00da6cd2c4e5a58525864a7c6750c0a779d698f5714991f6618adb34a6283b26d2ddd1e6cd082e1d94b7de5ff1075043581aa5009ed83e0ef3b5e3460a3b0a54bd068cb4f324c097c1fa6ad3336689,,"'projects/yukpo-project/logs/run.googleapis.com%2Fstdout",,"'2026-02-17T10:10:40.986382137Z",,"'yukpo-backend",,,"'europe-west1","'yukpo-project",,"'yukpo-backend-00136-q4b","'yukpo-backend",,,,cloud_run_revision,,,✅ [WRAPPER] Serveur HTTP minimal démarré (PID: 3),"'2026-02-17T10:10:40.651285Z",,
,,,,,,,,,,,69943ea00009ecbbcbf54c2c,,,,,,,,,,,,00da6cd2c4e5a58525864a7c6750c0a779d698f5714991f6618adb34a6283b26d2ddd1e6cd082e1d94b7de5ff1075043581aa5009ed83e0ef3b5e3460a3b0a54bd068cb4f324c097c1fa6ad3336689,,"'projects/yukpo-project/logs/run.googleapis.com%2Fstdout",,"'2026-02-17T10:10:40.656704135Z",,"'yukpo-backend",,,"'europe-west1","'yukpo-project",,"'yukpo-backend-00136-q4b","'yukpo-backend",,,,cloud_run_revision,,,🚀 [WRAPPER] Démarrage serveur HTTP minimal Python...,"'2026-02-17T10:10:40.650427Z",,
,,,,,,,,,,,69943ea00009eca5f03f0dfa,,,,,,,,,,,,00da6cd2c4e5a58525864a7c6750c0a779d698f5714991f6618adb34a6283b26d2ddd1e6cd082e1d94b7de5ff1075043581aa5009ed83e0ef3b5e3460a3b0a54bd068cb4f324c097c1fa6ad3336689,,"'projects/yukpo-project/logs/run.googleapis.com%2Fstdout",,"'2026-02-17T10:10:40.656704135Z",,"'yukpo-backend",,,"'europe-west1","'yukpo-project",,"'yukpo-backend-00136-q4b","'yukpo-backend",,,,cloud_run_revision,,,🚀 [WRAPPER] Démarrage wrapper Cloud Run...,"'2026-02-17T10:10:40.650405Z",,
,,,,,,,,,,,69943ea000072cc769f54f28,,,,,,,,,,,,00da6cd2c4e5a58525864a7c6750c0a779d698f5714991f6618adb34a6283b26d2ddd1e6cd082e1d94b7de5ff1075043581aa5009ed83e0ef3b5e3460a3b0a54bd068cb4f324c097c1fa6ad3336689,AUTOSCALING,"'projects/yukpo-project/logs/run.googleapis.com%2Fvarlog%2Fsystem",,"'2026-02-17T10:10:40.473474923Z",,"'yukpo-backend",,,"'europe-west1","'yukpo-project",,"'yukpo-backend-00136-q4b","'yukpo-backend",,,,cloud_run_revision,INFO,,"'Starting new instance. Reason: AUTOSCALING - Instance started due to configured scaling factors (e.g. CPU utilization, request throughput, etc.) or no existing capacity for current traffic.","'2026-02-17T10:10:40.470215Z",,
,10.010521989s,HTTP/1.1,129.0.99.163,POST,6480,"'https://yukpo-backend-376093909298.europe-west1.run.app/api/mobile-logs",501,34.143.72.2,501,"'Yukpo-Mobile/1.0.0",69943eaa0009d07eea365373,,,,,,,,,,,,00da6cd2c4e5a58525864a7c6750c0a779d698f5714991f6618adb34a6283b26d2ddd1e6cd082e1d94b7de5ff1075043581aa5009ed83e0ef3b5e3460a3b0a54bd068cb4f324c097c1fa6ad3336689,,"'projects/yukpo-project/logs/run.googleapis.com%2Frequests",,"'2026-02-17T10:10:50.648022782Z",,"'yukpo-backend",,,"'europe-west1","'yukpo-project",,"'yukpo-backend-00136-q4b","'yukpo-backend",,,,cloud_run_revision,ERROR,805c2a3cb8c13b1f,,"'2026-02-17T10:10:40.464515Z","'projects/yukpo-project/traces/809c9de0611bce0ce50f78fa6bdf232e",true
,,,,,,,,,,,"'s=e3fcb03b85694b119ad1af4021701853;i=52d97;b=6f99b7b3339f45a2998945324705e480;m=35ef8aa5dc;t=64b0248426e3f;x=70fd014b8df16ea7-0@a1",,,,,,,"'2-2b8ac77d-efeb-4ce6-b999-76f190471c46",54,376093909298,38333938656539376533323835643864e3b0c442,,,,"'projects/yukpo-project/logs/cloudsql.googleapis.com%2Fpostgres.log",,"'2026-02-17T10:11:41.861567771Z",,,"'yukpo-project:yukpo-db",,,"'yukpo-project",europe,,,,,,cloudsql_database,INFO,,"'2026-02-17 10:10:34.594 UTC [143153]: [2-1] db=,user= LOG:  automatic analyze of table ""cloudsqladmin.public.heartbeat""
avg read rate: 0.000 MB/s, avg write rate: 1.953 MB/s
buffer usage: 175 hits, 0 misses, 1 dirtied
system usage: CPU: user: 0.00 s, system: 0.00 s, elapsed: 0.00 s","'2026-02-17T10:10:34.594879Z",,
,,,,,,,,,,,"'s=e3fcb03b85694b119ad1af4021701853;i=52d8d;b=6f99b7b3339f45a2998945324705e480;m=35ef8a980f;t=64b0248426072;x=29eede4180ef18e3-0@a1",,,,,,,"'2-2b8ac77d-efeb-4ce6-b999-76f190471c46",54,376093909298,38333938656539376533323835643864e3b0c442,,,,"'projects/yukpo-project/logs/cloudsql.googleapis.com%2Fpostgres.log",,"'2026-02-17T10:10:47.239147055Z",,,"'yukpo-project:yukpo-db",,,"'yukpo-project",europe,,,,,,cloudsql_database,INFO,,"'2026-02-17 10:10:34.590 UTC [143153]: [1-1] db=,user= LOG:  automatic vacuum of table ""cloudsqladmin.public.heartbeat"": index scans: 0
pages: 0 removed, 1 remain, 1 scanned (100.00% of total)
tuples: 60 removed, 1 remain, 0 are dead but not yet removable
removable cutoff: 47736, which was 0 XIDs old when operation ended
new relfrozenxid: 47735, which is 61 XIDs ahead of previous value
index scan not needed: 0 pages from table (0.00% of total) had 0 dead item identifiers removed
avg read rate: 0.000 MB/s, avg write rate: 38.297 MB/s
buffer usage: 41 hits, 0 misses, 1 dirtied
WAL usage: 1 records, 1 full page images, 5413 bytes
system usage: CPU: user: 0.00 s, system: 0.00 s, elapsed: 0.00 s","'2026-02-17T10:10:34.591346Z",,
true,0.027039s,HTTP/1.1,34.78.53.31,GET,189,http://34.54.117.97/,441,,403,"'Mozilla/5.0 (Windows NT 10.0; Win64; x64) AppleWebKit/537.36 (KHTML, like Gecko) Chrome/127.0.0.0 Safari/537.36",v4njkcf8oh4xv,type.googleapis.com/google.cloud.loadbalancing.type.LoadBalancerLogEntry,projects/376093909298,"'[""RESPONSE_HAS_CACHE_CONTROL"",""RESPONSE_CACHE_CONTROL_DISALLOWED_CACHING"",""RESPONSE_HAS_EXPIRES"",""RESPONSE_HAS_CONTENT_TYPE"",""CACHE_MODE_CACHE_ALL_STATIC""]",BRU,34.78.53.31,response_sent_by_backend,,,,,,,,"'projects/yukpo-project/logs/requests",,"'2026-02-17T10:09:54.285941734Z","'yukpo-project-yukpo-backend-media-cdn-backend",,,"'yukpo-cdn-forwarding-rule",,"'yukpo-project",,,,"'yukpo-cdn-http-proxy","'yukpo-cdn-url-map",global,http_load_balancer,WARNING,b89a04520abc5f87,,"'2026-02-17T10:09:51.764917Z","'projects/yukpo-project/traces/bb82907bbfb014533a05aaf20c149142",
,,,,,,,,,,,"'s=67945bb738ad4a2fab406482c550b6a5;i=6ef8a;b=bc0eac41248a4c87997dd5939075e6dc;m=2a210ff4c7;t=64b0244377e58;x=80b5555612a1c698-0@a4",,,,,,,"'2-24deff79-2f6f-49c3-9eee-896d1e18cfbd",45,376093909298,66613735376565636264363463326266e3b0c442,,,,"'projects/yukpo-project/logs/cloudsql.googleapis.com%2Fpostgres.log",,"'2026-02-17T10:10:21.279286335Z",,,"'yukpo-project:yukpo-postgres",,,"'yukpo-project",europe,,,,,,cloudsql_database,INFO,,"'2026-02-17 10:09:40.456 UTC [119506]: [2-1] db=,user= LOG:  automatic analyze of table ""cloudsqladmin.public.heartbeat""
avg read rate: 0.000 MB/s, avg write rate: 1.302 MB/s
buffer usage: 175 hits, 0 misses, 1 dirtied
system usage: CPU: user: 0.00 s, system: 0.00 s, elapsed: 0.00 s","'2026-02-17T10:09:40.456956Z",,
,,,,,,,,,,,"'s=67945bb738ad4a2fab406482c550b6a5;i=6ef8a;b=bc0eac41248a4c87997dd5939075e6dc;m=2a210ff4c7;t=64b0244377e58;x=80b5555612a1c698-0@a3",,,,,,,"'2-24deff79-2f6f-49c3-9eee-896d1e18cfbd",45,376093909298,66613735376565636264363463326266e3b0c442,,,,"'projects/yukpo-project/logs/cloudsql.googleapis.com%2Fpostgres.log",,"'2026-02-17T10:10:21.279286335Z",,,"'yukpo-project:yukpo-postgres",,,"'yukpo-project",europe,,,,,,cloudsql_database,INFO,,"'2026-02-17 10:09:40.450 UTC [119506]: [1-1] db=,user= LOG:  automatic vacuum of table ""cloudsqladmin.public.heartbeat"": index scans: 0
pages: 0 removed, 1 remain, 1 scanned (100.00% of total)
tuples: 60 removed, 1 remain, 0 are dead but not yet removable
removable cutoff: 39968, which was 0 XIDs old when operation ended
new relfrozenxid: 39967, which is 61 XIDs ahead of previous value
index scan not needed: 0 pages from table (0.00% of total) had 0 dead item identifiers removed
avg read rate: 0.000 MB/s, avg write rate: 37.742 MB/s
buffer usage: 41 hits, 0 misses, 1 dirtied
WAL usage: 1 records, 1 full page images, 5413 bytes
system usage: CPU: user: 0.00 s, system: 0.00 s, elapsed: 0.00 s","'2026-02-17T10:09:40.450707Z",,