timestamp,message
1769795523654,🚀 Démarrage de Yukpomnang Backend - AWS Cloud...
1769795523654,🔍 Vérification de la connectivité à la base de données AWS RDS...
1769795523729,172.31.32.166:5432 - accepting connections
1769795523730,✅ Base de données AWS RDS accessible
1769795523744,🔍 Vérification de la connectivité Redis (AWS ElastiCache)...
1769795524343,⏳ En attente de Redis (AWS ElastiCache)... (tentative 1/3)
1769795526968,⏳ En attente de Redis (AWS ElastiCache)... (tentative 2/3)
1769795529564,⏳ En attente de Redis (AWS ElastiCache)... (tentative 3/3)
1769795531565,"⚠️ WARNING: Redis non accessible après 3 tentatives, l'application continuera sans cache Redis"
1769795531565,ℹ️ Migrations ignorées (RUN_MIGRATIONS != true)
1769795531565,⚙️ Mode CPU activé (standard AWS Fargate)
1769795531565,⚡ Optimisation des paramètres système pour AWS...
1769795531565,📊 Informations système:
1769795531566,   - CPU: 2 cores
1769795531567,   - Mémoire: 3710 MiB
1769795531567,   - Port: 3001
1769795531567,   - Host: 0.0.0.0
1769795531567,   - Environnement: production
1769795531567,   - Région AWS: us-east-1
1769795531709,🚀 Lancement de l'application backend...
1769795531709,   Command: ./yukpomnang_backend
1769795531709,   Port: 3001
1769795531709,   Host: 0.0.0.0
1769795531709,   Log Level: info
1769795531709,   APP_ENV: production
1769795531709,   DATABASE_URL: postgresql://yukpo_db_user:3NK... (présent)
1769795531709,   REDIS_URL: présentrediss://default:ASMJAAImcDIxMmNlMGQ2Y2VmODE0NWU3OTA2ZWE2NThmOTIwNWZiZnAyODk2OQ@quiet-crawdad-8969.upstash.io:6379
1769795531709,   JWT_SECRET: présent0c37c2b6ac75e4fff6c9339c3bdcdd81
1769795531713,[2m2026-01-30T17:52:11.713624Z[0m [32m INFO[0m [2myukpomnang_backend[0m[2m:[0m 🔍 [STARTUP] Démarrage application - Version: 0.1.0
1769795531713,"[2m2026-01-30T17:52:11.713656Z[0m [32m INFO[0m [2myukpomnang_backend[0m[2m:[0m 🔍 [STARTUP] Current working directory: Ok(""/app"")"
1769795531713,[2m2026-01-30T17:52:11.713671Z[0m [32m INFO[0m [2myukpomnang_backend[0m[2m:[0m 🔍 [STARTUP] SQLX_OFFLINE au runtime: None
1769795531713,[2m2026-01-30T17:52:11.713690Z[0m [32m INFO[0m [2myukpomnang_backend[0m[2m:[0m 🔧 Paramètre sslmode=require ajouté à DATABASE_URL (requis pour Render PostgreSQL)
1769795531713,[2m2026-01-30T17:52:11.713850Z[0m [32m INFO[0m [2myukpomnang_backend[0m[2m:[0m 🔌 Connexion à la base de données PostgreSQL...
1769795532000,[2m2026-01-30T17:52:12.000483Z[0m [32m INFO[0m [2myukpomnang_backend[0m[2m:[0m ✅ Connexion PostgreSQL établie (tentative 1/3)
1769795532000,"[2m2026-01-30T17:52:12.000502Z[0m [32m INFO[0m [2myukpomnang_backend[0m[2m:[0m ✅ Connexion PostgreSQL établie (pool: max=100, min=20, acquire_timeout=30s)"
1769795532036,"[2m2026-01-30T17:52:12.036253Z[0m [32m INFO[0m [2myukpomnang_backend[0m[2m:[0m ✅ Pool PostgreSQL longues opérations créé (max=10, min=2)"
1769795532036,[2m2026-01-30T17:52:12.036273Z[0m [32m INFO[0m [2myukpomnang_backend[0m[2m:[0m ℹ️ Read replica PostgreSQL non configuré (DATABASE_READ_REPLICA_URL) - Utilisation du master pour toutes les opérations
1769795532036,[2m2026-01-30T17:52:12.036277Z[0m [32m INFO[0m [2myukpomnang_backend[0m[2m:[0m 🔥 Pré-chauffage du pool de connexions...
1769795532036,[2m2026-01-30T17:52:12.036308Z[0m [32m INFO[0m [2myukpomnang_backend[0m[2m:[0m 🚀 Application des migrations SQLx standard...
1769795532036,[2m2026-01-30T17:52:12.036322Z[0m [32m INFO[0m [2myukpomnang_backend[0m[2m:[0m 🔍 [DIAGNOSTIC] SQLX_OFFLINE au runtime: None
1769795532036,"[2m2026-01-30T17:52:12.036336Z[0m [32m INFO[0m [2myukpomnang_backend[0m[2m:[0m 🔍 [DIAGNOSTIC] Current working directory: Ok(""/app"")"
1769795532036,[2m2026-01-30T17:52:12.036347Z[0m [32m INFO[0m [2myukpomnang_backend[0m[2m:[0m 🔍 [DIAGNOSTIC] Pool de connexions créé avec succès
1769795532036,[2m2026-01-30T17:52:12.036427Z[0m [32m INFO[0m [2myukpomnang_backend[0m[2m:[0m 📁 Dossier migrations trouvé: /app/migrations
1769795532046,[2m2026-01-30T17:52:12.046694Z[0m [32m INFO[0m [2myukpomnang_backend[0m[2m:[0m 📊 Migrations déjà appliquées: 0
1769795532046,[2m2026-01-30T17:52:12.046710Z[0m [32m INFO[0m [2myukpomnang_backend[0m[2m:[0m 🔍 [DIAGNOSTIC] Avant application des migrations - Chemin: ./migrations
1769795532046,[2m2026-01-30T17:52:12.046714Z[0m [32m INFO[0m [2myukpomnang_backend[0m[2m:[0m 🔍 [DIAGNOSTIC] Vérification existence dossier migrations...
1769795532046,[2m2026-01-30T17:52:12.046725Z[0m [32m INFO[0m [2myukpomnang_backend[0m[2m:[0m 🔍 [DIAGNOSTIC] Dossier ./migrations existe: true
1769795532046,[2m2026-01-30T17:52:12.046734Z[0m [32m INFO[0m [2myukpomnang_backend[0m[2m:[0m 🔄 [MIGRATIONS CORRECTION] Application FORCÉE des migrations de correction AVANT la migration 0...
1769795532046,[2m2026-01-30T17:52:12.046738Z[0m [32m INFO[0m [2myukpomnang_backend[0m[2m:[0m 💡 Cette approche garantit que les corrections sont en place avant que la migration 0 ne crée des objets
1769795532046,"[2m2026-01-30T17:52:12.046741Z[0m [32m INFO[0m [2myukpomnang_backend[0m[2m:[0m 🔍 [MIGRATION CORRECTION 002] Fichier chargé, taille: 12867 caractères"
1769795532070,"[2m2026-01-30T17:52:12.069974Z[0m [32m INFO[0m [2msqlx::postgres::notice[0m[2m:[0m relation ""conversations"" already exists, skipping"
1769795532076,[2m2026-01-30T17:52:12.076746Z[0m [32m INFO[0m [2myukpomnang_backend[0m[2m:[0m ✅ Pool pré-chauffé: 20/20 connexions prêtes
1769795532080,"[2m2026-01-30T17:52:12.079977Z[0m [32m INFO[0m [2msqlx::postgres::notice[0m[2m:[0m relation ""pharmacy_order_items"" already exists, skipping"
1769795532082,"[2m2026-01-30T17:52:12.082381Z[0m [32m INFO[0m [2msqlx::postgres::notice[0m[2m:[0m relation ""pharmacy_reservations"" already exists, skipping"
1769795532163,"[2m2026-01-30T17:52:12.163700Z[0m [32m INFO[0m [2msqlx::postgres::notice[0m[2m:[0m function hybrid_image_search(text,text,pg_catalog.int4,pg_catalog.int4) does not exist, skipping"
1769795532163,"[2m2026-01-30T17:52:12.163833Z[0m [32m INFO[0m [2msqlx::postgres::notice[0m[2m:[0m function hybrid_image_search(text,text,pg_catalog.int4) does not exist, skipping"
1769795532163,"[2m2026-01-30T17:52:12.163843Z[0m [32m INFO[0m [2msqlx::postgres::notice[0m[2m:[0m function hybrid_image_search(text,text) does not exist, skipping"
1769795532163,"[2m2026-01-30T17:52:12.163884Z[0m [32m INFO[0m [2msqlx::postgres::notice[0m[2m:[0m function hybrid_image_search(text) does not exist, skipping"
1769795532175,[2m2026-01-30T17:52:12.175128Z[0m [32m INFO[0m [2myukpomnang_backend[0m[2m:[0m ✅ [MIGRATION CORRECTION 002] Migration de correction appliquée avec succès
1769795532175,"[2m2026-01-30T17:52:12.175200Z[0m [32m INFO[0m [2myukpomnang_backend[0m[2m:[0m 🔍 [MIGRATION CORRECTION 003] Fichier chargé, taille: 9906 caractères"
1769795532238,"[2m2026-01-30T17:52:12.238325Z[0m [32m INFO[0m [2msqlx::postgres::notice[0m[2m:[0m trigger ""trigger_update_user_documents_updated_at"" for relation ""user_documents"" does not exist, skipping"
1769795532238,[2m2026-01-30T17:52:12.238479Z[0m [32m INFO[0m [2myukpomnang_backend[0m[2m:[0m ✅ [MIGRATION CORRECTION 003] Migration de correction appliquée avec succès
1769795532238,"[2m2026-01-30T17:52:12.238541Z[0m [32m INFO[0m [2myukpomnang_backend[0m[2m:[0m 🔍 [MIGRATION CORRECTION 004] Fichier chargé, taille: 18019 caractères"
1769795532264,"[2m2026-01-30T17:52:12.264862Z[0m [32m INFO[0m [2msqlx::postgres::notice[0m[2m:[0m trigger ""trigger_update_user_documents_updated_at"" for relation ""user_documents"" does not exist, skipping"
1769795532273,"[2m2026-01-30T17:52:12.273764Z[0m [32m INFO[0m [2msqlx::postgres::notice[0m[2m:[0m relation ""conversations"" already exists, skipping"
1769795532297,"[2m2026-01-30T17:52:12.297033Z[0m [32m INFO[0m [2msqlx::postgres::notice[0m[2m:[0m function get_product_reactions_count(pg_catalog.int4,text) does not exist, skipping"
1769795532298,"[2m2026-01-30T17:52:12.298668Z[0m [32m INFO[0m [2msqlx::postgres::notice[0m[2m:[0m function cleanup_expired_cache() does not exist, skipping"
1769795532305,"[2m2026-01-30T17:52:12.305267Z[0m [32m INFO[0m [2msqlx::postgres::notice[0m[2m:[0m relation ""pharmacy_order_items"" already exists, skipping"
1769795532307,"[2m2026-01-30T17:52:12.307542Z[0m [32m INFO[0m [2msqlx::postgres::notice[0m[2m:[0m relation ""pharmacy_reservations"" already exists, skipping"
1769795532367,[2m2026-01-30T17:52:12.367802Z[0m [32m INFO[0m [2myukpomnang_backend[0m[2m:[0m ✅ [MIGRATION CORRECTION 004] Migration de correction FINALE appliquée avec succès
1769795532367,[2m2026-01-30T17:52:12.367828Z[0m [32m INFO[0m [2myukpomnang_backend[0m[2m:[0m 🔄 [MIGRATION 0] Application de la migration 0 via execute_multiple_sql_commands (APRÈS les corrections)...
1769795532367,"[2m2026-01-30T17:52:12.367852Z[0m [32m INFO[0m [2myukpomnang_backend[0m[2m:[0m 🔍 [MIGRATION 0] Fichier chargé, taille: 235634 caractères"
1769795532370,"[2m2026-01-30T17:52:12.370264Z[0m [32m INFO[0m [2myukpomnang_backend[0m[2m:[0m 🔄 [MIGRATION 0] Migration 0 non trouvée dans _sqlx_migrations, application via execute_multiple_sql_commands..."
1769795532374,"[2m2026-01-30T17:52:12.373996Z[0m [32m INFO[0m [2msqlx::postgres::notice[0m[2m:[0m extension ""uuid-ossp"" already exists, skipping"
1769795532376,"[2m2026-01-30T17:52:12.376434Z[0m [32m INFO[0m [2msqlx::postgres::notice[0m[2m:[0m extension ""pg_trgm"" already exists, skipping"
1769795532378,"[2m2026-01-30T17:52:12.378740Z[0m [32m INFO[0m [2msqlx::postgres::notice[0m[2m:[0m extension ""unaccent"" already exists, skipping"
1769795532380,"[2m2026-01-30T17:52:12.380898Z[0m [32m INFO[0m [2msqlx::postgres::notice[0m[2m:[0m extension ""pgcrypto"" already exists, skipping"
1769795532383,"[2m2026-01-30T17:52:12.383552Z[0m [32m INFO[0m [2msqlx::postgres::notice[0m[2m:[0m extension ""postgis"" already exists, skipping"
1769795532386,"[2m2026-01-30T17:52:12.386174Z[0m [32m INFO[0m [2msqlx::postgres::notice[0m[2m:[0m extension ""vector"" already exists, skipping"
1769795532386,[2m2026-01-30T17:52:12.386412Z[0m [32m INFO[0m [2msqlx::postgres::notice[0m[2m:[0m ✅ Extension pgvector installée avec succès
1769795532388,"[2m2026-01-30T17:52:12.388723Z[0m [32m INFO[0m [2msqlx::postgres::notice[0m[2m:[0m relation ""users"" already exists, skipping"
1769795532395,"[2m2026-01-30T17:52:12.394996Z[0m [32m INFO[0m [2msqlx::postgres::notice[0m[2m:[0m relation ""user_documents"" already exists, skipping"
1769795532397,"[2m2026-01-30T17:52:12.397435Z[0m [32m INFO[0m [2msqlx::postgres::notice[0m[2m:[0m relation ""idx_user_documents_user_id"" already exists, skipping"
1769795532399,"[2m2026-01-30T17:52:12.399841Z[0m [32m INFO[0m [2msqlx::postgres::notice[0m[2m:[0m relation ""idx_user_documents_status"" already exists, skipping"
1769795532402,"[2m2026-01-30T17:52:12.402250Z[0m [32m INFO[0m [2msqlx::postgres::notice[0m[2m:[0m relation ""idx_user_documents_type"" already exists, skipping"
1769795532404,"[2m2026-01-30T17:52:12.404644Z[0m [32m INFO[0m [2msqlx::postgres::notice[0m[2m:[0m relation ""idx_user_documents_user_status"" already exists, skipping"
1769795532409,"[2m2026-01-30T17:52:12.409887Z[0m [32m INFO[0m [2msqlx::postgres::notice[0m[2m:[0m trigger ""trigger_update_user_documents_updated_at"" for relation ""user_documents"" does not exist, skipping"
1769795532430,"[2m2026-01-30T17:52:12.430269Z[0m [32m INFO[0m [2msqlx::postgres::notice[0m[2m:[0m relation ""services"" already exists, skipping"
1769795532432,"[2m2026-01-30T17:52:12.432556Z[0m [32m INFO[0m [2msqlx::postgres::notice[0m[2m:[0m relation ""media"" already exists, skipping"
1769795532441,"[2m2026-01-30T17:52:12.441916Z[0m [32m INFO[0m [2msqlx::postgres::notice[0m[2m:[0m relation ""idx_media_product_id"" already exists, skipping"
1769795532444,"[2m2026-01-30T17:52:12.444469Z[0m [32m INFO[0m [2msqlx::postgres::notice[0m[2m:[0m relation ""idx_media_product_index"" already exists, skipping"
1769795532446,"[2m2026-01-30T17:52:12.446819Z[0m [32m INFO[0m [2msqlx::postgres::notice[0m[2m:[0m relation ""idx_media_service_product"" already exists, skipping"
1769795532449,"[2m2026-01-30T17:52:12.449521Z[0m [32m INFO[0m [2msqlx::postgres::notice[0m[2m:[0m relation ""idx_media_main_image"" already exists, skipping"
1769795532451,"[2m2026-01-30T17:52:12.451972Z[0m [32m INFO[0m [2msqlx::postgres::notice[0m[2m:[0m relation ""idx_media_product_display"" already exists, skipping"
1769795532454,"[2m2026-01-30T17:52:12.454407Z[0m [32m INFO[0m [2msqlx::postgres::notice[0m[2m:[0m relation ""idx_media_ai_description_fulltext"" already exists, skipping"
1769795532456,"[2m2026-01-30T17:52:12.456780Z[0m [32m INFO[0m [2msqlx::postgres::notice[0m[2m:[0m relation ""idx_media_ai_tags_gin"" already exists, skipping"
1769795532459,"[2m2026-01-30T17:52:12.459148Z[0m [32m INFO[0m [2msqlx::postgres::notice[0m[2m:[0m relation ""idx_media_ai_category"" already exists, skipping"
1769795532461,"[2m2026-01-30T17:52:12.461430Z[0m [32m INFO[0m [2msqlx::postgres::notice[0m[2m:[0m relation ""idx_media_ai_metadata_gin"" already exists, skipping"
1769795532494,"[2m2026-01-30T17:52:12.494799Z[0m [32m INFO[0m [2msqlx::postgres::notice[0m[2m:[0m relation ""google_places_data"" already exists, skipping"
1769795532497,"[2m2026-01-30T17:52:12.497326Z[0m [32m INFO[0m [2msqlx::postgres::notice[0m[2m:[0m relation ""idx_google_places_data_service_id"" already exists, skipping"
1769795532500,"[2m2026-01-30T17:52:12.500510Z[0m [32m INFO[0m [2msqlx::postgres::notice[0m[2m:[0m relation ""idx_google_places_data_place_id"" already exists, skipping"
1769795532503,"[2m2026-01-30T17:52:12.503036Z[0m [32m INFO[0m [2msqlx::postgres::notice[0m[2m:[0m relation ""idx_google_places_data_location_vector"" already exists, skipping"
1769795532505,"[2m2026-01-30T17:52:12.505329Z[0m [32m INFO[0m [2msqlx::postgres::notice[0m[2m:[0m relation ""idx_google_places_data_types"" already exists, skipping"
1769795532507,"[2m2026-01-30T17:52:12.507623Z[0m [32m INFO[0m [2msqlx::postgres::notice[0m[2m:[0m relation ""idx_google_places_data_cuisine"" already exists, skipping"
1769795532523,"[2m2026-01-30T17:52:12.523740Z[0m [32m INFO[0m [2msqlx::postgres::notice[0m[2m:[0m relation ""consultation_historique"" already exists, skipping"
1769795532525,"[2m2026-01-30T17:52:12.525944Z[0m [32m INFO[0m [2msqlx::postgres::notice[0m[2m:[0m relation ""token_packs"" already exists, skipping"
1769795532528,"[2m2026-01-30T17:52:12.528189Z[0m [32m INFO[0m [2msqlx::postgres::notice[0m[2m:[0m relation ""service_logs"" already exists, skipping"
1769795532530,"[2m2026-01-30T17:52:12.530440Z[0m [32m INFO[0m [2msqlx::postgres::notice[0m[2m:[0m relation ""payment_transactions"" already exists, skipping"
1769795532533,"[2m2026-01-30T17:52:12.533068Z[0m [32m INFO[0m [2msqlx::postgres::notice[0m[2m:[0m relation ""token_transactions"" already exists, skipping"
1769795532535,"[2m2026-01-30T17:52:12.535585Z[0m [32m INFO[0m [2msqlx::postgres::notice[0m[2m:[0m relation ""idx_payment_transactions_user_id"" already exists, skipping"
1769795532537,"[2m2026-01-30T17:52:12.537946Z[0m [32m INFO[0m [2msqlx::postgres::notice[0m[2m:[0m relation ""idx_payment_transactions_status"" already exists, skipping"
1769795532540,"[2m2026-01-30T17:52:12.540290Z[0m [32m INFO[0m [2msqlx::postgres::notice[0m[2m:[0m relation ""idx_payment_transactions_created_at"" already exists, skipping"
1769795532542,"[2m2026-01-30T17:52:12.542874Z[0m [32m INFO[0m [2msqlx::postgres::notice[0m[2m:[0m relation ""idx_token_transactions_user_id"" already exists, skipping"
1769795532545,"[2m2026-01-30T17:52:12.545640Z[0m [32m INFO[0m [2msqlx::postgres::notice[0m[2m:[0m relation ""idx_token_transactions_type"" already exists, skipping"
1769795532548,"[2m2026-01-30T17:52:12.548179Z[0m [32m INFO[0m [2msqlx::postgres::notice[0m[2m:[0m relation ""autocomplete_characteristics"" already exists, skipping"
1769795532550,"[2m2026-01-30T17:52:12.550596Z[0m [32m INFO[0m [2msqlx::postgres::notice[0m[2m:[0m relation ""idx_autocomplete_identifiant_base"" already exists, skipping"
1769795532553,"[2m2026-01-30T17:52:12.553226Z[0m [32m INFO[0m [2msqlx::postgres::notice[0m[2m:[0m relation ""idx_autocomplete_sous_caracteristique"" already exists, skipping"
1769795532555,"[2m2026-01-30T17:52:12.555569Z[0m [32m INFO[0m [2msqlx::postgres::notice[0m[2m:[0m relation ""idx_autocomplete_base_sous"" already exists, skipping"
1769795532557,"[2m2026-01-30T17:52:12.557872Z[0m [32m INFO[0m [2msqlx::postgres::notice[0m[2m:[0m relation ""idx_autocomplete_valeur_lower"" already exists, skipping"
1769795532560,"[2m2026-01-30T17:52:12.560321Z[0m [32m INFO[0m [2msqlx::postgres::notice[0m[2m:[0m relation ""idx_autocomplete_origine"" already exists, skipping"
1769795532562,"[2m2026-01-30T17:52:12.562642Z[0m [32m INFO[0m [2msqlx::postgres::notice[0m[2m:[0m relation ""idx_autocomplete_usage_count"" already exists, skipping"
1769795532565,"[2m2026-01-30T17:52:12.564963Z[0m [32m INFO[0m [2msqlx::postgres::notice[0m[2m:[0m relation ""idx_autochar_characteristic_vector_gin"" already exists, skipping"
1769795532567,"[2m2026-01-30T17:52:12.567224Z[0m [32m INFO[0m [2msqlx::postgres::notice[0m[2m:[0m relation ""idx_autochar_location_vector_gin"" already exists, skipping"
1769795532569,"[2m2026-01-30T17:52:12.569685Z[0m [32m INFO[0m [2msqlx::postgres::notice[0m[2m:[0m relation ""idx_autochar_full_vector_gin"" already exists, skipping"
1769795532572,"[2m2026-01-30T17:52:12.572211Z[0m [32m INFO[0m [2msqlx::postgres::notice[0m[2m:[0m relation ""idx_autochar_product_id"" already exists, skipping"
1769795532574,"[2m2026-01-30T17:52:12.574572Z[0m [32m INFO[0m [2msqlx::postgres::notice[0m[2m:[0m relation ""idx_autochar_geoname_id"" already exists, skipping"
1769795532577,"[2m2026-01-30T17:52:12.576959Z[0m [32m INFO[0m [2msqlx::postgres::notice[0m[2m:[0m relation ""idx_autochar_location_usage"" already exists, skipping"
1769795532579,"[2m2026-01-30T17:52:12.579450Z[0m [32m INFO[0m [2msqlx::postgres::notice[0m[2m:[0m relation ""idx_autocomplete_real_product_composite"" already exists, skipping"
1769795532582,"[2m2026-01-30T17:52:12.582203Z[0m [32m INFO[0m [2msqlx::postgres::notice[0m[2m:[0m relation ""idx_autocomplete_relevance_sort"" already exists, skipping"
1769795532585,"[2m2026-01-30T17:52:12.585037Z[0m [32m INFO[0m [2msqlx::postgres::notice[0m[2m:[0m relation ""idx_autocomplete_full_vector_gin_filtered"" already exists, skipping"
1769795532587,"[2m2026-01-30T17:52:12.587673Z[0m [32m INFO[0m [2msqlx::postgres::notice[0m[2m:[0m relation ""idx_autocomplete_chosen_location_filtered"" already exists, skipping"
1769795532595,"[2m2026-01-30T17:52:12.595044Z[0m [32m INFO[0m [2msqlx::postgres::notice[0m[2m:[0m relation ""autocomplete_combinations"" already exists, skipping"
1769795532597,"[2m2026-01-30T17:52:12.597539Z[0m [32m INFO[0m [2msqlx::postgres::notice[0m[2m:[0m relation ""idx_combinations_session"" already exists, skipping"
1769795532599,"[2m2026-01-30T17:52:12.599808Z[0m [32m INFO[0m [2msqlx::postgres::notice[0m[2m:[0m relation ""idx_combinations_usage_count"" already exists, skipping"
1769795532602,"[2m2026-01-30T17:52:12.602213Z[0m [32m INFO[0m [2msqlx::postgres::notice[0m[2m:[0m relation ""idx_combinations_variant"" already exists, skipping"
1769795532604,"[2m2026-01-30T17:52:12.604515Z[0m [32m INFO[0m [2msqlx::postgres::notice[0m[2m:[0m relation ""idx_combinations_product_vector_gin"" already exists, skipping"
1769795532606,"[2m2026-01-30T17:52:12.606813Z[0m [32m INFO[0m [2msqlx::postgres::notice[0m[2m:[0m relation ""idx_combinations_full_vector_gin"" already exists, skipping"
1769795532614,"[2m2026-01-30T17:52:12.613988Z[0m [32m INFO[0m [2msqlx::postgres::notice[0m[2m:[0m relation ""service_products"" already exists, skipping"
1769795532616,"[2m2026-01-30T17:52:12.616300Z[0m [32m INFO[0m [2msqlx::postgres::notice[0m[2m:[0m relation ""idx_service_products_service_id"" already exists, skipping"
1769795532619,"[2m2026-01-30T17:52:12.619352Z[0m [32m INFO[0m [2msqlx::postgres::notice[0m[2m:[0m relation ""idx_service_products_active"" already exists, skipping"
1769795532621,"[2m2026-01-30T17:52:12.621693Z[0m [32m INFO[0m [2msqlx::postgres::notice[0m[2m:[0m relation ""idx_service_products_type"" already exists, skipping"
1769795532624,"[2m2026-01-30T17:52:12.624142Z[0m [32m INFO[0m [2msqlx::postgres::notice[0m[2m:[0m relation ""idx_service_products_name_gin"" already exists, skipping"
1769795532626,"[2m2026-01-30T17:52:12.626425Z[0m [32m INFO[0m [2msqlx::postgres::notice[0m[2m:[0m relation ""idx_service_products_data_gin"" already exists, skipping"
1769795532628,"[2m2026-01-30T17:52:12.628756Z[0m [32m INFO[0m [2msqlx::postgres::notice[0m[2m:[0m relation ""idx_service_products_service_index"" already exists, skipping"
1769795532631,"[2m2026-01-30T17:52:12.631330Z[0m [32m INFO[0m [2msqlx::postgres::notice[0m[2m:[0m relation ""idx_service_products_created_at"" already exists, skipping"
1769795532653,"[2m2026-01-30T17:52:12.653030Z[0m [32m INFO[0m [2msqlx::postgres::notice[0m[2m:[0m relation ""products_lifecycle"" already exists, skipping"
1769795532655,"[2m2026-01-30T17:52:12.655446Z[0m [32m INFO[0m [2msqlx::postgres::notice[0m[2m:[0m relation ""idx_products_lifecycle_service_id"" already exists, skipping"
1769795532657,"[2m2026-01-30T17:52:12.657757Z[0m [32m INFO[0m [2msqlx::postgres::notice[0m[2m:[0m relation ""idx_products_lifecycle_active"" already exists, skipping"
1769795532660,"[2m2026-01-30T17:52:12.660029Z[0m [32m INFO[0m [2msqlx::postgres::notice[0m[2m:[0m relation ""idx_products_lifecycle_service_product"" already exists, skipping"
1769795532662,"[2m2026-01-30T17:52:12.662317Z[0m [32m INFO[0m [2msqlx::postgres::notice[0m[2m:[0m relation ""idx_products_lifecycle_service_product_active"" already exists, skipping"
1769795532664,"[2m2026-01-30T17:52:12.664746Z[0m [32m INFO[0m [2msqlx::postgres::notice[0m[2m:[0m relation ""idx_services_user_id_created_at_desc"" already exists, skipping"
1769795532669,"[2m2026-01-30T17:52:12.669421Z[0m [32m INFO[0m [2msqlx::postgres::notice[0m[2m:[0m relation ""service_reviews"" already exists, skipping"
1769795532671,"[2m2026-01-30T17:52:12.671864Z[0m [32m INFO[0m [2msqlx::postgres::notice[0m[2m:[0m relation ""idx_service_reviews_user_id"" already exists, skipping"
1769795532674,"[2m2026-01-30T17:52:12.674176Z[0m [32m INFO[0m [2msqlx::postgres::notice[0m[2m:[0m relation ""idx_service_reviews_service_id"" already exists, skipping"
1769795532676,"[2m2026-01-30T17:52:12.676412Z[0m [32m INFO[0m [2msqlx::postgres::notice[0m[2m:[0m relation ""idx_service_reviews_rating"" already exists, skipping"
1769795532678,"[2m2026-01-30T17:52:12.678737Z[0m [32m INFO[0m [2msqlx::postgres::notice[0m[2m:[0m relation ""idx_service_reviews_created_at"" already exists, skipping"
1769795532684,"[2m2026-01-30T17:52:12.684429Z[0m [32m INFO[0m [2msqlx::postgres::notice[0m[2m:[0m relation ""product_reactions"" already exists, skipping"
1769795532691,"[2m2026-01-30T17:52:12.691315Z[0m [32m INFO[0m [2msqlx::postgres::notice[0m[2m:[0m relation ""product_comments"" already exists, skipping"
1769795532693,"[2m2026-01-30T17:52:12.693643Z[0m [32m INFO[0m [2msqlx::postgres::notice[0m[2m:[0m relation ""idx_product_comments_service"" already exists, skipping"
1769795532695,"[2m2026-01-30T17:52:12.695949Z[0m [32m INFO[0m [2msqlx::postgres::notice[0m[2m:[0m relation ""idx_product_comments_parent"" already exists, skipping"
1769795532698,"[2m2026-01-30T17:52:12.698281Z[0m [32m INFO[0m [2msqlx::postgres::notice[0m[2m:[0m relation ""idx_product_comments_user"" already exists, skipping"
1769795532710,"[2m2026-01-30T17:52:12.710724Z[0m [32m INFO[0m [2msqlx::postgres::notice[0m[2m:[0m relation ""product_comment_reactions"" already exists, skipping"
1769795532713,"[2m2026-01-30T17:52:12.712998Z[0m [32m INFO[0m [2msqlx::postgres::notice[0m[2m:[0m relation ""idx_product_comment_reactions_comment"" already exists, skipping"
1769795532715,"[2m2026-01-30T17:52:12.715265Z[0m [32m INFO[0m [2msqlx::postgres::notice[0m[2m:[0m relation ""idx_product_comment_reactions_user"" already exists, skipping"
1769795532728,"[2m2026-01-30T17:52:12.728021Z[0m [32m INFO[0m [2msqlx::postgres::notice[0m[2m:[0m relation ""private_conversations"" already exists, skipping"
1769795532734,"[2m2026-01-30T17:52:12.734795Z[0m [32m INFO[0m [2msqlx::postgres::notice[0m[2m:[0m function get_product_reactions_count(pg_catalog.int4,text) does not exist, skipping"
1769795532740,"[2m2026-01-30T17:52:12.740921Z[0m [32m INFO[0m [2msqlx::postgres::notice[0m[2m:[0m relation ""publicites"" already exists, skipping"
1769795532743,"[2m2026-01-30T17:52:12.743393Z[0m [32m INFO[0m [2msqlx::postgres::notice[0m[2m:[0m relation ""idx_publicites_user_id"" already exists, skipping"
1769795532745,"[2m2026-01-30T17:52:12.745816Z[0m [32m INFO[0m [2msqlx::postgres::notice[0m[2m:[0m relation ""idx_publicites_status"" already exists, skipping"
1769795532748,"[2m2026-01-30T17:52:12.748195Z[0m [32m INFO[0m [2msqlx::postgres::notice[0m[2m:[0m relation ""idx_publicites_zone"" already exists, skipping"
1769795532750,"[2m2026-01-30T17:52:12.750510Z[0m [32m INFO[0m [2msqlx::postgres::notice[0m[2m:[0m relation ""idx_publicites_date_fin"" already exists, skipping"
1769795532753,"[2m2026-01-30T17:52:12.753049Z[0m [32m INFO[0m [2msqlx::postgres::notice[0m[2m:[0m relation ""idx_publicites_produits_gin"" already exists, skipping"
1769795532755,"[2m2026-01-30T17:52:12.755466Z[0m [32m INFO[0m [2msqlx::postgres::notice[0m[2m:[0m relation ""idx_publicites_targeting_gin"" already exists, skipping"
1769795532757,"[2m2026-01-30T17:52:12.757871Z[0m [32m INFO[0m [2msqlx::postgres::notice[0m[2m:[0m relation ""idx_publicites_ab_testing_gin"" already exists, skipping"
1769795532760,"[2m2026-01-30T17:52:12.760236Z[0m [32m INFO[0m [2msqlx::postgres::notice[0m[2m:[0m relation ""idx_publicites_placements_gin"" already exists, skipping"
1769795532762,"[2m2026-01-30T17:52:12.762645Z[0m [32m INFO[0m [2msqlx::postgres::notice[0m[2m:[0m relation ""idx_publicites_retargeting_gin"" already exists, skipping"
1769795532765,"[2m2026-01-30T17:52:12.765071Z[0m [32m INFO[0m [2msqlx::postgres::notice[0m[2m:[0m relation ""idx_publicites_schedule_start"" already exists, skipping"
1769795532767,"[2m2026-01-30T17:52:12.767468Z[0m [32m INFO[0m [2msqlx::postgres::notice[0m[2m:[0m relation ""idx_publicites_schedule_end"" already exists, skipping"
1769795532769,"[2m2026-01-30T17:52:12.769710Z[0m [32m INFO[0m [2msqlx::postgres::notice[0m[2m:[0m relation ""publicite_versions"" already exists, skipping"
1769795532772,"[2m2026-01-30T17:52:12.772054Z[0m [32m INFO[0m [2msqlx::postgres::notice[0m[2m:[0m relation ""idx_publicite_versions_publicite_id"" already exists, skipping"
1769795532774,"[2m2026-01-30T17:52:12.774380Z[0m [32m INFO[0m [2msqlx::postgres::notice[0m[2m:[0m relation ""idx_publicite_versions_user_id"" already exists, skipping"
1769795532776,"[2m2026-01-30T17:52:12.776800Z[0m [32m INFO[0m [2msqlx::postgres::notice[0m[2m:[0m relation ""idx_publicite_versions_created_at"" already exists, skipping"
1769795532779,"[2m2026-01-30T17:52:12.779308Z[0m [32m INFO[0m [2msqlx::postgres::notice[0m[2m:[0m relation ""idx_publicite_versions_change_type"" already exists, skipping"
1769795532808,"[2m2026-01-30T17:52:12.808182Z[0m [32m INFO[0m [2msqlx::postgres::notice[0m[2m:[0m relation ""user_push_tokens"" already exists, skipping"
1769795532810,"[2m2026-01-30T17:52:12.810678Z[0m [32m INFO[0m [2msqlx::postgres::notice[0m[2m:[0m relation ""idx_user_push_tokens_user_id"" already exists, skipping"
1769795532812,"[2m2026-01-30T17:52:12.812960Z[0m [32m INFO[0m [2msqlx::postgres::notice[0m[2m:[0m relation ""idx_user_push_tokens_push_token"" already exists, skipping"
1769795532815,"[2m2026-01-30T17:52:12.815373Z[0m [32m INFO[0m [2msqlx::postgres::notice[0m[2m:[0m relation ""idx_user_push_tokens_is_active"" already exists, skipping"
1769795532817,"[2m2026-01-30T17:52:12.817719Z[0m [32m INFO[0m [2msqlx::postgres::notice[0m[2m:[0m relation ""idx_user_push_tokens_device"" already exists, skipping"
1769795532830,"[2m2026-01-30T17:52:12.830402Z[0m [32m INFO[0m [2msqlx::postgres::notice[0m[2m:[0m relation ""notifications"" already exists, skipping"
1769795532832,"[2m2026-01-30T17:52:12.832760Z[0m [32m INFO[0m [2msqlx::postgres::notice[0m[2m:[0m relation ""idx_notifications_user_id"" already exists, skipping"
1769795532835,"[2m2026-01-30T17:52:12.835094Z[0m [32m INFO[0m [2msqlx::postgres::notice[0m[2m:[0m relation ""idx_notifications_is_read"" already exists, skipping"
1769795532837,"[2m2026-01-30T17:52:12.837533Z[0m [32m INFO[0m [2msqlx::postgres::notice[0m[2m:[0m relation ""idx_notifications_created_at"" already exists, skipping"
1769795532881,"[2m2026-01-30T17:52:12.881735Z[0m [32m INFO[0m [2msqlx::postgres::notice[0m[2m:[0m relation ""publicite_impressions"" already exists, skipping"
1769795532884,"[2m2026-01-30T17:52:12.884090Z[0m [32m INFO[0m [2msqlx::postgres::notice[0m[2m:[0m relation ""idx_publicite_impressions_publicite_user"" already exists, skipping"
1769795532886,"[2m2026-01-30T17:52:12.886500Z[0m [32m INFO[0m [2msqlx::postgres::notice[0m[2m:[0m relation ""idx_publicite_impressions_user_date"" already exists, skipping"
1769795532888,"[2m2026-01-30T17:52:12.888887Z[0m [32m INFO[0m [2msqlx::postgres::notice[0m[2m:[0m relation ""idx_publicite_impressions_publicite_date"" already exists, skipping"
1769795532891,"[2m2026-01-30T17:52:12.891353Z[0m [32m INFO[0m [2msqlx::postgres::notice[0m[2m:[0m relation ""idx_publicite_impressions_placement"" already exists, skipping"
1769795532893,"[2m2026-01-30T17:52:12.893805Z[0m [32m INFO[0m [2msqlx::postgres::notice[0m[2m:[0m relation ""idx_publicite_impressions_user_publicite_date"" already exists, skipping"
1769795532902,"[2m2026-01-30T17:52:12.902332Z[0m [32m INFO[0m [2msqlx::postgres::notice[0m[2m:[0m relation ""pixel_events"" already exists, skipping"
1769795532904,"[2m2026-01-30T17:52:12.904851Z[0m [32m INFO[0m [2msqlx::postgres::notice[0m[2m:[0m relation ""idx_pixel_events_user_id"" already exists, skipping"
1769795532907,"[2m2026-01-30T17:52:12.907153Z[0m [32m INFO[0m [2msqlx::postgres::notice[0m[2m:[0m relation ""idx_pixel_events_event_name"" already exists, skipping"
1769795532909,"[2m2026-01-30T17:52:12.909624Z[0m [32m INFO[0m [2msqlx::postgres::notice[0m[2m:[0m relation ""idx_pixel_events_event_time"" already exists, skipping"
1769795532912,"[2m2026-01-30T17:52:12.912007Z[0m [32m INFO[0m [2msqlx::postgres::notice[0m[2m:[0m relation ""idx_pixel_events_user_event"" already exists, skipping"
1769795532914,"[2m2026-01-30T17:52:12.914296Z[0m [32m INFO[0m [2msqlx::postgres::notice[0m[2m:[0m relation ""idx_pixel_events_event_id"" already exists, skipping"
1769795532916,"[2m2026-01-30T17:52:12.916644Z[0m [32m INFO[0m [2msqlx::postgres::notice[0m[2m:[0m relation ""idx_pixel_events_custom_data_gin"" already exists, skipping"
1769795532918,"[2m2026-01-30T17:52:12.918885Z[0m [32m INFO[0m [2msqlx::postgres::notice[0m[2m:[0m relation ""idx_pixel_events_user_data_gin"" already exists, skipping"
1769795532921,"[2m2026-01-30T17:52:12.921129Z[0m [32m INFO[0m [2msqlx::postgres::notice[0m[2m:[0m relation ""publicite_audiences"" already exists, skipping"
1769795532923,"[2m2026-01-30T17:52:12.923405Z[0m [32m INFO[0m [2msqlx::postgres::notice[0m[2m:[0m relation ""idx_publicite_audiences_user_id"" already exists, skipping"
1769795532925,"[2m2026-01-30T17:52:12.925655Z[0m [32m INFO[0m [2msqlx::postgres::notice[0m[2m:[0m relation ""idx_publicite_audiences_type"" already exists, skipping"
1769795532927,"[2m2026-01-30T17:52:12.927892Z[0m [32m INFO[0m [2msqlx::postgres::notice[0m[2m:[0m relation ""idx_publicite_audiences_user_ids_gin"" already exists, skipping"
1769795532939,"[2m2026-01-30T17:52:12.939248Z[0m [32m INFO[0m [2msqlx::postgres::notice[0m[2m:[0m relation ""automated_reports"" already exists, skipping"
1769795532941,"[2m2026-01-30T17:52:12.941548Z[0m [32m INFO[0m [2msqlx::postgres::notice[0m[2m:[0m relation ""idx_automated_reports_user_id"" already exists, skipping"
1769795532943,"[2m2026-01-30T17:52:12.943899Z[0m [32m INFO[0m [2msqlx::postgres::notice[0m[2m:[0m relation ""idx_automated_reports_frequency"" already exists, skipping"
1769795532946,"[2m2026-01-30T17:52:12.946220Z[0m [32m INFO[0m [2msqlx::postgres::notice[0m[2m:[0m relation ""idx_automated_reports_active"" already exists, skipping"
1769795532948,"[2m2026-01-30T17:52:12.948705Z[0m [32m INFO[0m [2msqlx::postgres::notice[0m[2m:[0m relation ""idx_automated_reports_last_sent"" already exists, skipping"
1769795533004,"[2m2026-01-30T17:52:13.004519Z[0m [32m INFO[0m [2msqlx::postgres::notice[0m[2m:[0m relation ""live_sessions"" already exists, skipping"
1769795533006,"[2m2026-01-30T17:52:13.006899Z[0m [32m INFO[0m [2msqlx::postgres::notice[0m[2m:[0m relation ""idx_live_sessions_status"" already exists, skipping"
1769795533009,"[2m2026-01-30T17:52:13.009203Z[0m [32m INFO[0m [2msqlx::postgres::notice[0m[2m:[0m relation ""idx_live_sessions_start_at"" already exists, skipping"
1769795533011,"[2m2026-01-30T17:52:13.011455Z[0m [32m INFO[0m [2msqlx::postgres::notice[0m[2m:[0m relation ""idx_live_sessions_service_id"" already exists, skipping"
1769795533013,"[2m2026-01-30T17:52:13.013884Z[0m [32m INFO[0m [2msqlx::postgres::notice[0m[2m:[0m relation ""idx_live_sessions_id_host_user"" already exists, skipping"
1769795533016,"[2m2026-01-30T17:52:13.016339Z[0m [32m INFO[0m [2msqlx::postgres::notice[0m[2m:[0m relation ""live_replays"" already exists, skipping"
1769795533018,"[2m2026-01-30T17:52:13.018743Z[0m [32m INFO[0m [2msqlx::postgres::notice[0m[2m:[0m relation ""idx_live_replays_session_id"" already exists, skipping"
1769795533021,"[2m2026-01-30T17:52:13.020986Z[0m [32m INFO[0m [2msqlx::postgres::notice[0m[2m:[0m relation ""live_session_analytics"" already exists, skipping"
1769795533023,"[2m2026-01-30T17:52:13.023287Z[0m [32m INFO[0m [2msqlx::postgres::notice[0m[2m:[0m relation ""idx_live_session_analytics_last_synced"" already exists, skipping"
1769795533025,"[2m2026-01-30T17:52:13.025614Z[0m [32m INFO[0m [2msqlx::postgres::notice[0m[2m:[0m relation ""live_flash_sales"" already exists, skipping"
1769795533028,"[2m2026-01-30T17:52:13.028000Z[0m [32m INFO[0m [2msqlx::postgres::notice[0m[2m:[0m relation ""idx_live_flash_sales_session"" already exists, skipping"
1769795533030,"[2m2026-01-30T17:52:13.030261Z[0m [32m INFO[0m [2msqlx::postgres::notice[0m[2m:[0m relation ""idx_live_flash_sales_status"" already exists, skipping"
1769795533032,"[2m2026-01-30T17:52:13.032744Z[0m [32m INFO[0m [2msqlx::postgres::notice[0m[2m:[0m relation ""idx_live_flash_sales_timing"" already exists, skipping"
1769795533035,"[2m2026-01-30T17:52:13.035391Z[0m [32m INFO[0m [2msqlx::postgres::notice[0m[2m:[0m relation ""idx_live_flash_sales_status_dates"" already exists, skipping"
1769795533037,"[2m2026-01-30T17:52:13.037649Z[0m [32m INFO[0m [2msqlx::postgres::notice[0m[2m:[0m relation ""live_flash_sale_reservations"" already exists, skipping"
1769795533039,"[2m2026-01-30T17:52:13.039908Z[0m [32m INFO[0m [2msqlx::postgres::notice[0m[2m:[0m relation ""idx_live_flash_sale_reservations_flash"" already exists, skipping"
1769795533042,"[2m2026-01-30T17:52:13.042180Z[0m [32m INFO[0m [2msqlx::postgres::notice[0m[2m:[0m relation ""idx_live_flash_sale_reservations_user"" already exists, skipping"
1769795533044,"[2m2026-01-30T17:52:13.044419Z[0m [32m INFO[0m [2msqlx::postgres::notice[0m[2m:[0m relation ""live_flash_sale_commentaries"" already exists, skipping"
1769795533046,"[2m2026-01-30T17:52:13.046840Z[0m [32m INFO[0m [2msqlx::postgres::notice[0m[2m:[0m relation ""idx_live_flash_sale_commentaries_flash"" already exists, skipping"
1769795533049,"[2m2026-01-30T17:52:13.049150Z[0m [32m INFO[0m [2msqlx::postgres::notice[0m[2m:[0m relation ""global_promo_events"" already exists, skipping"
1769795533051,"[2m2026-01-30T17:52:13.051580Z[0m [32m INFO[0m [2msqlx::postgres::notice[0m[2m:[0m relation ""idx_global_promo_events_status"" already exists, skipping"
1769795533054,"[2m2026-01-30T17:52:13.054129Z[0m [32m INFO[0m [2msqlx::postgres::notice[0m[2m:[0m relation ""idx_global_promo_events_status_dates"" already exists, skipping"
1769795533056,"[2m2026-01-30T17:52:13.056546Z[0m [32m INFO[0m [2msqlx::postgres::notice[0m[2m:[0m relation ""idx_global_promo_events_theme"" already exists, skipping"
1769795533058,"[2m2026-01-30T17:52:13.058923Z[0m [32m INFO[0m [2msqlx::postgres::notice[0m[2m:[0m relation ""global_promo_entries"" already exists, skipping"
1769795533061,"[2m2026-01-30T17:52:13.061246Z[0m [32m INFO[0m [2msqlx::postgres::notice[0m[2m:[0m relation ""idx_global_promo_entries_event_status"" already exists, skipping"
1769795533063,"[2m2026-01-30T17:52:13.063721Z[0m [32m INFO[0m [2msqlx::postgres::notice[0m[2m:[0m relation ""idx_global_promo_entries_event_id_status"" already exists, skipping"
1769795533066,"[2m2026-01-30T17:52:13.066052Z[0m [32m INFO[0m [2msqlx::postgres::notice[0m[2m:[0m relation ""idx_global_promo_entries_service"" already exists, skipping"
1769795533068,"[2m2026-01-30T17:52:13.068389Z[0m [32m INFO[0m [2msqlx::postgres::notice[0m[2m:[0m relation ""idx_global_promo_entries_live_session"" already exists, skipping"
1769795533070,"[2m2026-01-30T17:52:13.070660Z[0m [32m INFO[0m [2msqlx::postgres::notice[0m[2m:[0m relation ""global_promo_products"" already exists, skipping"
1769795533072,"[2m2026-01-30T17:52:13.072951Z[0m [32m INFO[0m [2msqlx::postgres::notice[0m[2m:[0m relation ""idx_global_promo_products_priority"" already exists, skipping"
1769795533075,"[2m2026-01-30T17:52:13.075195Z[0m [32m INFO[0m [2msqlx::postgres::notice[0m[2m:[0m column ""global_promo_entry_id"" of relation ""live_flash_sales"" already exists, skipping"
1769795533078,"[2m2026-01-30T17:52:13.078160Z[0m [32m INFO[0m [2msqlx::postgres::notice[0m[2m:[0m relation ""idx_live_flash_sales_global_promo"" already exists, skipping"
1769795533080,"[2m2026-01-30T17:52:13.080399Z[0m [32m INFO[0m [2msqlx::postgres::notice[0m[2m:[0m relation ""social_accounts"" already exists, skipping"
1769795533082,"[2m2026-01-30T17:52:13.082601Z[0m [32m INFO[0m [2msqlx::postgres::notice[0m[2m:[0m relation ""social_publications"" already exists, skipping"
1769795533084,"[2m2026-01-30T17:52:13.084819Z[0m [32m INFO[0m [2msqlx::postgres::notice[0m[2m:[0m relation ""social_publication_jobs"" already exists, skipping"
1769795533087,"[2m2026-01-30T17:52:13.087101Z[0m [32m INFO[0m [2msqlx::postgres::notice[0m[2m:[0m relation ""idx_social_accounts_user_platform"" already exists, skipping"
1769795533089,"[2m2026-01-30T17:52:13.089300Z[0m [32m INFO[0m [2msqlx::postgres::notice[0m[2m:[0m relation ""idx_social_publications_media"" already exists, skipping"
1769795533091,"[2m2026-01-30T17:52:13.091622Z[0m [32m INFO[0m [2msqlx::postgres::notice[0m[2m:[0m relation ""idx_social_publications_platform"" already exists, skipping"
1769795533094,"[2m2026-01-30T17:52:13.094008Z[0m [32m INFO[0m [2msqlx::postgres::notice[0m[2m:[0m relation ""idx_social_publication_jobs_status"" already exists, skipping"
1769795533096,"[2m2026-01-30T17:52:13.096248Z[0m [32m INFO[0m [2msqlx::postgres::notice[0m[2m:[0m relation ""media_engagement"" already exists, skipping"
1769795533098,"[2m2026-01-30T17:52:13.098523Z[0m [32m INFO[0m [2msqlx::postgres::notice[0m[2m:[0m relation ""idx_media_engagement_media"" already exists, skipping"
1769795533101,"[2m2026-01-30T17:52:13.101245Z[0m [32m INFO[0m [2msqlx::postgres::notice[0m[2m:[0m relation ""idx_media_engagement_event"" already exists, skipping"
1769795533103,"[2m2026-01-30T17:52:13.103444Z[0m [32m INFO[0m [2msqlx::postgres::notice[0m[2m:[0m relation ""idx_media_engagement_service"" already exists, skipping"
1769795533105,"[2m2026-01-30T17:52:13.105735Z[0m [32m INFO[0m [2msqlx::postgres::notice[0m[2m:[0m relation ""media_distribution"" already exists, skipping"
1769795533108,"[2m2026-01-30T17:52:13.107994Z[0m [32m INFO[0m [2msqlx::postgres::notice[0m[2m:[0m relation ""idx_media_distribution_media"" already exists, skipping"
1769795533110,"[2m2026-01-30T17:52:13.110263Z[0m [32m INFO[0m [2msqlx::postgres::notice[0m[2m:[0m relation ""idx_media_distribution_target"" already exists, skipping"
1769795533112,"[2m2026-01-30T17:52:13.112517Z[0m [32m INFO[0m [2msqlx::postgres::notice[0m[2m:[0m relation ""content_engagement"" already exists, skipping"
1769795533114,"[2m2026-01-30T17:52:13.114814Z[0m [32m INFO[0m [2msqlx::postgres::notice[0m[2m:[0m relation ""idx_content_engagement_user"" already exists, skipping"
1769795533117,"[2m2026-01-30T17:52:13.117098Z[0m [32m INFO[0m [2msqlx::postgres::notice[0m[2m:[0m relation ""idx_content_engagement_content"" already exists, skipping"
1769795533128,"[2m2026-01-30T17:52:13.128442Z[0m [32m INFO[0m [2msqlx::postgres::notice[0m[2m:[0m relation ""video_generation_jobs"" already exists, skipping"
1769795533130,"[2m2026-01-30T17:52:13.130749Z[0m [32m INFO[0m [2msqlx::postgres::notice[0m[2m:[0m relation ""idx_video_generation_jobs_user"" already exists, skipping"
1769795533133,"[2m2026-01-30T17:52:13.133026Z[0m [32m INFO[0m [2msqlx::postgres::notice[0m[2m:[0m relation ""idx_video_generation_jobs_service"" already exists, skipping"
1769795533135,"[2m2026-01-30T17:52:13.135311Z[0m [32m INFO[0m [2msqlx::postgres::notice[0m[2m:[0m relation ""idx_video_generation_jobs_status"" already exists, skipping"
1769795533137,"[2m2026-01-30T17:52:13.137678Z[0m [32m INFO[0m [2msqlx::postgres::notice[0m[2m:[0m relation ""idx_video_generation_jobs_status_updated_at"" already exists, skipping"
1769795533139,"[2m2026-01-30T17:52:13.139955Z[0m [32m INFO[0m [2msqlx::postgres::notice[0m[2m:[0m relation ""premium_audio_jobs"" already exists, skipping"
1769795533142,"[2m2026-01-30T17:52:13.142279Z[0m [32m INFO[0m [2msqlx::postgres::notice[0m[2m:[0m relation ""idx_premium_audio_jobs_status"" already exists, skipping"
1769795533144,"[2m2026-01-30T17:52:13.144594Z[0m [32m INFO[0m [2msqlx::postgres::notice[0m[2m:[0m relation ""idx_premium_audio_jobs_updated_at"" already exists, skipping"
1769795533146,"[2m2026-01-30T17:52:13.146963Z[0m [32m INFO[0m [2msqlx::postgres::notice[0m[2m:[0m relation ""idx_premium_audio_jobs_provider"" already exists, skipping"
1769795533149,"[2m2026-01-30T17:52:13.149274Z[0m [32m INFO[0m [2msqlx::postgres::notice[0m[2m:[0m relation ""idx_premium_audio_jobs_provider_job"" already exists, skipping"
1769795533160,"[2m2026-01-30T17:52:13.160796Z[0m [32m INFO[0m [2msqlx::postgres::notice[0m[2m:[0m column ""audio_job_id"" of relation ""video_generation_jobs"" already exists, skipping"
1769795533160,"[2m2026-01-30T17:52:13.160806Z[0m [32m INFO[0m [2msqlx::postgres::notice[0m[2m:[0m column ""audio_status"" of relation ""video_generation_jobs"" already exists, skipping"
1769795533160,"[2m2026-01-30T17:52:13.160814Z[0m [32m INFO[0m [2msqlx::postgres::notice[0m[2m:[0m column ""audio_metadata"" of relation ""video_generation_jobs"" already exists, skipping"
1769795533173,"[2m2026-01-30T17:52:13.173938Z[0m [32m INFO[0m [2msqlx::postgres::notice[0m[2m:[0m relation ""idx_video_generation_jobs_audio_status"" already exists, skipping"
1769795533176,"[2m2026-01-30T17:52:13.176239Z[0m [32m INFO[0m [2msqlx::postgres::notice[0m[2m:[0m relation ""voice_profiles"" already exists, skipping"
1769795533178,"[2m2026-01-30T17:52:13.178503Z[0m [32m INFO[0m [2msqlx::postgres::notice[0m[2m:[0m relation ""idx_voice_profiles_user"" already exists, skipping"
1769795533180,"[2m2026-01-30T17:52:13.180857Z[0m [32m INFO[0m [2msqlx::postgres::notice[0m[2m:[0m relation ""idx_voice_profiles_service"" already exists, skipping"
1769795533192,"[2m2026-01-30T17:52:13.192762Z[0m [32m INFO[0m [2msqlx::postgres::notice[0m[2m:[0m relation ""studio_sessions"" already exists, skipping"
1769795533195,"[2m2026-01-30T17:52:13.195171Z[0m [32m INFO[0m [2msqlx::postgres::notice[0m[2m:[0m relation ""idx_studio_sessions_user"" already exists, skipping"
1769795533197,"[2m2026-01-30T17:52:13.197449Z[0m [32m INFO[0m [2msqlx::postgres::notice[0m[2m:[0m relation ""idx_studio_sessions_service"" already exists, skipping"
1769795533199,"[2m2026-01-30T17:52:13.199659Z[0m [32m INFO[0m [2msqlx::postgres::notice[0m[2m:[0m relation ""studio_timeline_clips"" already exists, skipping"
1769795533202,"[2m2026-01-30T17:52:13.202033Z[0m [32m INFO[0m [2msqlx::postgres::notice[0m[2m:[0m relation ""idx_studio_clips_session"" already exists, skipping"
1769795533204,"[2m2026-01-30T17:52:13.204305Z[0m [32m INFO[0m [2msqlx::postgres::notice[0m[2m:[0m relation ""studio_dynamic_assets"" already exists, skipping"
1769795533206,"[2m2026-01-30T17:52:13.206747Z[0m [32m INFO[0m [2msqlx::postgres::notice[0m[2m:[0m relation ""idx_studio_assets_session"" already exists, skipping"
1769795533236,"[2m2026-01-30T17:52:13.236145Z[0m [32m INFO[0m [2msqlx::postgres::notice[0m[2m:[0m relation ""parcel_types"" already exists, skipping"
1769795533238,"[2m2026-01-30T17:52:13.238531Z[0m [32m INFO[0m [2msqlx::postgres::notice[0m[2m:[0m relation ""idx_parcel_types_slug"" already exists, skipping"
1769795533240,"[2m2026-01-30T17:52:13.240857Z[0m [32m INFO[0m [2msqlx::postgres::notice[0m[2m:[0m relation ""courier_applications"" already exists, skipping"
1769795533243,"[2m2026-01-30T17:52:13.243781Z[0m [32m INFO[0m [2msqlx::postgres::notice[0m[2m:[0m relation ""idx_courier_applications_user"" already exists, skipping"
1769795533246,"[2m2026-01-30T17:52:13.246055Z[0m [32m INFO[0m [2msqlx::postgres::notice[0m[2m:[0m relation ""couriers"" already exists, skipping"
1769795533248,"[2m2026-01-30T17:52:13.248273Z[0m [32m INFO[0m [2msqlx::postgres::notice[0m[2m:[0m relation ""courier_assets"" already exists, skipping"
1769795533250,"[2m2026-01-30T17:52:13.250547Z[0m [32m INFO[0m [2msqlx::postgres::notice[0m[2m:[0m relation ""idx_courier_assets_courier"" already exists, skipping"
1769795533253,"[2m2026-01-30T17:52:13.253037Z[0m [32m INFO[0m [2msqlx::postgres::notice[0m[2m:[0m relation ""idx_courier_assets_primary"" already exists, skipping"
1769795533255,"[2m2026-01-30T17:52:13.255424Z[0m [32m INFO[0m [2msqlx::postgres::notice[0m[2m:[0m relation ""delivery_parcels"" already exists, skipping"
1769795533257,"[2m2026-01-30T17:52:13.257753Z[0m [32m INFO[0m [2msqlx::postgres::notice[0m[2m:[0m relation ""deliveries"" already exists, skipping"
1769795533260,"[2m2026-01-30T17:52:13.260184Z[0m [32m INFO[0m [2msqlx::postgres::notice[0m[2m:[0m relation ""idx_deliveries_status_requested_at"" already exists, skipping"
1769795533262,"[2m2026-01-30T17:52:13.262503Z[0m [32m INFO[0m [2msqlx::postgres::notice[0m[2m:[0m relation ""idx_deliveries_courier"" already exists, skipping"
1769795533264,"[2m2026-01-30T17:52:13.264849Z[0m [32m INFO[0m [2msqlx::postgres::notice[0m[2m:[0m relation ""idx_deliveries_creator"" already exists, skipping"
1769795533267,"[2m2026-01-30T17:52:13.267225Z[0m [32m INFO[0m [2msqlx::postgres::notice[0m[2m:[0m relation ""idx_deliveries_recipient_user"" already exists, skipping"
1769795533269,"[2m2026-01-30T17:52:13.269516Z[0m [32m INFO[0m [2msqlx::postgres::notice[0m[2m:[0m relation ""idx_deliveries_recipient_tracking_token"" already exists, skipping"
1769795533271,"[2m2026-01-30T17:52:13.271843Z[0m [32m INFO[0m [2msqlx::postgres::notice[0m[2m:[0m relation ""idx_deliveries_pickup_location"" already exists, skipping"
1769795533274,"[2m2026-01-30T17:52:13.274176Z[0m [32m INFO[0m [2msqlx::postgres::notice[0m[2m:[0m relation ""idx_deliveries_dropoff_location"" already exists, skipping"
1769795533276,"[2m2026-01-30T17:52:13.276439Z[0m [32m INFO[0m [2msqlx::postgres::notice[0m[2m:[0m relation ""delivery_status_events"" already exists, skipping"
1769795533278,"[2m2026-01-30T17:52:13.278792Z[0m [32m INFO[0m [2msqlx::postgres::notice[0m[2m:[0m relation ""idx_delivery_status_events_delivery"" already exists, skipping"
1769795533281,"[2m2026-01-30T17:52:13.281192Z[0m [32m INFO[0m [2msqlx::postgres::notice[0m[2m:[0m relation ""idx_delivery_status_events_delivery_time"" already exists, skipping"
1769795533283,"[2m2026-01-30T17:52:13.283519Z[0m [32m INFO[0m [2msqlx::postgres::notice[0m[2m:[0m relation ""delivery_pricing"" already exists, skipping"
1769795533289,"[2m2026-01-30T17:52:13.289633Z[0m [32m INFO[0m [2msqlx::postgres::notice[0m[2m:[0m relation ""delivery_tracking_points"" already exists, skipping"
1769795533292,"[2m2026-01-30T17:52:13.292090Z[0m [32m INFO[0m [2msqlx::postgres::notice[0m[2m:[0m relation ""idx_tracking_points_delivery"" already exists, skipping"
1769795533294,"[2m2026-01-30T17:52:13.294475Z[0m [32m INFO[0m [2msqlx::postgres::notice[0m[2m:[0m relation ""idx_tracking_points_courier"" already exists, skipping"
1769795533296,"[2m2026-01-30T17:52:13.296687Z[0m [32m INFO[0m [2msqlx::postgres::notice[0m[2m:[0m relation ""idx_tracking_points_captured_at"" already exists, skipping"
1769795533298,"[2m2026-01-30T17:52:13.298919Z[0m [32m INFO[0m [2msqlx::postgres::notice[0m[2m:[0m relation ""idx_tracking_points_location"" already exists, skipping"
1769795533301,"[2m2026-01-30T17:52:13.301090Z[0m [32m INFO[0m [2msqlx::postgres::notice[0m[2m:[0m relation ""delivery_recipient_updates"" already exists, skipping"
1769795533303,"[2m2026-01-30T17:52:13.303378Z[0m [32m INFO[0m [2msqlx::postgres::notice[0m[2m:[0m relation ""idx_delivery_recipient_updates_delivery"" already exists, skipping"
1769795533305,"[2m2026-01-30T17:52:13.305578Z[0m [32m INFO[0m [2msqlx::postgres::notice[0m[2m:[0m relation ""courier_ratings"" already exists, skipping"
1769795533307,"[2m2026-01-30T17:52:13.307897Z[0m [32m INFO[0m [2msqlx::postgres::notice[0m[2m:[0m relation ""idx_courier_ratings_courier"" already exists, skipping"
1769795533310,"[2m2026-01-30T17:52:13.310078Z[0m [32m INFO[0m [2msqlx::postgres::notice[0m[2m:[0m relation ""client_ratings"" already exists, skipping"
1769795533312,"[2m2026-01-30T17:52:13.312341Z[0m [32m INFO[0m [2msqlx::postgres::notice[0m[2m:[0m relation ""idx_client_ratings_client"" already exists, skipping"
1769795533314,"[2m2026-01-30T17:52:13.314602Z[0m [32m INFO[0m [2msqlx::postgres::notice[0m[2m:[0m relation ""traffic_snapshots"" already exists, skipping"
1769795533317,"[2m2026-01-30T17:52:13.316941Z[0m [32m INFO[0m [2msqlx::postgres::notice[0m[2m:[0m relation ""idx_traffic_snapshots_captured_at"" already exists, skipping"
1769795533319,"[2m2026-01-30T17:52:13.319224Z[0m [32m INFO[0m [2msqlx::postgres::notice[0m[2m:[0m relation ""idx_traffic_snapshots_source"" already exists, skipping"
1769795533321,"[2m2026-01-30T17:52:13.321429Z[0m [32m INFO[0m [2msqlx::postgres::notice[0m[2m:[0m relation ""terrain_segments"" already exists, skipping"
1769795533323,"[2m2026-01-30T17:52:13.323813Z[0m [32m INFO[0m [2msqlx::postgres::notice[0m[2m:[0m relation ""idx_terrain_segments_difficulty"" already exists, skipping"
1769795533326,"[2m2026-01-30T17:52:13.326085Z[0m [32m INFO[0m [2msqlx::postgres::notice[0m[2m:[0m relation ""idx_terrain_segments_segment"" already exists, skipping"
1769795533328,"[2m2026-01-30T17:52:13.328419Z[0m [32m INFO[0m [2msqlx::postgres::notice[0m[2m:[0m relation ""shopping_orders"" already exists, skipping"
1769795533330,"[2m2026-01-30T17:52:13.330828Z[0m [32m INFO[0m [2msqlx::postgres::notice[0m[2m:[0m relation ""idx_shopping_orders_status"" already exists, skipping"
1769795533333,"[2m2026-01-30T17:52:13.333189Z[0m [32m INFO[0m [2msqlx::postgres::notice[0m[2m:[0m relation ""shopping_order_items"" already exists, skipping"
1769795533335,"[2m2026-01-30T17:52:13.335683Z[0m [32m INFO[0m [2msqlx::postgres::notice[0m[2m:[0m relation ""idx_shopping_order_items_order"" already exists, skipping"
1769795533338,"[2m2026-01-30T17:52:13.338196Z[0m [32m INFO[0m [2msqlx::postgres::notice[0m[2m:[0m relation ""idx_shopping_order_items_status"" already exists, skipping"
1769795533340,"[2m2026-01-30T17:52:13.340423Z[0m [32m INFO[0m [2msqlx::postgres::notice[0m[2m:[0m relation ""delivery_wallet_events"" already exists, skipping"
1769795533342,"[2m2026-01-30T17:52:13.342749Z[0m [32m INFO[0m [2msqlx::postgres::notice[0m[2m:[0m relation ""idx_delivery_wallet_events_user"" already exists, skipping"
1769795533345,"[2m2026-01-30T17:52:13.344972Z[0m [32m INFO[0m [2msqlx::postgres::notice[0m[2m:[0m relation ""idx_delivery_wallet_events_delivery"" already exists, skipping"
1769795533347,"[2m2026-01-30T17:52:13.347410Z[0m [32m INFO[0m [2msqlx::postgres::notice[0m[2m:[0m relation ""idx_delivery_wallet_events_created_at"" already exists, skipping"
1769795533352,"[2m2026-01-30T17:52:13.352167Z[0m [32m INFO[0m [2msqlx::postgres::notice[0m[2m:[0m relation ""delivery_zones"" already exists, skipping"
1769795533354,"[2m2026-01-30T17:52:13.354424Z[0m [32m INFO[0m [2msqlx::postgres::notice[0m[2m:[0m relation ""idx_delivery_zones_region"" already exists, skipping"
1769795533356,"[2m2026-01-30T17:52:13.356710Z[0m [32m INFO[0m [2msqlx::postgres::notice[0m[2m:[0m relation ""idx_delivery_zones_center"" already exists, skipping"
1769795533359,"[2m2026-01-30T17:52:13.359088Z[0m [32m INFO[0m [2msqlx::postgres::notice[0m[2m:[0m relation ""courier_zone_assignments"" already exists, skipping"
1769795533361,"[2m2026-01-30T17:52:13.361340Z[0m [32m INFO[0m [2msqlx::postgres::notice[0m[2m:[0m relation ""idx_courier_zone_assignments_zone"" already exists, skipping"
1769795533363,"[2m2026-01-30T17:52:13.363600Z[0m [32m INFO[0m [2msqlx::postgres::notice[0m[2m:[0m relation ""idx_courier_zone_assignments_active"" already exists, skipping"
1769795533365,"[2m2026-01-30T17:52:13.365861Z[0m [32m INFO[0m [2msqlx::postgres::notice[0m[2m:[0m relation ""courier_availability_snapshots"" already exists, skipping"
1769795533373,"[2m2026-01-30T17:52:13.373949Z[0m [32m INFO[0m [2msqlx::postgres::notice[0m[2m:[0m relation ""idx_courier_availability_snapshots_courier"" already exists, skipping"
1769795533376,"[2m2026-01-30T17:52:13.376265Z[0m [32m INFO[0m [2msqlx::postgres::notice[0m[2m:[0m relation ""idx_courier_availability_snapshots_zone"" already exists, skipping"
1769795533378,"[2m2026-01-30T17:52:13.378596Z[0m [32m INFO[0m [2msqlx::postgres::notice[0m[2m:[0m relation ""idx_courier_availability_snapshots_capture"" already exists, skipping"
1769795533380,"[2m2026-01-30T17:52:13.380954Z[0m [32m INFO[0m [2msqlx::postgres::notice[0m[2m:[0m relation ""idx_courier_availability_snapshots_location"" already exists, skipping"
1769795533383,"[2m2026-01-30T17:52:13.383227Z[0m [32m INFO[0m [2msqlx::postgres::notice[0m[2m:[0m relation ""delivery_matching_queue"" already exists, skipping"
1769795533385,"[2m2026-01-30T17:52:13.385582Z[0m [32m INFO[0m [2msqlx::postgres::notice[0m[2m:[0m relation ""idx_delivery_matching_queue_status"" already exists, skipping"
1769795533387,"[2m2026-01-30T17:52:13.387851Z[0m [32m INFO[0m [2msqlx::postgres::notice[0m[2m:[0m relation ""idx_delivery_matching_queue_zone"" already exists, skipping"
1769795533390,"[2m2026-01-30T17:52:13.390545Z[0m [32m INFO[0m [2msqlx::postgres::notice[0m[2m:[0m relation ""idx_delivery_matching_queue_optimized"" already exists, skipping"
1769795533393,"[2m2026-01-30T17:52:13.393163Z[0m [32m INFO[0m [2msqlx::postgres::notice[0m[2m:[0m relation ""idx_delivery_matching_queue_priority_next_attempt"" already exists, skipping"
1769795533395,"[2m2026-01-30T17:52:13.395378Z[0m [32m INFO[0m [2msqlx::postgres::notice[0m[2m:[0m relation ""delivery_matching_events"" already exists, skipping"
1769795533397,"[2m2026-01-30T17:52:13.397624Z[0m [32m INFO[0m [2msqlx::postgres::notice[0m[2m:[0m relation ""idx_delivery_matching_events_delivery"" already exists, skipping"
1769795533399,"[2m2026-01-30T17:52:13.399882Z[0m [32m INFO[0m [2msqlx::postgres::notice[0m[2m:[0m relation ""idx_delivery_matching_events_courier"" already exists, skipping"
1769795533416,"[2m2026-01-30T17:52:13.416165Z[0m [32m INFO[0m [2msqlx::postgres::notice[0m[2m:[0m relation ""video_weekly_reports"" already exists, skipping"
1769795533418,"[2m2026-01-30T17:52:13.418441Z[0m [32m INFO[0m [2msqlx::postgres::notice[0m[2m:[0m relation ""idx_video_weekly_reports_week"" already exists, skipping"
1769795533420,"[2m2026-01-30T17:52:13.420657Z[0m [32m INFO[0m [2msqlx::postgres::notice[0m[2m:[0m relation ""service_inventory_overrides"" already exists, skipping"
1769795533423,"[2m2026-01-30T17:52:13.423047Z[0m [32m INFO[0m [2msqlx::postgres::notice[0m[2m:[0m relation ""idx_service_inventory_overrides_unique"" already exists, skipping"
1769795533425,"[2m2026-01-30T17:52:13.425446Z[0m [32m INFO[0m [2msqlx::postgres::notice[0m[2m:[0m relation ""idx_service_inventory_overrides_last_synced"" already exists, skipping"
1769795533434,"[2m2026-01-30T17:52:13.434022Z[0m [32m INFO[0m [2msqlx::postgres::notice[0m[2m:[0m relation ""product_delivery_config"" already exists, skipping"
1769795533436,"[2m2026-01-30T17:52:13.436379Z[0m [32m INFO[0m [2msqlx::postgres::notice[0m[2m:[0m relation ""idx_product_delivery_config_service"" already exists, skipping"
1769795533438,"[2m2026-01-30T17:52:13.438683Z[0m [32m INFO[0m [2msqlx::postgres::notice[0m[2m:[0m relation ""idx_product_delivery_config_active"" already exists, skipping"
1769795533441,"[2m2026-01-30T17:52:13.440975Z[0m [32m INFO[0m [2msqlx::postgres::notice[0m[2m:[0m relation ""client_delivery_preferences"" already exists, skipping"
1769795533443,"[2m2026-01-30T17:52:13.443301Z[0m [32m INFO[0m [2msqlx::postgres::notice[0m[2m:[0m relation ""idx_client_delivery_preferences_user"" already exists, skipping"
1769795533445,"[2m2026-01-30T17:52:13.445567Z[0m [32m INFO[0m [2msqlx::postgres::notice[0m[2m:[0m relation ""idx_client_delivery_preferences_delivery"" already exists, skipping"
1769795533447,"[2m2026-01-30T17:52:13.447870Z[0m [32m INFO[0m [2msqlx::postgres::notice[0m[2m:[0m relation ""idx_client_delivery_preferences_date"" already exists, skipping"
1769795533451,"[2m2026-01-30T17:52:13.450975Z[0m [32m INFO[0m [2msqlx::postgres::notice[0m[2m:[0m relation ""external_delivery_providers"" already exists, skipping"
1769795533453,"[2m2026-01-30T17:52:13.453303Z[0m [32m INFO[0m [2msqlx::postgres::notice[0m[2m:[0m relation ""idx_external_providers_api_key"" already exists, skipping"
1769795533455,"[2m2026-01-30T17:52:13.455590Z[0m [32m INFO[0m [2msqlx::postgres::notice[0m[2m:[0m relation ""idx_external_providers_active"" already exists, skipping"
1769795533457,"[2m2026-01-30T17:52:13.457794Z[0m [32m INFO[0m [2msqlx::postgres::notice[0m[2m:[0m relation ""public_tracking_tokens"" already exists, skipping"
1769795533460,"[2m2026-01-30T17:52:13.460064Z[0m [32m INFO[0m [2msqlx::postgres::notice[0m[2m:[0m relation ""idx_public_tracking_tokens_token"" already exists, skipping"
1769795533462,"[2m2026-01-30T17:52:13.462330Z[0m [32m INFO[0m [2msqlx::postgres::notice[0m[2m:[0m relation ""idx_public_tracking_tokens_delivery"" already exists, skipping"
1769795533464,"[2m2026-01-30T17:52:13.464607Z[0m [32m INFO[0m [2msqlx::postgres::notice[0m[2m:[0m relation ""delivery_payment_reservations"" already exists, skipping"
1769795533466,"[2m2026-01-30T17:52:13.466966Z[0m [32m INFO[0m [2msqlx::postgres::notice[0m[2m:[0m relation ""idx_delivery_payment_reservations_delivery"" already exists, skipping"
1769795533469,"[2m2026-01-30T17:52:13.469259Z[0m [32m INFO[0m [2msqlx::postgres::notice[0m[2m:[0m relation ""idx_delivery_payment_reservations_user"" already exists, skipping"
1769795533471,"[2m2026-01-30T17:52:13.471494Z[0m [32m INFO[0m [2msqlx::postgres::notice[0m[2m:[0m relation ""idx_delivery_payment_reservations_status"" already exists, skipping"
1769795533474,"[2m2026-01-30T17:52:13.474006Z[0m [32m INFO[0m [2msqlx::postgres::notice[0m[2m:[0m column ""payment_methods"" of relation ""users"" already exists, skipping"
1769795533477,"[2m2026-01-30T17:52:13.477066Z[0m [32m INFO[0m [2msqlx::postgres::notice[0m[2m:[0m column ""client_payment_method"" of relation ""delivery_payment_reservations"" already exists, skipping"
1769795533477,"[2m2026-01-30T17:52:13.477088Z[0m [32m INFO[0m [2msqlx::postgres::notice[0m[2m:[0m column ""merchant_payment_method"" of relation ""delivery_payment_reservations"" already exists, skipping"
1769795533477,"[2m2026-01-30T17:52:13.477136Z[0m [32m INFO[0m [2msqlx::postgres::notice[0m[2m:[0m column ""payout_method_used"" of relation ""delivery_payment_reservations"" already exists, skipping"
1769795533480,"[2m2026-01-30T17:52:13.480395Z[0m [32m INFO[0m [2msqlx::postgres::notice[0m[2m:[0m relation ""idx_users_payment_methods"" already exists, skipping"
1769795533483,"[2m2026-01-30T17:52:13.483426Z[0m [32m INFO[0m [2msqlx::postgres::notice[0m[2m:[0m relation ""idx_delivery_payment_reservations_payout_method"" already exists, skipping"
1769795533485,"[2m2026-01-30T17:52:13.485702Z[0m [32m INFO[0m [2msqlx::postgres::notice[0m[2m:[0m relation ""pharmacies"" already exists, skipping"
1769795533488,"[2m2026-01-30T17:52:13.488000Z[0m [32m INFO[0m [2msqlx::postgres::notice[0m[2m:[0m relation ""idx_pharmacies_user_id"" already exists, skipping"
1769795533490,"[2m2026-01-30T17:52:13.490309Z[0m [32m INFO[0m [2msqlx::postgres::notice[0m[2m:[0m relation ""idx_pharmacies_service_id"" already exists, skipping"
1769795533492,"[2m2026-01-30T17:52:13.492699Z[0m [32m INFO[0m [2msqlx::postgres::notice[0m[2m:[0m relation ""idx_pharmacies_is_active"" already exists, skipping"
1769795533495,"[2m2026-01-30T17:52:13.495054Z[0m [32m INFO[0m [2msqlx::postgres::notice[0m[2m:[0m relation ""idx_pharmacies_is_on_duty"" already exists, skipping"
1769795533497,"[2m2026-01-30T17:52:13.497347Z[0m [32m INFO[0m [2msqlx::postgres::notice[0m[2m:[0m relation ""idx_pharmacies_ville"" already exists, skipping"
1769795533499,"[2m2026-01-30T17:52:13.499619Z[0m [32m INFO[0m [2msqlx::postgres::notice[0m[2m:[0m relation ""idx_pharmacies_quartier"" already exists, skipping"
1769795533502,"[2m2026-01-30T17:52:13.502027Z[0m [32m INFO[0m [2msqlx::postgres::notice[0m[2m:[0m relation ""idx_pharmacies_services_gin"" already exists, skipping"
1769795533504,"[2m2026-01-30T17:52:13.504335Z[0m [32m INFO[0m [2msqlx::postgres::notice[0m[2m:[0m relation ""hopitaux_cliniques"" already exists, skipping"
1769795533506,"[2m2026-01-30T17:52:13.506740Z[0m [32m INFO[0m [2msqlx::postgres::notice[0m[2m:[0m relation ""idx_hopitaux_user_id"" already exists, skipping"
1769795533509,"[2m2026-01-30T17:52:13.509027Z[0m [32m INFO[0m [2msqlx::postgres::notice[0m[2m:[0m relation ""idx_hopitaux_service_id"" already exists, skipping"
1769795533511,"[2m2026-01-30T17:52:13.511405Z[0m [32m INFO[0m [2msqlx::postgres::notice[0m[2m:[0m relation ""idx_hopitaux_type"" already exists, skipping"
1769795533513,"[2m2026-01-30T17:52:13.513698Z[0m [32m INFO[0m [2msqlx::postgres::notice[0m[2m:[0m relation ""idx_hopitaux_is_active"" already exists, skipping"
1769795533516,"[2m2026-01-30T17:52:13.516118Z[0m [32m INFO[0m [2msqlx::postgres::notice[0m[2m:[0m relation ""idx_hopitaux_is_available"" already exists, skipping"
1769795533518,"[2m2026-01-30T17:52:13.518379Z[0m [32m INFO[0m [2msqlx::postgres::notice[0m[2m:[0m relation ""idx_hopitaux_prestations_gin"" already exists, skipping"
1769795533520,"[2m2026-01-30T17:52:13.520823Z[0m [32m INFO[0m [2msqlx::postgres::notice[0m[2m:[0m relation ""idx_hopitaux_planning_gin"" already exists, skipping"
1769795533523,"[2m2026-01-30T17:52:13.523150Z[0m [32m INFO[0m [2msqlx::postgres::notice[0m[2m:[0m relation ""laboratoires_imagerie"" already exists, skipping"
1769795533525,"[2m2026-01-30T17:52:13.525520Z[0m [32m INFO[0m [2msqlx::postgres::notice[0m[2m:[0m relation ""idx_laboratoires_user_id"" already exists, skipping"
1769795533527,"[2m2026-01-30T17:52:13.527784Z[0m [32m INFO[0m [2msqlx::postgres::notice[0m[2m:[0m relation ""idx_laboratoires_service_id"" already exists, skipping"
1769795533530,"[2m2026-01-30T17:52:13.530080Z[0m [32m INFO[0m [2msqlx::postgres::notice[0m[2m:[0m relation ""idx_laboratoires_type"" already exists, skipping"
1769795533532,"[2m2026-01-30T17:52:13.532355Z[0m [32m INFO[0m [2msqlx::postgres::notice[0m[2m:[0m relation ""idx_laboratoires_analyses_gin"" already exists, skipping"
1769795533534,"[2m2026-01-30T17:52:13.534649Z[0m [32m INFO[0m [2msqlx::postgres::notice[0m[2m:[0m relation ""idx_laboratoires_imagerie_gin"" already exists, skipping"
1769795533537,"[2m2026-01-30T17:52:13.536986Z[0m [32m INFO[0m [2msqlx::postgres::notice[0m[2m:[0m relation ""idx_laboratoires_is_available"" already exists, skipping"
1769795533539,"[2m2026-01-30T17:52:13.539316Z[0m [32m INFO[0m [2msqlx::postgres::notice[0m[2m:[0m relation ""agences_voyage"" already exists, skipping"
1769795533541,"[2m2026-01-30T17:52:13.541658Z[0m [32m INFO[0m [2msqlx::postgres::notice[0m[2m:[0m relation ""idx_agences_user_id"" already exists, skipping"
1769795533543,"[2m2026-01-30T17:52:13.543917Z[0m [32m INFO[0m [2msqlx::postgres::notice[0m[2m:[0m relation ""idx_agences_service_id"" already exists, skipping"
1769795533546,"[2m2026-01-30T17:52:13.546206Z[0m [32m INFO[0m [2msqlx::postgres::notice[0m[2m:[0m relation ""idx_agences_tickets_bus"" already exists, skipping"
1769795533548,"[2m2026-01-30T17:52:13.548478Z[0m [32m INFO[0m [2msqlx::postgres::notice[0m[2m:[0m relation ""idx_agences_services_gin"" already exists, skipping"
1769795533550,"[2m2026-01-30T17:52:13.550807Z[0m [32m INFO[0m [2msqlx::postgres::notice[0m[2m:[0m relation ""idx_agences_compagnies_gin"" already exists, skipping"
1769795533553,"[2m2026-01-30T17:52:13.553094Z[0m [32m INFO[0m [2msqlx::postgres::notice[0m[2m:[0m relation ""idx_agences_destinations_gin"" already exists, skipping"
1769795533555,"[2m2026-01-30T17:52:13.555405Z[0m [32m INFO[0m [2msqlx::postgres::notice[0m[2m:[0m relation ""covoiturages"" already exists, skipping"
1769795533557,"[2m2026-01-30T17:52:13.557788Z[0m [32m INFO[0m [2msqlx::postgres::notice[0m[2m:[0m relation ""idx_covoiturages_user_id"" already exists, skipping"
1769795533560,"[2m2026-01-30T17:52:13.560088Z[0m [32m INFO[0m [2msqlx::postgres::notice[0m[2m:[0m relation ""idx_covoiturages_service_id"" already exists, skipping"
1769795533562,"[2m2026-01-30T17:52:13.562721Z[0m [32m INFO[0m [2msqlx::postgres::notice[0m[2m:[0m relation ""idx_covoiturages_date_depart"" already exists, skipping"
1769795533565,"[2m2026-01-30T17:52:13.565316Z[0m [32m INFO[0m [2msqlx::postgres::notice[0m[2m:[0m relation ""idx_covoiturages_statut"" already exists, skipping"
1769795533567,"[2m2026-01-30T17:52:13.567663Z[0m [32m INFO[0m [2msqlx::postgres::notice[0m[2m:[0m relation ""idx_covoiturages_depart_destination"" already exists, skipping"
1769795533569,"[2m2026-01-30T17:52:13.569967Z[0m [32m INFO[0m [2msqlx::postgres::notice[0m[2m:[0m relation ""idx_covoiturages_places_disponibles"" already exists, skipping"
1769795533572,"[2m2026-01-30T17:52:13.572319Z[0m [32m INFO[0m [2msqlx::postgres::notice[0m[2m:[0m relation ""taxis_ville"" already exists, skipping"
1769795533574,"[2m2026-01-30T17:52:13.574669Z[0m [32m INFO[0m [2msqlx::postgres::notice[0m[2m:[0m relation ""idx_taxis_user_id"" already exists, skipping"
1769795533577,"[2m2026-01-30T17:52:13.576974Z[0m [32m INFO[0m [2msqlx::postgres::notice[0m[2m:[0m relation ""idx_taxis_service_id"" already exists, skipping"
1769795533579,"[2m2026-01-30T17:52:13.579266Z[0m [32m INFO[0m [2msqlx::postgres::notice[0m[2m:[0m relation ""idx_taxis_is_available"" already exists, skipping"
1769795533581,"[2m2026-01-30T17:52:13.581573Z[0m [32m INFO[0m [2msqlx::postgres::notice[0m[2m:[0m relation ""idx_taxis_is_on_duty"" already exists, skipping"
1769795533583,"[2m2026-01-30T17:52:13.583857Z[0m [32m INFO[0m [2msqlx::postgres::notice[0m[2m:[0m relation ""idx_taxis_zone_gin"" already exists, skipping"
1769795533627,"[2m2026-01-30T17:52:13.627054Z[0m [32m INFO[0m [2msqlx::postgres::notice[0m[2m:[0m relation ""banques_sang"" already exists, skipping"
1769795533629,"[2m2026-01-30T17:52:13.629384Z[0m [32m INFO[0m [2msqlx::postgres::notice[0m[2m:[0m relation ""idx_banques_sang_user_id"" already exists, skipping"
1769795533631,"[2m2026-01-30T17:52:13.631703Z[0m [32m INFO[0m [2msqlx::postgres::notice[0m[2m:[0m relation ""idx_banques_sang_service_id"" already exists, skipping"
1769795533633,"[2m2026-01-30T17:52:13.633940Z[0m [32m INFO[0m [2msqlx::postgres::notice[0m[2m:[0m relation ""idx_banques_sang_hopital_id"" already exists, skipping"
1769795533636,"[2m2026-01-30T17:52:13.636763Z[0m [32m INFO[0m [2msqlx::postgres::notice[0m[2m:[0m relation ""idx_banques_sang_is_active"" already exists, skipping"
1769795533659,"[2m2026-01-30T17:52:13.659092Z[0m [32m INFO[0m [2msqlx::postgres::notice[0m[2m:[0m relation ""idx_banques_sang_is_available"" already exists, skipping"
1769795533670,"[2m2026-01-30T17:52:13.670064Z[0m [32m INFO[0m [2msqlx::postgres::notice[0m[2m:[0m relation ""idx_banques_sang_urgence_24h"" already exists, skipping"
1769795533673,"[2m2026-01-30T17:52:13.673098Z[0m [32m INFO[0m [2msqlx::postgres::notice[0m[2m:[0m relation ""idx_banques_sang_accepte_dons"" already exists, skipping"
1769795533675,"[2m2026-01-30T17:52:13.675535Z[0m [32m INFO[0m [2msqlx::postgres::notice[0m[2m:[0m relation ""idx_banques_sang_accepte_demandes"" already exists, skipping"
1769795533680,"[2m2026-01-30T17:52:13.680710Z[0m [32m INFO[0m [2msqlx::postgres::notice[0m[2m:[0m relation ""idx_banques_sang_stocks_gin"" already exists, skipping"
1769795533687,"[2m2026-01-30T17:52:13.687577Z[0m [32m INFO[0m [2msqlx::postgres::notice[0m[2m:[0m relation ""idx_banques_sang_planning_gin"" already exists, skipping"
1769795533699,"[2m2026-01-30T17:52:13.698996Z[0m [32m INFO[0m [2msqlx::postgres::notice[0m[2m:[0m relation ""idx_banques_sang_ville"" already exists, skipping"
1769795533703,"[2m2026-01-30T17:52:13.703665Z[0m [32m INFO[0m [2msqlx::postgres::notice[0m[2m:[0m relation ""idx_banques_sang_quartier"" already exists, skipping"
1769795533710,"[2m2026-01-30T17:52:13.710410Z[0m [32m INFO[0m [2msqlx::postgres::notice[0m[2m:[0m relation ""idx_banques_sang_gps"" already exists, skipping"
1769795533713,"[2m2026-01-30T17:52:13.713000Z[0m [32m INFO[0m [2msqlx::postgres::notice[0m[2m:[0m trigger ""update_banques_sang_updated_at"" for relation ""banques_sang"" does not exist, skipping"
1769795533728,"[2m2026-01-30T17:52:13.728140Z[0m [32m INFO[0m [2msqlx::postgres::notice[0m[2m:[0m relation ""idx_agences_bus_products_gin"" already exists, skipping"
1769795533744,"[2m2026-01-30T17:52:13.744722Z[0m [32m INFO[0m [2msqlx::postgres::notice[0m[2m:[0m relation ""bus_ticket_payments"" already exists, skipping"
1769795533747,"[2m2026-01-30T17:52:13.747730Z[0m [32m INFO[0m [2msqlx::postgres::notice[0m[2m:[0m relation ""idx_bus_ticket_payments_user"" already exists, skipping"
1769795533750,"[2m2026-01-30T17:52:13.750506Z[0m [32m INFO[0m [2msqlx::postgres::notice[0m[2m:[0m relation ""idx_bus_ticket_payments_agency"" already exists, skipping"
1769795533753,"[2m2026-01-30T17:52:13.753139Z[0m [32m INFO[0m [2msqlx::postgres::notice[0m[2m:[0m relation ""idx_bus_ticket_payments_date"" already exists, skipping"
1769795533755,"[2m2026-01-30T17:52:13.755662Z[0m [32m INFO[0m [2msqlx::postgres::notice[0m[2m:[0m relation ""idx_bus_ticket_payments_route"" already exists, skipping"
1769795533758,"[2m2026-01-30T17:52:13.758107Z[0m [32m INFO[0m [2msqlx::postgres::notice[0m[2m:[0m relation ""idx_bus_ticket_payments_created"" already exists, skipping"
1769795533784,"[2m2026-01-30T17:52:13.784857Z[0m [32m INFO[0m [2msqlx::postgres::notice[0m[2m:[0m relation ""idx_bus_payments_payout_status"" already exists, skipping"
1769795533793,"[2m2026-01-30T17:52:13.793035Z[0m [32m INFO[0m [2msqlx::postgres::notice[0m[2m:[0m relation ""bus_reservations"" already exists, skipping"
1769795533795,"[2m2026-01-30T17:52:13.795626Z[0m [32m INFO[0m [2msqlx::postgres::notice[0m[2m:[0m relation ""idx_bus_reservations_user"" already exists, skipping"
1769795533798,"[2m2026-01-30T17:52:13.798346Z[0m [32m INFO[0m [2msqlx::postgres::notice[0m[2m:[0m relation ""idx_bus_reservations_product"" already exists, skipping"
1769795533800,"[2m2026-01-30T17:52:13.800708Z[0m [32m INFO[0m [2msqlx::postgres::notice[0m[2m:[0m relation ""idx_bus_reservations_status"" already exists, skipping"
1769795533803,"[2m2026-01-30T17:52:13.803025Z[0m [32m INFO[0m [2msqlx::postgres::notice[0m[2m:[0m relation ""idx_bus_reservations_created_at"" already exists, skipping"
1769795533805,"[2m2026-01-30T17:52:13.805369Z[0m [32m INFO[0m [2msqlx::postgres::notice[0m[2m:[0m relation ""idx_bus_reservations_expires_at"" already exists, skipping"
1769795533807,"[2m2026-01-30T17:52:13.807810Z[0m [32m INFO[0m [2msqlx::postgres::notice[0m[2m:[0m relation ""idx_bus_reservations_payment_status"" already exists, skipping"
1769795533810,"[2m2026-01-30T17:52:13.810216Z[0m [32m INFO[0m [2msqlx::postgres::notice[0m[2m:[0m relation ""idx_bus_reservations_product_status"" already exists, skipping"
1769795533812,"[2m2026-01-30T17:52:13.812549Z[0m [32m INFO[0m [2msqlx::postgres::notice[0m[2m:[0m relation ""bus_boarding_status"" already exists, skipping"
1769795533814,"[2m2026-01-30T17:52:13.814830Z[0m [32m INFO[0m [2msqlx::postgres::notice[0m[2m:[0m relation ""idx_bus_boarding_product"" already exists, skipping"
1769795533817,"[2m2026-01-30T17:52:13.817094Z[0m [32m INFO[0m [2msqlx::postgres::notice[0m[2m:[0m relation ""idx_bus_boarding_reservation"" already exists, skipping"
1769795533819,"[2m2026-01-30T17:52:13.819423Z[0m [32m INFO[0m [2msqlx::postgres::notice[0m[2m:[0m relation ""idx_bus_boarding_status"" already exists, skipping"
1769795533821,"[2m2026-01-30T17:52:13.821686Z[0m [32m INFO[0m [2msqlx::postgres::notice[0m[2m:[0m relation ""idx_bus_boarding_validated"" already exists, skipping"
1769795533824,"[2m2026-01-30T17:52:13.823963Z[0m [32m INFO[0m [2msqlx::postgres::notice[0m[2m:[0m relation ""idx_bus_boarding_validated_by"" already exists, skipping"
1769795533837,"[2m2026-01-30T17:52:13.837620Z[0m [32m INFO[0m [2msqlx::postgres::notice[0m[2m:[0m relation ""bus_seat_blocks"" already exists, skipping"
1769795533839,"[2m2026-01-30T17:52:13.839951Z[0m [32m INFO[0m [2msqlx::postgres::notice[0m[2m:[0m relation ""idx_bus_seat_blocks_product"" already exists, skipping"
1769795533842,"[2m2026-01-30T17:52:13.842267Z[0m [32m INFO[0m [2msqlx::postgres::notice[0m[2m:[0m relation ""idx_bus_seat_blocks_active"" already exists, skipping"
1769795533844,"[2m2026-01-30T17:52:13.844558Z[0m [32m INFO[0m [2msqlx::postgres::notice[0m[2m:[0m relation ""idx_bus_seat_blocks_seat"" already exists, skipping"
1769795533846,"[2m2026-01-30T17:52:13.846959Z[0m [32m INFO[0m [2msqlx::postgres::notice[0m[2m:[0m relation ""idx_bus_seat_blocks_unique_active"" already exists, skipping"
1769795533862,"[2m2026-01-30T17:52:13.862622Z[0m [32m INFO[0m [2msqlx::postgres::notice[0m[2m:[0m relation ""user_blood_groups"" already exists, skipping"
1769795533864,"[2m2026-01-30T17:52:13.864940Z[0m [32m INFO[0m [2msqlx::postgres::notice[0m[2m:[0m relation ""idx_user_blood_groups_user"" already exists, skipping"
1769795533867,"[2m2026-01-30T17:52:13.867268Z[0m [32m INFO[0m [2msqlx::postgres::notice[0m[2m:[0m relation ""idx_user_blood_groups_groupe"" already exists, skipping"
1769795533869,"[2m2026-01-30T17:52:13.869620Z[0m [32m INFO[0m [2msqlx::postgres::notice[0m[2m:[0m relation ""idx_user_blood_groups_available"" already exists, skipping"
1769795533872,"[2m2026-01-30T17:52:13.871984Z[0m [32m INFO[0m [2msqlx::postgres::notice[0m[2m:[0m relation ""idx_user_blood_groups_next_donation"" already exists, skipping"
1769795533874,"[2m2026-01-30T17:52:13.874325Z[0m [32m INFO[0m [2msqlx::postgres::notice[0m[2m:[0m relation ""blood_donation_requests"" already exists, skipping"
1769795533876,"[2m2026-01-30T17:52:13.876654Z[0m [32m INFO[0m [2msqlx::postgres::notice[0m[2m:[0m relation ""idx_blood_donation_requests_banque"" already exists, skipping"
1769795533878,"[2m2026-01-30T17:52:13.878942Z[0m [32m INFO[0m [2msqlx::postgres::notice[0m[2m:[0m relation ""idx_blood_donation_requests_groupe"" already exists, skipping"
1769795533881,"[2m2026-01-30T17:52:13.881315Z[0m [32m INFO[0m [2msqlx::postgres::notice[0m[2m:[0m relation ""idx_blood_donation_requests_status"" already exists, skipping"
1769795533883,"[2m2026-01-30T17:52:13.883636Z[0m [32m INFO[0m [2msqlx::postgres::notice[0m[2m:[0m relation ""idx_blood_donation_requests_urgent"" already exists, skipping"
1769795533886,"[2m2026-01-30T17:52:13.885988Z[0m [32m INFO[0m [2msqlx::postgres::notice[0m[2m:[0m relation ""idx_blood_donation_requests_created"" already exists, skipping"
1769795533888,"[2m2026-01-30T17:52:13.888312Z[0m [32m INFO[0m [2msqlx::postgres::notice[0m[2m:[0m relation ""blood_donation_matches"" already exists, skipping"
1769795533890,"[2m2026-01-30T17:52:13.890603Z[0m [32m INFO[0m [2msqlx::postgres::notice[0m[2m:[0m relation ""idx_blood_donation_matches_request"" already exists, skipping"
1769795533892,"[2m2026-01-30T17:52:13.892902Z[0m [32m INFO[0m [2msqlx::postgres::notice[0m[2m:[0m relation ""idx_blood_donation_matches_donor"" already exists, skipping"
1769795533895,"[2m2026-01-30T17:52:13.895246Z[0m [32m INFO[0m [2msqlx::postgres::notice[0m[2m:[0m relation ""idx_blood_donation_matches_status"" already exists, skipping"
1769795533897,"[2m2026-01-30T17:52:13.897565Z[0m [32m INFO[0m [2msqlx::postgres::notice[0m[2m:[0m relation ""idx_blood_donation_matches_relevance"" already exists, skipping"
1769795533899,"[2m2026-01-30T17:52:13.899906Z[0m [32m INFO[0m [2msqlx::postgres::notice[0m[2m:[0m relation ""idx_blood_donation_matches_distance"" already exists, skipping"
1769795533928,"[2m2026-01-30T17:52:13.928183Z[0m [32m INFO[0m [2msqlx::postgres::notice[0m[2m:[0m relation ""idx_users_blood_group"" already exists, skipping"
1769795533930,"[2m2026-01-30T17:52:13.930404Z[0m [32m INFO[0m [2msqlx::postgres::notice[0m[2m:[0m relation ""agency_departure_schedules"" already exists, skipping"
1769795533932,"[2m2026-01-30T17:52:13.932774Z[0m [32m INFO[0m [2msqlx::postgres::notice[0m[2m:[0m relation ""idx_agency_schedules_route"" already exists, skipping"
1769795533935,"[2m2026-01-30T17:52:13.935095Z[0m [32m INFO[0m [2msqlx::postgres::notice[0m[2m:[0m relation ""idx_agency_schedules_agency"" already exists, skipping"
1769795533937,"[2m2026-01-30T17:52:13.937361Z[0m [32m INFO[0m [2msqlx::postgres::notice[0m[2m:[0m relation ""idx_agency_schedules_active"" already exists, skipping"
1769795533939,"[2m2026-01-30T17:52:13.939677Z[0m [32m INFO[0m [2msqlx::postgres::notice[0m[2m:[0m relation ""idx_agency_schedules_day"" already exists, skipping"
1769795533949,"[2m2026-01-30T17:52:13.949419Z[0m [32m INFO[0m [2msqlx::postgres::notice[0m[2m:[0m relation ""idx_bus_payments_return_date"" already exists, skipping"
1769795533951,"[2m2026-01-30T17:52:13.951834Z[0m [32m INFO[0m [2msqlx::postgres::notice[0m[2m:[0m relation ""idx_bus_payments_return_time"" already exists, skipping"
1769795533955,"[2m2026-01-30T17:52:13.954137Z[0m [32m INFO[0m [2msqlx::postgres::notice[0m[2m:[0m relation ""videos"" already exists, skipping"
1769795533956,"[2m2026-01-30T17:52:13.956532Z[0m [32m INFO[0m [2msqlx::postgres::notice[0m[2m:[0m relation ""idx_videos_service_id"" already exists, skipping"
1769795533958,"[2m2026-01-30T17:52:13.958947Z[0m [32m INFO[0m [2msqlx::postgres::notice[0m[2m:[0m relation ""idx_videos_content_id"" already exists, skipping"
1769795533961,"[2m2026-01-30T17:52:13.961527Z[0m [32m INFO[0m [2msqlx::postgres::notice[0m[2m:[0m relation ""idx_videos_is_active"" already exists, skipping"
1769795533964,"[2m2026-01-30T17:52:13.963998Z[0m [32m INFO[0m [2msqlx::postgres::notice[0m[2m:[0m relation ""idx_videos_created_at"" already exists, skipping"
1769795533966,"[2m2026-01-30T17:52:13.966264Z[0m [32m INFO[0m [2msqlx::postgres::notice[0m[2m:[0m relation ""idx_videos_studio_session_id"" already exists, skipping"
1769795533968,"[2m2026-01-30T17:52:13.968547Z[0m [32m INFO[0m [2msqlx::postgres::notice[0m[2m:[0m relation ""idx_videos_hashtags_gin"" already exists, skipping"
1769795533971,"[2m2026-01-30T17:52:13.971057Z[0m [32m INFO[0m [2msqlx::postgres::notice[0m[2m:[0m relation ""idx_videos_title_fulltext"" already exists, skipping"
1769795533973,"[2m2026-01-30T17:52:13.973614Z[0m [32m INFO[0m [2msqlx::postgres::notice[0m[2m:[0m relation ""idx_videos_description_fulltext"" already exists, skipping"
1769795533975,"[2m2026-01-30T17:52:13.975955Z[0m [32m INFO[0m [2msqlx::postgres::notice[0m[2m:[0m relation ""idx_videos_embedding"" already exists, skipping"
1769795534015,"[2m2026-01-30T17:52:14.015593Z[0m [32m INFO[0m [2msqlx::postgres::notice[0m[2m:[0m relation ""message_reactions"" already exists, skipping"
1769795534017,"[2m2026-01-30T17:52:14.017890Z[0m [32m INFO[0m [2msqlx::postgres::notice[0m[2m:[0m relation ""idx_message_reactions_message_id"" already exists, skipping"
1769795534020,"[2m2026-01-30T17:52:14.020233Z[0m [32m INFO[0m [2msqlx::postgres::notice[0m[2m:[0m relation ""idx_message_reactions_user_id"" already exists, skipping"
1769795534043,"[2m2026-01-30T17:52:14.043118Z[0m [32m INFO[0m [2msqlx::postgres::notice[0m[2m:[0m relation ""delivery_chat_messages"" already exists, skipping"
1769795534045,"[2m2026-01-30T17:52:14.045535Z[0m [32m INFO[0m [2msqlx::postgres::notice[0m[2m:[0m relation ""idx_delivery_chat_messages_delivery_id"" already exists, skipping"
1769795534047,"[2m2026-01-30T17:52:14.047816Z[0m [32m INFO[0m [2msqlx::postgres::notice[0m[2m:[0m relation ""idx_delivery_chat_messages_sender_id"" already exists, skipping"
1769795534051,"[2m2026-01-30T17:52:14.050105Z[0m [32m INFO[0m [2msqlx::postgres::notice[0m[2m:[0m relation ""idx_delivery_chat_messages_created_at"" already exists, skipping"
1769795534052,"[2m2026-01-30T17:52:14.052389Z[0m [32m INFO[0m [2msqlx::postgres::notice[0m[2m:[0m relation ""idx_delivery_chat_messages_delivery_created"" already exists, skipping"
1769795534054,"[2m2026-01-30T17:52:14.054672Z[0m [32m INFO[0m [2msqlx::postgres::notice[0m[2m:[0m relation ""delivery_gamification_stats"" already exists, skipping"
1769795534057,"[2m2026-01-30T17:52:14.057038Z[0m [32m INFO[0m [2msqlx::postgres::notice[0m[2m:[0m relation ""idx_delivery_gamification_stats_points"" already exists, skipping"
1769795534059,"[2m2026-01-30T17:52:14.059323Z[0m [32m INFO[0m [2msqlx::postgres::notice[0m[2m:[0m relation ""idx_delivery_gamification_stats_level"" already exists, skipping"
1769795534061,"[2m2026-01-30T17:52:14.061603Z[0m [32m INFO[0m [2msqlx::postgres::notice[0m[2m:[0m relation ""idx_delivery_gamification_stats_deliveries"" already exists, skipping"
1769795534063,"[2m2026-01-30T17:52:14.063800Z[0m [32m INFO[0m [2msqlx::postgres::notice[0m[2m:[0m relation ""delivery_badges"" already exists, skipping"
1769795534066,"[2m2026-01-30T17:52:14.066120Z[0m [32m INFO[0m [2msqlx::postgres::notice[0m[2m:[0m relation ""idx_delivery_badges_user_id"" already exists, skipping"
1769795534068,"[2m2026-01-30T17:52:14.068378Z[0m [32m INFO[0m [2msqlx::postgres::notice[0m[2m:[0m relation ""idx_delivery_badges_type"" already exists, skipping"
1769795534070,"[2m2026-01-30T17:52:14.070653Z[0m [32m INFO[0m [2msqlx::postgres::notice[0m[2m:[0m relation ""idx_delivery_badges_earned_at"" already exists, skipping"
1769795534072,"[2m2026-01-30T17:52:14.072902Z[0m [32m INFO[0m [2msqlx::postgres::notice[0m[2m:[0m relation ""delivery_points_history"" already exists, skipping"
1769795534075,"[2m2026-01-30T17:52:14.075267Z[0m [32m INFO[0m [2msqlx::postgres::notice[0m[2m:[0m relation ""idx_delivery_points_history_user_id"" already exists, skipping"
1769795534077,"[2m2026-01-30T17:52:14.077666Z[0m [32m INFO[0m [2msqlx::postgres::notice[0m[2m:[0m relation ""idx_delivery_points_history_created_at"" already exists, skipping"
1769795534080,"[2m2026-01-30T17:52:14.080036Z[0m [32m INFO[0m [2msqlx::postgres::notice[0m[2m:[0m relation ""idx_delivery_points_history_delivery_id"" already exists, skipping"
1769795534082,"[2m2026-01-30T17:52:14.082303Z[0m [32m INFO[0m [2msqlx::postgres::notice[0m[2m:[0m relation ""delivery_product_suggestions"" already exists, skipping"
1769795534084,"[2m2026-01-30T17:52:14.084585Z[0m [32m INFO[0m [2msqlx::postgres::notice[0m[2m:[0m relation ""idx_delivery_product_suggestions_delivery_id"" already exists, skipping"
1769795534086,"[2m2026-01-30T17:52:14.086902Z[0m [32m INFO[0m [2msqlx::postgres::notice[0m[2m:[0m relation ""idx_delivery_product_suggestions_user_id"" already exists, skipping"
1769795534089,"[2m2026-01-30T17:52:14.089127Z[0m [32m INFO[0m [2msqlx::postgres::notice[0m[2m:[0m relation ""idx_delivery_product_suggestions_created_at"" already exists, skipping"
1769795534091,"[2m2026-01-30T17:52:14.091377Z[0m [32m INFO[0m [2msqlx::postgres::notice[0m[2m:[0m relation ""idx_delivery_product_suggestions_accepted"" already exists, skipping"
1769795534107,"[2m2026-01-30T17:52:14.107543Z[0m [32m INFO[0m [2msqlx::postgres::notice[0m[2m:[0m relation ""effects"" already exists, skipping"
1769795534109,"[2m2026-01-30T17:52:14.109878Z[0m [32m INFO[0m [2msqlx::postgres::notice[0m[2m:[0m relation ""idx_effects_category"" already exists, skipping"
1769795534112,"[2m2026-01-30T17:52:14.112155Z[0m [32m INFO[0m [2msqlx::postgres::notice[0m[2m:[0m relation ""idx_effects_tags"" already exists, skipping"
1769795534114,"[2m2026-01-30T17:52:14.114451Z[0m [32m INFO[0m [2msqlx::postgres::notice[0m[2m:[0m relation ""idx_effects_popularity"" already exists, skipping"
1769795534116,"[2m2026-01-30T17:52:14.116770Z[0m [32m INFO[0m [2msqlx::postgres::notice[0m[2m:[0m relation ""idx_effects_name"" already exists, skipping"
1769795534119,"[2m2026-01-30T17:52:14.119091Z[0m [32m INFO[0m [2msqlx::postgres::notice[0m[2m:[0m relation ""idx_effects_category_popularity"" already exists, skipping"
1769795534124,"[2m2026-01-30T17:52:14.124293Z[0m [32m INFO[0m [2msqlx::postgres::notice[0m[2m:[0m trigger ""trigger_update_effects_updated_at"" for relation ""effects"" does not exist, skipping"
1769795534130,"[2m2026-01-30T17:52:14.130282Z[0m [32m INFO[0m [2msqlx::postgres::notice[0m[2m:[0m relation ""video_templates"" already exists, skipping"
1769795534132,"[2m2026-01-30T17:52:14.132616Z[0m [32m INFO[0m [2msqlx::postgres::notice[0m[2m:[0m relation ""idx_templates_industry"" already exists, skipping"
1769795534135,"[2m2026-01-30T17:52:14.134993Z[0m [32m INFO[0m [2msqlx::postgres::notice[0m[2m:[0m relation ""idx_templates_subcategory"" already exists, skipping"
1769795534137,"[2m2026-01-30T17:52:14.137481Z[0m [32m INFO[0m [2msqlx::postgres::notice[0m[2m:[0m relation ""idx_templates_tags"" already exists, skipping"
1769795534139,"[2m2026-01-30T17:52:14.139805Z[0m [32m INFO[0m [2msqlx::postgres::notice[0m[2m:[0m relation ""idx_templates_popularity"" already exists, skipping"
1769795534142,"[2m2026-01-30T17:52:14.142154Z[0m [32m INFO[0m [2msqlx::postgres::notice[0m[2m:[0m relation ""idx_templates_usage"" already exists, skipping"
1769795534144,"[2m2026-01-30T17:52:14.144401Z[0m [32m INFO[0m [2msqlx::postgres::notice[0m[2m:[0m relation ""idx_templates_name"" already exists, skipping"
1769795534146,"[2m2026-01-30T17:52:14.146744Z[0m [32m INFO[0m [2msqlx::postgres::notice[0m[2m:[0m relation ""idx_templates_industry_popularity"" already exists, skipping"
1769795534155,[2m2026-01-30T17:52:14.155149Z[0m [32m INFO[0m [2msqlx::postgres::notice[0m[2m:[0m Enrichissement effets: Utiliser la migration 20250127_002_enrich_effects_to_100.sql (actuellement: 0 effets)
1769795534155,[2m2026-01-30T17:52:14.155618Z[0m [32m INFO[0m [2msqlx::postgres::notice[0m[2m:[0m Enrichissement templates: Utiliser les migrations 20250127_003 et 20250127_004 (actuellement: 0 templates)
1769795534158,"[2m2026-01-30T17:52:14.158018Z[0m [32m INFO[0m [2msqlx::postgres::notice[0m[2m:[0m relation ""plugin_marketplace"" already exists, skipping"
1769795534160,"[2m2026-01-30T17:52:14.160344Z[0m [32m INFO[0m [2msqlx::postgres::notice[0m[2m:[0m relation ""idx_plugin_marketplace_category"" already exists, skipping"
1769795534162,"[2m2026-01-30T17:52:14.162596Z[0m [32m INFO[0m [2msqlx::postgres::notice[0m[2m:[0m relation ""idx_plugin_marketplace_tags"" already exists, skipping"
1769795534164,"[2m2026-01-30T17:52:14.164959Z[0m [32m INFO[0m [2msqlx::postgres::notice[0m[2m:[0m relation ""idx_plugin_marketplace_featured"" already exists, skipping"
1769795534167,"[2m2026-01-30T17:52:14.167542Z[0m [32m INFO[0m [2msqlx::postgres::notice[0m[2m:[0m relation ""idx_plugin_marketplace_rating"" already exists, skipping"
1769795534169,"[2m2026-01-30T17:52:14.169809Z[0m [32m INFO[0m [2msqlx::postgres::notice[0m[2m:[0m relation ""idx_plugin_marketplace_downloads"" already exists, skipping"
1769795534177,"[2m2026-01-30T17:52:14.177731Z[0m [32m INFO[0m [2msqlx::postgres::notice[0m[2m:[0m relation ""plugin_dependencies"" already exists, skipping"
1769795534180,"[2m2026-01-30T17:52:14.180569Z[0m [32m INFO[0m [2msqlx::postgres::notice[0m[2m:[0m relation ""idx_plugin_dependencies_plugin"" already exists, skipping"
1769795534182,"[2m2026-01-30T17:52:14.182844Z[0m [32m INFO[0m [2msqlx::postgres::notice[0m[2m:[0m relation ""idx_plugin_dependencies_dep"" already exists, skipping"
1769795534185,"[2m2026-01-30T17:52:14.185296Z[0m [32m INFO[0m [2msqlx::postgres::notice[0m[2m:[0m relation ""plugin_permissions"" already exists, skipping"
1769795534187,"[2m2026-01-30T17:52:14.187645Z[0m [32m INFO[0m [2msqlx::postgres::notice[0m[2m:[0m relation ""idx_plugin_permissions_plugin"" already exists, skipping"
1769795534189,"[2m2026-01-30T17:52:14.189878Z[0m [32m INFO[0m [2msqlx::postgres::notice[0m[2m:[0m relation ""plugin_reviews"" already exists, skipping"
1769795534192,"[2m2026-01-30T17:52:14.192180Z[0m [32m INFO[0m [2msqlx::postgres::notice[0m[2m:[0m relation ""idx_plugin_reviews_plugin"" already exists, skipping"
1769795534194,"[2m2026-01-30T17:52:14.194486Z[0m [32m INFO[0m [2msqlx::postgres::notice[0m[2m:[0m relation ""idx_plugin_reviews_user"" already exists, skipping"
1769795534196,"[2m2026-01-30T17:52:14.196748Z[0m [32m INFO[0m [2msqlx::postgres::notice[0m[2m:[0m relation ""idx_plugin_reviews_rating"" already exists, skipping"
1769795534204,"[2m2026-01-30T17:52:14.204774Z[0m [32m INFO[0m [2msqlx::postgres::notice[0m[2m:[0m relation ""family_profiles"" already exists, skipping"
1769795534207,"[2m2026-01-30T17:52:14.207121Z[0m [32m INFO[0m [2msqlx::postgres::notice[0m[2m:[0m relation ""recipes"" already exists, skipping"
1769795534209,"[2m2026-01-30T17:52:14.209375Z[0m [32m INFO[0m [2msqlx::postgres::notice[0m[2m:[0m relation ""menu_plans"" already exists, skipping"
1769795534211,"[2m2026-01-30T17:52:14.211600Z[0m [32m INFO[0m [2msqlx::postgres::notice[0m[2m:[0m relation ""planned_meals"" already exists, skipping"
1769795534213,"[2m2026-01-30T17:52:14.213834Z[0m [32m INFO[0m [2msqlx::postgres::notice[0m[2m:[0m relation ""recipe_favorites"" already exists, skipping"
1769795534216,"[2m2026-01-30T17:52:14.216532Z[0m [32m INFO[0m [2msqlx::postgres::notice[0m[2m:[0m relation ""shopping_lists"" already exists, skipping"
1769795534218,"[2m2026-01-30T17:52:14.218795Z[0m [32m INFO[0m [2msqlx::postgres::notice[0m[2m:[0m relation ""shopping_list_items"" already exists, skipping"
1769795534221,"[2m2026-01-30T17:52:14.221066Z[0m [32m INFO[0m [2msqlx::postgres::notice[0m[2m:[0m relation ""nutrition_analytics"" already exists, skipping"
1769795534223,"[2m2026-01-30T17:52:14.223477Z[0m [32m INFO[0m [2msqlx::postgres::notice[0m[2m:[0m relation ""idx_menu_plans_user_week"" already exists, skipping"
1769795534226,"[2m2026-01-30T17:52:14.226071Z[0m [32m INFO[0m [2msqlx::postgres::notice[0m[2m:[0m relation ""idx_planned_meals_menu_plan"" already exists, skipping"
1769795534228,"[2m2026-01-30T17:52:14.228938Z[0m [32m INFO[0m [2msqlx::postgres::notice[0m[2m:[0m relation ""idx_shopping_lists_user_week"" already exists, skipping"
1769795534231,"[2m2026-01-30T17:52:14.231217Z[0m [32m INFO[0m [2msqlx::postgres::notice[0m[2m:[0m relation ""idx_recipes_tags"" already exists, skipping"
1769795534233,"[2m2026-01-30T17:52:14.233483Z[0m [32m INFO[0m [2msqlx::postgres::notice[0m[2m:[0m relation ""idx_recipes_cuisine"" already exists, skipping"
1769795534235,"[2m2026-01-30T17:52:14.235791Z[0m [32m INFO[0m [2msqlx::postgres::notice[0m[2m:[0m relation ""idx_shopping_list_items_list"" already exists, skipping"
1769795534238,"[2m2026-01-30T17:52:14.238186Z[0m [32m INFO[0m [2msqlx::postgres::notice[0m[2m:[0m relation ""idx_family_profiles_user"" already exists, skipping"
1769795534240,"[2m2026-01-30T17:52:14.240528Z[0m [32m INFO[0m [2msqlx::postgres::notice[0m[2m:[0m relation ""idx_recipe_favorites_user"" already exists, skipping"
1769795534242,"[2m2026-01-30T17:52:14.242904Z[0m [32m INFO[0m [2msqlx::postgres::notice[0m[2m:[0m relation ""idx_nutrition_analytics_user_week"" already exists, skipping"
1769795534272,"[2m2026-01-30T17:52:14.272837Z[0m [32m INFO[0m [2msqlx::postgres::notice[0m[2m:[0m relation ""idx_services_id_for_updates"" already exists, skipping"
1769795534275,"[2m2026-01-30T17:52:14.275354Z[0m [32m INFO[0m [2msqlx::postgres::notice[0m[2m:[0m relation ""idx_services_produits_valeur_gin"" already exists, skipping"
1769795534277,"[2m2026-01-30T17:52:14.277859Z[0m [32m INFO[0m [2msqlx::postgres::notice[0m[2m:[0m relation ""idx_services_data_produits_partial"" already exists, skipping"
1769795534280,"[2m2026-01-30T17:52:14.280459Z[0m [32m INFO[0m [2msqlx::postgres::notice[0m[2m:[0m relation ""product_creation_queue"" already exists, skipping"
1769795534283,"[2m2026-01-30T17:52:14.283139Z[0m [32m INFO[0m [2msqlx::postgres::notice[0m[2m:[0m relation ""idx_product_queue_status_priority"" already exists, skipping"
1769795534285,"[2m2026-01-30T17:52:14.285523Z[0m [32m INFO[0m [2msqlx::postgres::notice[0m[2m:[0m relation ""idx_product_queue_created_at"" already exists, skipping"
1769795534288,"[2m2026-01-30T17:52:14.288123Z[0m [32m INFO[0m [2msqlx::postgres::notice[0m[2m:[0m relation ""idx_product_queue_service_id"" already exists, skipping"
1769795534299,"[2m2026-01-30T17:52:14.299000Z[0m [32m INFO[0m [2msqlx::postgres::notice[0m[2m:[0m relation ""cache_table"" already exists, skipping"
1769795534301,"[2m2026-01-30T17:52:14.301330Z[0m [32m INFO[0m [2msqlx::postgres::notice[0m[2m:[0m relation ""idx_cache_expires_at"" already exists, skipping"
1769795534303,"[2m2026-01-30T17:52:14.303561Z[0m [32m INFO[0m [2msqlx::postgres::notice[0m[2m:[0m relation ""idx_cache_key_pattern"" already exists, skipping"
1769795534305,"[2m2026-01-30T17:52:14.305770Z[0m [32m INFO[0m [2msqlx::postgres::notice[0m[2m:[0m function cleanup_expired_cache() does not exist, skipping"
1769795534337,"[2m2026-01-30T17:52:14.337232Z[0m [32m INFO[0m [2msqlx::postgres::notice[0m[2m:[0m relation ""idx_deliveries_return_pickup_location_gist"" already exists, skipping"
1769795534339,"[2m2026-01-30T17:52:14.339520Z[0m [32m INFO[0m [2msqlx::postgres::notice[0m[2m:[0m relation ""idx_deliveries_return_dropoff_location_gist"" already exists, skipping"
1769795534342,"[2m2026-01-30T17:52:14.342201Z[0m [32m INFO[0m [2msqlx::postgres::notice[0m[2m:[0m relation ""idx_deliveries_round_trip"" already exists, skipping"
1769795534344,"[2m2026-01-30T17:52:14.344634Z[0m [32m INFO[0m [2msqlx::postgres::notice[0m[2m:[0m relation ""idx_courier_availability_snapshots_recent"" already exists, skipping"
1769795534352,"[2m2026-01-30T17:52:14.352248Z[0m [32m INFO[0m [2msqlx::postgres::notice[0m[2m:[0m relation ""idx_courier_availability_snapshots_user_courier"" already exists, skipping"
1769795534354,"[2m2026-01-30T17:52:14.354659Z[0m [32m INFO[0m [2msqlx::postgres::notice[0m[2m:[0m relation ""idx_delivery_matching_queue_delivery_id_status"" already exists, skipping"
1769795534357,"[2m2026-01-30T17:52:14.356981Z[0m [32m INFO[0m [2msqlx::postgres::notice[0m[2m:[0m relation ""idx_delivery_matching_queue_next_attempt"" already exists, skipping"
1769795534359,"[2m2026-01-30T17:52:14.359436Z[0m [32m INFO[0m [2msqlx::postgres::notice[0m[2m:[0m relation ""idx_deliveries_creator_id"" already exists, skipping"
1769795534361,"[2m2026-01-30T17:52:14.361825Z[0m [32m INFO[0m [2msqlx::postgres::notice[0m[2m:[0m relation ""idx_deliveries_courier_id"" already exists, skipping"
1769795534364,"[2m2026-01-30T17:52:14.364298Z[0m [32m INFO[0m [2msqlx::postgres::notice[0m[2m:[0m relation ""idx_deliveries_recipient_user_id"" already exists, skipping"
1769795534367,"[2m2026-01-30T17:52:14.367100Z[0m [32m INFO[0m [2msqlx::postgres::notice[0m[2m:[0m relation ""idx_deliveries_tracking_token"" already exists, skipping"
1769795534369,"[2m2026-01-30T17:52:14.369441Z[0m [32m INFO[0m [2msqlx::postgres::notice[0m[2m:[0m relation ""idx_deliveries_recipient_tracking_token"" already exists, skipping"
1769795534369,[2m2026-01-30T17:52:14.369515Z[0m [32m INFO[0m [2myukpomnang_backend[0m[2m:[0m ✅ [MIGRATION 0] Migration 0 appliquée avec succès via execute_multiple_sql_commands
1769795534369,[2m2026-01-30T17:52:14.369523Z[0m [32m INFO[0m [2myukpomnang_backend[0m[2m:[0m ℹ️ [MIGRATION 0] SQLx va calculer et insérer le checksum correct lors de sqlx::migrate!()
1769795534369,[2m2026-01-30T17:52:14.369528Z[0m [33m WARN[0m [2myukpomnang_backend[0m[2m:[0m 🔄 [MIGRATION CONSOLIDÉE] Application FORCÉE de la migration consolidée AVANT sqlx::migrate!()...
1769795534369,"[2m2026-01-30T17:52:14.369532Z[0m [32m INFO[0m [2myukpomnang_backend[0m[2m:[0m 💡 Cette approche garantit que la migration consolidée s'exécute toujours, comme sur Render"
1769795534369,"[2m2026-01-30T17:52:14.369553Z[0m [32m INFO[0m [2myukpomnang_backend[0m[2m:[0m 🔍 [MIGRATION CONSOLIDÉE] Fichier chargé, taille: 1437 caractères"
1769795534369,"[2m2026-01-30T17:52:14.369557Z[0m [32m INFO[0m [2myukpomnang_backend[0m[2m:[0m 🔍 [MIGRATION CONSOLIDÉE] Fonction execute_multiple_sql_commands déjà importée, début de l'exécution..."
1769795534371,"[2m2026-01-30T17:52:14.371672Z[0m [32m INFO[0m [2msqlx::postgres::notice[0m[2m:[0m extension ""uuid-ossp"" already exists, skipping"
1769795534373,"[2m2026-01-30T17:52:14.373840Z[0m [32m INFO[0m [2msqlx::postgres::notice[0m[2m:[0m extension ""pg_trgm"" already exists, skipping"
1769795534376,"[2m2026-01-30T17:52:14.376040Z[0m [32m INFO[0m [2msqlx::postgres::notice[0m[2m:[0m extension ""unaccent"" already exists, skipping"
1769795534378,"[2m2026-01-30T17:52:14.378457Z[0m [32m INFO[0m [2msqlx::postgres::notice[0m[2m:[0m extension ""pgcrypto"" already exists, skipping"
1769795534378,[2m2026-01-30T17:52:14.378529Z[0m [32m INFO[0m [2myukpomnang_backend[0m[2m:[0m ✅ [MIGRATION CONSOLIDÉE] Migration consolidée appliquée avec succès (AVANT sqlx::migrate!())
1769795534378,[2m2026-01-30T17:52:14.378538Z[0m [32m INFO[0m [2myukpomnang_backend[0m[2m:[0m 🔄 [MIGRATIONS SQLX] Application des migrations SQLx standard (incluant vérification checksum migration 0)...
1769795704780,"[2m2026-01-30T17:55:04.780678Z[0m [33m WARN[0m [2msqlx::query[0m[2m:[0m slow statement: execution time exceeded alert threshold [3msummary[0m[2m=[0m""SELECT pg_advisory_lock($1)"" [3mdb.statement[0m[2m=[0m"""" [3mrows_affected[0m[2m=[0m1 [3mrows_returned[0m[2m=[0m1 [3melapsed[0m[2m=[0m170.399962957s [3melapsed_secs[0m[2m=[0m170.399962957 [3mslow_threshold[0m[2m=[0m1s"
1769795704782,"[2m2026-01-30T17:55:04.782415Z[0m [32m INFO[0m [2msqlx::postgres::notice[0m[2m:[0m relation ""_sqlx_migrations"" already exists, skipping"
1769795704804,"[2m2026-01-30T17:55:04.804216Z[0m [32m INFO[0m [2msqlx::postgres::notice[0m[2m:[0m extension ""uuid-ossp"" already exists, skipping"
1769795704804,"[2m2026-01-30T17:55:04.804229Z[0m [32m INFO[0m [2msqlx::postgres::notice[0m[2m:[0m extension ""pg_trgm"" already exists, skipping"
1769795704804,"[2m2026-01-30T17:55:04.804237Z[0m [32m INFO[0m [2msqlx::postgres::notice[0m[2m:[0m extension ""unaccent"" already exists, skipping"
1769795704804,"[2m2026-01-30T17:55:04.804316Z[0m [32m INFO[0m [2msqlx::postgres::notice[0m[2m:[0m extension ""pgcrypto"" already exists, skipping"
1769795704804,"[2m2026-01-30T17:55:04.804323Z[0m [32m INFO[0m [2msqlx::postgres::notice[0m[2m:[0m extension ""postgis"" already exists, skipping"
1769795704804,"[2m2026-01-30T17:55:04.804331Z[0m [32m INFO[0m [2msqlx::postgres::notice[0m[2m:[0m extension ""vector"" already exists, skipping"
1769795704804,[2m2026-01-30T17:55:04.804392Z[0m [32m INFO[0m [2msqlx::postgres::notice[0m[2m:[0m ✅ Extension pgvector installée avec succès
1769795704804,"[2m2026-01-30T17:55:04.804401Z[0m [32m INFO[0m [2msqlx::postgres::notice[0m[2m:[0m relation ""users"" already exists, skipping"
1769795704805,"[2m2026-01-30T17:55:04.805862Z[0m [32m INFO[0m [2msqlx::postgres::notice[0m[2m:[0m relation ""user_documents"" already exists, skipping"
1769795704806,"[2m2026-01-30T17:55:04.805994Z[0m [32m INFO[0m [2msqlx::postgres::notice[0m[2m:[0m relation ""idx_user_documents_user_id"" already exists, skipping"
1769795704806,"[2m2026-01-30T17:55:04.806073Z[0m [32m INFO[0m [2msqlx::postgres::notice[0m[2m:[0m relation ""idx_user_documents_status"" already exists, skipping"
1769795704806,"[2m2026-01-30T17:55:04.806081Z[0m [32m INFO[0m [2msqlx::postgres::notice[0m[2m:[0m relation ""idx_user_documents_type"" already exists, skipping"
1769795704806,"[2m2026-01-30T17:55:04.806150Z[0m [32m INFO[0m [2msqlx::postgres::notice[0m[2m:[0m relation ""idx_user_documents_user_status"" already exists, skipping"
1769795704807,"[2m2026-01-30T17:55:04.807788Z[0m [32m INFO[0m [2msqlx::postgres::notice[0m[2m:[0m relation ""services"" already exists, skipping"
1769795704807,"[2m2026-01-30T17:55:04.807800Z[0m [32m INFO[0m [2msqlx::postgres::notice[0m[2m:[0m relation ""media"" already exists, skipping"
1769795704813,"[2m2026-01-30T17:55:04.813086Z[0m [32m INFO[0m [2msqlx::postgres::notice[0m[2m:[0m relation ""idx_media_product_id"" already exists, skipping"
1769795704813,"[2m2026-01-30T17:55:04.813144Z[0m [32m INFO[0m [2msqlx::postgres::notice[0m[2m:[0m relation ""idx_media_product_index"" already exists, skipping"
1769795704813,"[2m2026-01-30T17:55:04.813207Z[0m [32m INFO[0m [2msqlx::postgres::notice[0m[2m:[0m relation ""idx_media_service_product"" already exists, skipping"
1769795704813,"[2m2026-01-30T17:55:04.813268Z[0m [32m INFO[0m [2msqlx::postgres::notice[0m[2m:[0m relation ""idx_media_main_image"" already exists, skipping"
1769795704813,"[2m2026-01-30T17:55:04.813314Z[0m [32m INFO[0m [2msqlx::postgres::notice[0m[2m:[0m relation ""idx_media_product_display"" already exists, skipping"
1769795704813,"[2m2026-01-30T17:55:04.813407Z[0m [32m INFO[0m [2msqlx::postgres::notice[0m[2m:[0m relation ""idx_media_ai_description_fulltext"" already exists, skipping"
1769795704813,"[2m2026-01-30T17:55:04.813475Z[0m [32m INFO[0m [2msqlx::postgres::notice[0m[2m:[0m relation ""idx_media_ai_tags_gin"" already exists, skipping"
1769795704813,"[2m2026-01-30T17:55:04.813489Z[0m [32m INFO[0m [2msqlx::postgres::notice[0m[2m:[0m relation ""idx_media_ai_category"" already exists, skipping"
1769795704813,"[2m2026-01-30T17:55:04.813495Z[0m [32m INFO[0m [2msqlx::postgres::notice[0m[2m:[0m relation ""idx_media_ai_metadata_gin"" already exists, skipping"
1769795704814,"[2m2026-01-30T17:55:04.813975Z[0m [32m INFO[0m [2msqlx::postgres::notice[0m[2m:[0m relation ""google_places_data"" already exists, skipping"
1769795704814,"[2m2026-01-30T17:55:04.814078Z[0m [32m INFO[0m [2msqlx::postgres::notice[0m[2m:[0m relation ""idx_google_places_data_service_id"" already exists, skipping"
1769795704814,"[2m2026-01-30T17:55:04.814131Z[0m [32m INFO[0m [2msqlx::postgres::notice[0m[2m:[0m relation ""idx_google_places_data_place_id"" already exists, skipping"
1769795704814,"[2m2026-01-30T17:55:04.814173Z[0m [32m INFO[0m [2msqlx::postgres::notice[0m[2m:[0m relation ""idx_google_places_data_location_vector"" already exists, skipping"
1769795704814,"[2m2026-01-30T17:55:04.814196Z[0m [32m INFO[0m [2msqlx::postgres::notice[0m[2m:[0m relation ""idx_google_places_data_types"" already exists, skipping"
1769795704814,"[2m2026-01-30T17:55:04.814241Z[0m [32m INFO[0m [2msqlx::postgres::notice[0m[2m:[0m relation ""idx_google_places_data_cuisine"" already exists, skipping"
1769795704814,"[2m2026-01-30T17:55:04.814304Z[0m [32m INFO[0m [2msqlx::postgres::notice[0m[2m:[0m relation ""consultation_historique"" already exists, skipping"
1769795704814,"[2m2026-01-30T17:55:04.814327Z[0m [32m INFO[0m [2msqlx::postgres::notice[0m[2m:[0m relation ""token_packs"" already exists, skipping"
1769795704814,"[2m2026-01-30T17:55:04.814362Z[0m [32m INFO[0m [2msqlx::postgres::notice[0m[2m:[0m relation ""service_logs"" already exists, skipping"
1769795704814,"[2m2026-01-30T17:55:04.814397Z[0m [32m INFO[0m [2msqlx::postgres::notice[0m[2m:[0m relation ""payment_transactions"" already exists, skipping"
1769795704814,"[2m2026-01-30T17:55:04.814407Z[0m [32m INFO[0m [2msqlx::postgres::notice[0m[2m:[0m relation ""token_transactions"" already exists, skipping"
1769795704814,"[2m2026-01-30T17:55:04.814456Z[0m [32m INFO[0m [2msqlx::postgres::notice[0m[2m:[0m relation ""idx_payment_transactions_user_id"" already exists, skipping"
1769795704814,"[2m2026-01-30T17:55:04.814464Z[0m [32m INFO[0m [2msqlx::postgres::notice[0m[2m:[0m relation ""idx_payment_transactions_status"" already exists, skipping"
1769795704814,"[2m2026-01-30T17:55:04.814535Z[0m [32m INFO[0m [2msqlx::postgres::notice[0m[2m:[0m relation ""idx_payment_transactions_created_at"" already exists, skipping"
1769795704814,"[2m2026-01-30T17:55:04.814600Z[0m [32m INFO[0m [2msqlx::postgres::notice[0m[2m:[0m relation ""idx_token_transactions_user_id"" already exists, skipping"
1769795704814,"[2m2026-01-30T17:55:04.814638Z[0m [32m INFO[0m [2msqlx::postgres::notice[0m[2m:[0m relation ""idx_token_transactions_type"" already exists, skipping"
1769795704814,"[2m2026-01-30T17:55:04.814659Z[0m [32m INFO[0m [2msqlx::postgres::notice[0m[2m:[0m relation ""autocomplete_characteristics"" already exists, skipping"
1769795704814,"[2m2026-01-30T17:55:04.814728Z[0m [32m INFO[0m [2msqlx::postgres::notice[0m[2m:[0m relation ""idx_autocomplete_identifiant_base"" already exists, skipping"
1769795704814,"[2m2026-01-30T17:55:04.814790Z[0m [32m INFO[0m [2msqlx::postgres::notice[0m[2m:[0m relation ""idx_autocomplete_sous_caracteristique"" already exists, skipping"
1769795704814,"[2m2026-01-30T17:55:04.814841Z[0m [32m INFO[0m [2msqlx::postgres::notice[0m[2m:[0m relation ""idx_autocomplete_base_sous"" already exists, skipping"
1769795704814,"[2m2026-01-30T17:55:04.814911Z[0m [32m INFO[0m [2msqlx::postgres::notice[0m[2m:[0m relation ""idx_autocomplete_valeur_lower"" already exists, skipping"
1769795704814,"[2m2026-01-30T17:55:04.814953Z[0m [32m INFO[0m [2msqlx::postgres::notice[0m[2m:[0m relation ""idx_autocomplete_origine"" already exists, skipping"
1769795704815,"[2m2026-01-30T17:55:04.815033Z[0m [32m INFO[0m [2msqlx::postgres::notice[0m[2m:[0m relation ""idx_autocomplete_usage_count"" already exists, skipping"
1769795704815,"[2m2026-01-30T17:55:04.815066Z[0m [32m INFO[0m [2msqlx::postgres::notice[0m[2m:[0m relation ""idx_autochar_characteristic_vector_gin"" already exists, skipping"
1769795704815,"[2m2026-01-30T17:55:04.815103Z[0m [32m INFO[0m [2msqlx::postgres::notice[0m[2m:[0m relation ""idx_autochar_location_vector_gin"" already exists, skipping"
1769795704815,"[2m2026-01-30T17:55:04.815150Z[0m [32m INFO[0m [2msqlx::postgres::notice[0m[2m:[0m relation ""idx_autochar_full_vector_gin"" already exists, skipping"
1769795704815,"[2m2026-01-30T17:55:04.815214Z[0m [32m INFO[0m [2msqlx::postgres::notice[0m[2m:[0m relation ""idx_autochar_product_id"" already exists, skipping"
1769795704815,"[2m2026-01-30T17:55:04.815298Z[0m [32m INFO[0m [2msqlx::postgres::notice[0m[2m:[0m relation ""idx_autochar_geoname_id"" already exists, skipping"
1769795704815,"[2m2026-01-30T17:55:04.815305Z[0m [32m INFO[0m [2msqlx::postgres::notice[0m[2m:[0m relation ""idx_autochar_location_usage"" already exists, skipping"
1769795704815,"[2m2026-01-30T17:55:04.815408Z[0m [32m INFO[0m [2msqlx::postgres::notice[0m[2m:[0m relation ""idx_autocomplete_real_product_composite"" already exists, skipping"
1769795704815,"[2m2026-01-30T17:55:04.815496Z[0m [32m INFO[0m [2msqlx::postgres::notice[0m[2m:[0m relation ""idx_autocomplete_relevance_sort"" already exists, skipping"
1769795704815,"[2m2026-01-30T17:55:04.815560Z[0m [32m INFO[0m [2msqlx::postgres::notice[0m[2m:[0m relation ""idx_autocomplete_full_vector_gin_filtered"" already exists, skipping"
1769795704815,"[2m2026-01-30T17:55:04.815616Z[0m [32m INFO[0m [2msqlx::postgres::notice[0m[2m:[0m relation ""idx_autocomplete_chosen_location_filtered"" already exists, skipping"
1769795704816,"[2m2026-01-30T17:55:04.816312Z[0m [32m INFO[0m [2msqlx::postgres::notice[0m[2m:[0m relation ""autocomplete_combinations"" already exists, skipping"
1769795704816,"[2m2026-01-30T17:55:04.816496Z[0m [32m INFO[0m [2msqlx::postgres::notice[0m[2m:[0m relation ""idx_combinations_session"" already exists, skipping"
1769795704816,"[2m2026-01-30T17:55:04.816556Z[0m [32m INFO[0m [2msqlx::postgres::notice[0m[2m:[0m relation ""idx_combinations_usage_count"" already exists, skipping"
1769795704816,"[2m2026-01-30T17:55:04.816668Z[0m [32m INFO[0m [2msqlx::postgres::notice[0m[2m:[0m relation ""idx_combinations_variant"" already exists, skipping"
1769795704816,"[2m2026-01-30T17:55:04.816733Z[0m [32m INFO[0m [2msqlx::postgres::notice[0m[2m:[0m relation ""idx_combinations_product_vector_gin"" already exists, skipping"
1769795704816,"[2m2026-01-30T17:55:04.816785Z[0m [32m INFO[0m [2msqlx::postgres::notice[0m[2m:[0m relation ""idx_combinations_full_vector_gin"" already exists, skipping"
1769795704817,"[2m2026-01-30T17:55:04.817295Z[0m [32m INFO[0m [2msqlx::postgres::notice[0m[2m:[0m relation ""service_products"" already exists, skipping"
1769795704817,"[2m2026-01-30T17:55:04.817517Z[0m [32m INFO[0m [2msqlx::postgres::notice[0m[2m:[0m relation ""idx_service_products_service_id"" already exists, skipping"
1769795704817,"[2m2026-01-30T17:55:04.817525Z[0m [32m INFO[0m [2msqlx::postgres::notice[0m[2m:[0m relation ""idx_service_products_active"" already exists, skipping"
1769795704817,"[2m2026-01-30T17:55:04.817588Z[0m [32m INFO[0m [2msqlx::postgres::notice[0m[2m:[0m relation ""idx_service_products_type"" already exists, skipping"
1769795704817,"[2m2026-01-30T17:55:04.817595Z[0m [32m INFO[0m [2msqlx::postgres::notice[0m[2m:[0m relation ""idx_service_products_name_gin"" already exists, skipping"
1769795704817,"[2m2026-01-30T17:55:04.817673Z[0m [32m INFO[0m [2msqlx::postgres::notice[0m[2m:[0m relation ""idx_service_products_data_gin"" already exists, skipping"
1769795704817,"[2m2026-01-30T17:55:04.817714Z[0m [32m INFO[0m [2msqlx::postgres::notice[0m[2m:[0m relation ""idx_service_products_service_index"" already exists, skipping"
1769795704817,"[2m2026-01-30T17:55:04.817762Z[0m [32m INFO[0m [2msqlx::postgres::notice[0m[2m:[0m relation ""idx_service_products_created_at"" already exists, skipping"
1769795704818,"[2m2026-01-30T17:55:04.818842Z[0m [32m INFO[0m [2msqlx::postgres::notice[0m[2m:[0m relation ""products_lifecycle"" already exists, skipping"
1769795704819,"[2m2026-01-30T17:55:04.819001Z[0m [32m INFO[0m [2msqlx::postgres::notice[0m[2m:[0m relation ""idx_products_lifecycle_service_id"" already exists, skipping"
1769795704819,"[2m2026-01-30T17:55:04.819073Z[0m [32m INFO[0m [2msqlx::postgres::notice[0m[2m:[0m relation ""idx_products_lifecycle_active"" already exists, skipping"
1769795704819,"[2m2026-01-30T17:55:04.819150Z[0m [32m INFO[0m [2msqlx::postgres::notice[0m[2m:[0m relation ""idx_products_lifecycle_service_product"" already exists, skipping"
1769795704819,"[2m2026-01-30T17:55:04.819209Z[0m [32m INFO[0m [2msqlx::postgres::notice[0m[2m:[0m relation ""idx_products_lifecycle_service_product_active"" already exists, skipping"
1769795704819,"[2m2026-01-30T17:55:04.819373Z[0m [32m INFO[0m [2msqlx::postgres::notice[0m[2m:[0m relation ""idx_services_user_id_created_at_desc"" already exists, skipping"
1769795704819,"[2m2026-01-30T17:55:04.819703Z[0m [32m INFO[0m [2msqlx::postgres::notice[0m[2m:[0m relation ""service_reviews"" already exists, skipping"
1769795704819,"[2m2026-01-30T17:55:04.819854Z[0m [32m INFO[0m [2msqlx::postgres::notice[0m[2m:[0m relation ""idx_service_reviews_user_id"" already exists, skipping"
1769795704819,"[2m2026-01-30T17:55:04.819920Z[0m [32m INFO[0m [2msqlx::postgres::notice[0m[2m:[0m relation ""idx_service_reviews_service_id"" already exists, skipping"
1769795704819,"[2m2026-01-30T17:55:04.819968Z[0m [32m INFO[0m [2msqlx::postgres::notice[0m[2m:[0m relation ""idx_service_reviews_rating"" already exists, skipping"
1769795704820,"[2m2026-01-30T17:55:04.820044Z[0m [32m INFO[0m [2msqlx::postgres::notice[0m[2m:[0m relation ""idx_service_reviews_created_at"" already exists, skipping"
1769795704821,"[2m2026-01-30T17:55:04.821235Z[0m [32m INFO[0m [2msqlx::postgres::notice[0m[2m:[0m relation ""product_reactions"" already exists, skipping"
1769795704823,"[2m2026-01-30T17:55:04.823308Z[0m [32m INFO[0m [2msqlx::postgres::notice[0m[2m:[0m relation ""product_comments"" already exists, skipping"
1769795704823,"[2m2026-01-30T17:55:04.823447Z[0m [32m INFO[0m [2msqlx::postgres::notice[0m[2m:[0m relation ""idx_product_comments_service"" already exists, skipping"
1769795704823,"[2m2026-01-30T17:55:04.823506Z[0m [32m INFO[0m [2msqlx::postgres::notice[0m[2m:[0m relation ""idx_product_comments_parent"" already exists, skipping"
1769795704823,"[2m2026-01-30T17:55:04.823547Z[0m [32m INFO[0m [2msqlx::postgres::notice[0m[2m:[0m relation ""idx_product_comments_user"" already exists, skipping"
1769795704824,"[2m2026-01-30T17:55:04.824093Z[0m [32m INFO[0m [2msqlx::postgres::notice[0m[2m:[0m relation ""product_comment_reactions"" already exists, skipping"
1769795704824,"[2m2026-01-30T17:55:04.824188Z[0m [32m INFO[0m [2msqlx::postgres::notice[0m[2m:[0m relation ""idx_product_comment_reactions_comment"" already exists, skipping"
1769795704824,"[2m2026-01-30T17:55:04.824239Z[0m [32m INFO[0m [2msqlx::postgres::notice[0m[2m:[0m relation ""idx_product_comment_reactions_user"" already exists, skipping"
1769795704827,"[2m2026-01-30T17:55:04.827608Z[0m [32m INFO[0m [2msqlx::postgres::notice[0m[2m:[0m relation ""private_conversations"" already exists, skipping"
1769795704830,"[2m2026-01-30T17:55:04.830230Z[0m [32m INFO[0m [2msqlx::postgres::notice[0m[2m:[0m relation ""publicites"" already exists, skipping"
1769795704830,"[2m2026-01-30T17:55:04.830368Z[0m [32m INFO[0m [2msqlx::postgres::notice[0m[2m:[0m relation ""idx_publicites_user_id"" already exists, skipping"
1769795704830,"[2m2026-01-30T17:55:04.830404Z[0m [32m INFO[0m [2msqlx::postgres::notice[0m[2m:[0m relation ""idx_publicites_status"" already exists, skipping"
1769795704830,"[2m2026-01-30T17:55:04.830435Z[0m [32m INFO[0m [2msqlx::postgres::notice[0m[2m:[0m relation ""idx_publicites_zone"" already exists, skipping"
1769795704830,"[2m2026-01-30T17:55:04.830484Z[0m [32m INFO[0m [2msqlx::postgres::notice[0m[2m:[0m relation ""idx_publicites_date_fin"" already exists, skipping"
1769795704830,"[2m2026-01-30T17:55:04.830554Z[0m [32m INFO[0m [2msqlx::postgres::notice[0m[2m:[0m relation ""idx_publicites_produits_gin"" already exists, skipping"
1769795704830,"[2m2026-01-30T17:55:04.830565Z[0m [32m INFO[0m [2msqlx::postgres::notice[0m[2m:[0m relation ""idx_publicites_targeting_gin"" already exists, skipping"
1769795704830,"[2m2026-01-30T17:55:04.830656Z[0m [32m INFO[0m [2msqlx::postgres::notice[0m[2m:[0m relation ""idx_publicites_ab_testing_gin"" already exists, skipping"
1769795704830,"[2m2026-01-30T17:55:04.830663Z[0m [32m INFO[0m [2msqlx::postgres::notice[0m[2m:[0m relation ""idx_publicites_placements_gin"" already exists, skipping"
1769795704830,"[2m2026-01-30T17:55:04.830667Z[0m [32m INFO[0m [2msqlx::postgres::notice[0m[2m:[0m relation ""idx_publicites_retargeting_gin"" already exists, skipping"
1769795704830,"[2m2026-01-30T17:55:04.830744Z[0m [32m INFO[0m [2msqlx::postgres::notice[0m[2m:[0m relation ""idx_publicites_schedule_start"" already exists, skipping"
1769795704830,"[2m2026-01-30T17:55:04.830791Z[0m [32m INFO[0m [2msqlx::postgres::notice[0m[2m:[0m relation ""idx_publicites_schedule_end"" already exists, skipping"
1769795704830,"[2m2026-01-30T17:55:04.830835Z[0m [32m INFO[0m [2msqlx::postgres::notice[0m[2m:[0m relation ""publicite_versions"" already exists, skipping"
1769795704830,"[2m2026-01-30T17:55:04.830966Z[0m [32m INFO[0m [2msqlx::postgres::notice[0m[2m:[0m relation ""idx_publicite_versions_publicite_id"" already exists, skipping"
1769795704831,"[2m2026-01-30T17:55:04.831032Z[0m [32m INFO[0m [2msqlx::postgres::notice[0m[2m:[0m relation ""idx_publicite_versions_user_id"" already exists, skipping"
1769795704831,"[2m2026-01-30T17:55:04.831083Z[0m [32m INFO[0m [2msqlx::postgres::notice[0m[2m:[0m relation ""idx_publicite_versions_created_at"" already exists, skipping"
1769795704831,"[2m2026-01-30T17:55:04.831090Z[0m [32m INFO[0m [2msqlx::postgres::notice[0m[2m:[0m relation ""idx_publicite_versions_change_type"" already exists, skipping"
1769795704833,"[2m2026-01-30T17:55:04.832995Z[0m [32m INFO[0m [2msqlx::postgres::notice[0m[2m:[0m relation ""user_push_tokens"" already exists, skipping"
1769795704833,"[2m2026-01-30T17:55:04.833135Z[0m [32m INFO[0m [2msqlx::postgres::notice[0m[2m:[0m relation ""idx_user_push_tokens_user_id"" already exists, skipping"
1769795704833,"[2m2026-01-30T17:55:04.833192Z[0m [32m INFO[0m [2msqlx::postgres::notice[0m[2m:[0m relation ""idx_user_push_tokens_push_token"" already exists, skipping"
1769795704833,"[2m2026-01-30T17:55:04.833239Z[0m [32m INFO[0m [2msqlx::postgres::notice[0m[2m:[0m relation ""idx_user_push_tokens_is_active"" already exists, skipping"
1769795704833,"[2m2026-01-30T17:55:04.833274Z[0m [32m INFO[0m [2msqlx::postgres::notice[0m[2m:[0m relation ""idx_user_push_tokens_device"" already exists, skipping"
1769795704833,"[2m2026-01-30T17:55:04.833822Z[0m [32m INFO[0m [2msqlx::postgres::notice[0m[2m:[0m relation ""notifications"" already exists, skipping"
1769795704834,"[2m2026-01-30T17:55:04.833977Z[0m [32m INFO[0m [2msqlx::postgres::notice[0m[2m:[0m relation ""idx_notifications_user_id"" already exists, skipping"
1769795704834,"[2m2026-01-30T17:55:04.834060Z[0m [32m INFO[0m [2msqlx::postgres::notice[0m[2m:[0m relation ""idx_notifications_is_read"" already exists, skipping"
1769795704834,"[2m2026-01-30T17:55:04.834138Z[0m [32m INFO[0m [2msqlx::postgres::notice[0m[2m:[0m relation ""idx_notifications_created_at"" already exists, skipping"
1769795704837,"[2m2026-01-30T17:55:04.837485Z[0m [32m INFO[0m [2msqlx::postgres::notice[0m[2m:[0m relation ""publicite_impressions"" already exists, skipping"
1769795704837,"[2m2026-01-30T17:55:04.837600Z[0m [32m INFO[0m [2msqlx::postgres::notice[0m[2m:[0m relation ""idx_publicite_impressions_publicite_user"" already exists, skipping"
1769795704837,"[2m2026-01-30T17:55:04.837887Z[0m [32m INFO[0m [2msqlx::postgres::notice[0m[2m:[0m relation ""idx_publicite_impressions_user_date"" already exists, skipping"
1769795704838,"[2m2026-01-30T17:55:04.837981Z[0m [32m INFO[0m [2msqlx::postgres::notice[0m[2m:[0m relation ""idx_publicite_impressions_publicite_date"" already exists, skipping"
1769795704838,"[2m2026-01-30T17:55:04.838036Z[0m [32m INFO[0m [2msqlx::postgres::notice[0m[2m:[0m relation ""idx_publicite_impressions_placement"" already exists, skipping"
1769795704838,"[2m2026-01-30T17:55:04.838089Z[0m [32m INFO[0m [2msqlx::postgres::notice[0m[2m:[0m relation ""idx_publicite_impressions_user_publicite_date"" already exists, skipping"
1769795704838,"[2m2026-01-30T17:55:04.838521Z[0m [32m INFO[0m [2msqlx::postgres::notice[0m[2m:[0m relation ""pixel_events"" already exists, skipping"
1769795704838,"[2m2026-01-30T17:55:04.838598Z[0m [32m INFO[0m [2msqlx::postgres::notice[0m[2m:[0m relation ""idx_pixel_events_user_id"" already exists, skipping"
1769795704838,"[2m2026-01-30T17:55:04.838659Z[0m [32m INFO[0m [2msqlx::postgres::notice[0m[2m:[0m relation ""idx_pixel_events_event_name"" already exists, skipping"
1769795704838,"[2m2026-01-30T17:55:04.838707Z[0m [32m INFO[0m [2msqlx::postgres::notice[0m[2m:[0m relation ""idx_pixel_events_event_time"" already exists, skipping"
1769795704838,"[2m2026-01-30T17:55:04.838752Z[0m [32m INFO[0m [2msqlx::postgres::notice[0m[2m:[0m relation ""idx_pixel_events_user_event"" already exists, skipping"
1769795704838,"[2m2026-01-30T17:55:04.838807Z[0m [32m INFO[0m [2msqlx::postgres::notice[0m[2m:[0m relation ""idx_pixel_events_event_id"" already exists, skipping"
1769795704838,"[2m2026-01-30T17:55:04.838834Z[0m [32m INFO[0m [2msqlx::postgres::notice[0m[2m:[0m relation ""idx_pixel_events_custom_data_gin"" already exists, skipping"
1769795704838,"[2m2026-01-30T17:55:04.838903Z[0m [32m INFO[0m [2msqlx::postgres::notice[0m[2m:[0m relation ""idx_pixel_events_user_data_gin"" already exists, skipping"
1769795704838,"[2m2026-01-30T17:55:04.838915Z[0m [32m INFO[0m [2msqlx::postgres::notice[0m[2m:[0m relation ""publicite_audiences"" already exists, skipping"
1769795704839,"[2m2026-01-30T17:55:04.839089Z[0m [32m INFO[0m [2msqlx::postgres::notice[0m[2m:[0m relation ""idx_publicite_audiences_user_id"" already exists, skipping"
1769795704839,"[2m2026-01-30T17:55:04.839181Z[0m [32m INFO[0m [2msqlx::postgres::notice[0m[2m:[0m relation ""idx_publicite_audiences_type"" already exists, skipping"
1769795704839,"[2m2026-01-30T17:55:04.839231Z[0m [32m INFO[0m [2msqlx::postgres::notice[0m[2m:[0m relation ""idx_publicite_audiences_user_ids_gin"" already exists, skipping"
1769795704839,"[2m2026-01-30T17:55:04.839935Z[0m [32m INFO[0m [2msqlx::postgres::notice[0m[2m:[0m relation ""automated_reports"" already exists, skipping"
1769795704840,"[2m2026-01-30T17:55:04.840060Z[0m [32m INFO[0m [2msqlx::postgres::notice[0m[2m:[0m relation ""idx_automated_reports_user_id"" already exists, skipping"
1769795704840,"[2m2026-01-30T17:55:04.840118Z[0m [32m INFO[0m [2msqlx::postgres::notice[0m[2m:[0m relation ""idx_automated_reports_frequency"" already exists, skipping"
1769795704840,"[2m2026-01-30T17:55:04.840186Z[0m [32m INFO[0m [2msqlx::postgres::notice[0m[2m:[0m relation ""idx_automated_reports_active"" already exists, skipping"
1769795704840,"[2m2026-01-30T17:55:04.840196Z[0m [32m INFO[0m [2msqlx::postgres::notice[0m[2m:[0m relation ""idx_automated_reports_last_sent"" already exists, skipping"
1769795704843,"[2m2026-01-30T17:55:04.843129Z[0m [32m INFO[0m [2msqlx::postgres::notice[0m[2m:[0m relation ""live_sessions"" already exists, skipping"
1769795704843,"[2m2026-01-30T17:55:04.843209Z[0m [32m INFO[0m [2msqlx::postgres::notice[0m[2m:[0m relation ""idx_live_sessions_status"" already exists, skipping"
1769795704843,"[2m2026-01-30T17:55:04.843267Z[0m [32m INFO[0m [2msqlx::postgres::notice[0m[2m:[0m relation ""idx_live_sessions_start_at"" already exists, skipping"
1769795704843,"[2m2026-01-30T17:55:04.843329Z[0m [32m INFO[0m [2msqlx::postgres::notice[0m[2m:[0m relation ""idx_live_sessions_service_id"" already exists, skipping"
1769795704843,"[2m2026-01-30T17:55:04.843399Z[0m [32m INFO[0m [2msqlx::postgres::notice[0m[2m:[0m relation ""idx_live_sessions_id_host_user"" already exists, skipping"
1769795704843,"[2m2026-01-30T17:55:04.843445Z[0m [32m INFO[0m [2msqlx::postgres::notice[0m[2m:[0m relation ""live_replays"" already exists, skipping"
1769795704843,"[2m2026-01-30T17:55:04.843533Z[0m [32m INFO[0m [2msqlx::postgres::notice[0m[2m:[0m relation ""idx_live_replays_session_id"" already exists, skipping"
1769795704843,"[2m2026-01-30T17:55:04.843579Z[0m [32m INFO[0m [2msqlx::postgres::notice[0m[2m:[0m relation ""live_session_analytics"" already exists, skipping"
1769795704843,"[2m2026-01-30T17:55:04.843646Z[0m [32m INFO[0m [2msqlx::postgres::notice[0m[2m:[0m relation ""idx_live_session_analytics_last_synced"" already exists, skipping"
1769795704843,"[2m2026-01-30T17:55:04.843669Z[0m [32m INFO[0m [2msqlx::postgres::notice[0m[2m:[0m relation ""live_flash_sales"" already exists, skipping"
1769795704843,"[2m2026-01-30T17:55:04.843791Z[0m [32m INFO[0m [2msqlx::postgres::notice[0m[2m:[0m relation ""idx_live_flash_sales_session"" already exists, skipping"
1769795704843,"[2m2026-01-30T17:55:04.843849Z[0m [32m INFO[0m [2msqlx::postgres::notice[0m[2m:[0m relation ""idx_live_flash_sales_status"" already exists, skipping"
1769795704843,"[2m2026-01-30T17:55:04.843919Z[0m [32m INFO[0m [2msqlx::postgres::notice[0m[2m:[0m relation ""idx_live_flash_sales_timing"" already exists, skipping"
1769795704844,"[2m2026-01-30T17:55:04.844056Z[0m [32m INFO[0m [2msqlx::postgres::notice[0m[2m:[0m relation ""idx_live_flash_sales_status_dates"" already exists, skipping"
1769795704844,"[2m2026-01-30T17:55:04.844103Z[0m [32m INFO[0m [2msqlx::postgres::notice[0m[2m:[0m relation ""live_flash_sale_reservations"" already exists, skipping"
1769795704844,"[2m2026-01-30T17:55:04.844198Z[0m [32m INFO[0m [2msqlx::postgres::notice[0m[2m:[0m relation ""idx_live_flash_sale_reservations_flash"" already exists, skipping"
1769795704844,"[2m2026-01-30T17:55:04.844229Z[0m [32m INFO[0m [2msqlx::postgres::notice[0m[2m:[0m relation ""idx_live_flash_sale_reservations_user"" already exists, skipping"
1769795704844,"[2m2026-01-30T17:55:04.844261Z[0m [32m INFO[0m [2msqlx::postgres::notice[0m[2m:[0m relation ""live_flash_sale_commentaries"" already exists, skipping"
1769795704844,"[2m2026-01-30T17:55:04.844358Z[0m [32m INFO[0m [2msqlx::postgres::notice[0m[2m:[0m relation ""idx_live_flash_sale_commentaries_flash"" already exists, skipping"
1769795704844,"[2m2026-01-30T17:55:04.844373Z[0m [32m INFO[0m [2msqlx::postgres::notice[0m[2m:[0m relation ""global_promo_events"" already exists, skipping"
1769795704844,"[2m2026-01-30T17:55:04.844503Z[0m [32m INFO[0m [2msqlx::postgres::notice[0m[2m:[0m relation ""idx_global_promo_events_status"" already exists, skipping"
1769795704844,"[2m2026-01-30T17:55:04.844619Z[0m [32m INFO[0m [2msqlx::postgres::notice[0m[2m:[0m relation ""idx_global_promo_events_status_dates"" already exists, skipping"
1769795704844,"[2m2026-01-30T17:55:04.844683Z[0m [32m INFO[0m [2msqlx::postgres::notice[0m[2m:[0m relation ""idx_global_promo_events_theme"" already exists, skipping"
1769795704844,"[2m2026-01-30T17:55:04.844732Z[0m [32m INFO[0m [2msqlx::postgres::notice[0m[2m:[0m relation ""global_promo_entries"" already exists, skipping"
1769795704844,"[2m2026-01-30T17:55:04.844835Z[0m [32m INFO[0m [2msqlx::postgres::notice[0m[2m:[0m relation ""idx_global_promo_entries_event_status"" already exists, skipping"
1769795704844,"[2m2026-01-30T17:55:04.844886Z[0m [32m INFO[0m [2msqlx::postgres::notice[0m[2m:[0m relation ""idx_global_promo_entries_event_id_status"" already exists, skipping"
1769795704844,"[2m2026-01-30T17:55:04.844958Z[0m [32m INFO[0m [2msqlx::postgres::notice[0m[2m:[0m relation ""idx_global_promo_entries_service"" already exists, skipping"
1769795704845,"[2m2026-01-30T17:55:04.845002Z[0m [32m INFO[0m [2msqlx::postgres::notice[0m[2m:[0m relation ""idx_global_promo_entries_live_session"" already exists, skipping"
1769795704845,"[2m2026-01-30T17:55:04.845052Z[0m [32m INFO[0m [2msqlx::postgres::notice[0m[2m:[0m relation ""global_promo_products"" already exists, skipping"
1769795704845,"[2m2026-01-30T17:55:04.845148Z[0m [32m INFO[0m [2msqlx::postgres::notice[0m[2m:[0m relation ""idx_global_promo_products_priority"" already exists, skipping"
1769795704845,"[2m2026-01-30T17:55:04.845204Z[0m [32m INFO[0m [2msqlx::postgres::notice[0m[2m:[0m column ""global_promo_entry_id"" of relation ""live_flash_sales"" already exists, skipping"
1769795704845,"[2m2026-01-30T17:55:04.845236Z[0m [32m INFO[0m [2msqlx::postgres::notice[0m[2m:[0m relation ""idx_live_flash_sales_global_promo"" already exists, skipping"
1769795704845,"[2m2026-01-30T17:55:04.845259Z[0m [32m INFO[0m [2msqlx::postgres::notice[0m[2m:[0m relation ""social_accounts"" already exists, skipping"
1769795704845,"[2m2026-01-30T17:55:04.845278Z[0m [32m INFO[0m [2msqlx::postgres::notice[0m[2m:[0m relation ""social_publications"" already exists, skipping"
1769795704845,"[2m2026-01-30T17:55:04.845323Z[0m [32m INFO[0m [2msqlx::postgres::notice[0m[2m:[0m relation ""social_publication_jobs"" already exists, skipping"
1769795704845,"[2m2026-01-30T17:55:04.845399Z[0m [32m INFO[0m [2msqlx::postgres::notice[0m[2m:[0m relation ""idx_social_accounts_user_platform"" already exists, skipping"
1769795704845,"[2m2026-01-30T17:55:04.845513Z[0m [32m INFO[0m [2msqlx::postgres::notice[0m[2m:[0m relation ""idx_social_publications_media"" already exists, skipping"
1769795704845,"[2m2026-01-30T17:55:04.845566Z[0m [32m INFO[0m [2msqlx::postgres::notice[0m[2m:[0m relation ""idx_social_publications_platform"" already exists, skipping"
1769795704845,"[2m2026-01-30T17:55:04.845652Z[0m [32m INFO[0m [2msqlx::postgres::notice[0m[2m:[0m relation ""idx_social_publication_jobs_status"" already exists, skipping"
1769795704845,"[2m2026-01-30T17:55:04.845703Z[0m [32m INFO[0m [2msqlx::postgres::notice[0m[2m:[0m relation ""media_engagement"" already exists, skipping"
1769795704845,"[2m2026-01-30T17:55:04.845785Z[0m [32m INFO[0m [2msqlx::postgres::notice[0m[2m:[0m relation ""idx_media_engagement_media"" already exists, skipping"
1769795704845,"[2m2026-01-30T17:55:04.845847Z[0m [32m INFO[0m [2msqlx::postgres::notice[0m[2m:[0m relation ""idx_media_engagement_event"" already exists, skipping"
1769795704845,"[2m2026-01-30T17:55:04.845888Z[0m [32m INFO[0m [2msqlx::postgres::notice[0m[2m:[0m relation ""idx_media_engagement_service"" already exists, skipping"
1769795704845,"[2m2026-01-30T17:55:04.845914Z[0m [32m INFO[0m [2msqlx::postgres::notice[0m[2m:[0m relation ""media_distribution"" already exists, skipping"
1769795704846,"[2m2026-01-30T17:55:04.845977Z[0m [32m INFO[0m [2msqlx::postgres::notice[0m[2m:[0m relation ""idx_media_distribution_media"" already exists, skipping"
1769795704846,"[2m2026-01-30T17:55:04.846028Z[0m [32m INFO[0m [2msqlx::postgres::notice[0m[2m:[0m relation ""idx_media_distribution_target"" already exists, skipping"
1769795704846,"[2m2026-01-30T17:55:04.846039Z[0m [32m INFO[0m [2msqlx::postgres::notice[0m[2m:[0m relation ""content_engagement"" already exists, skipping"
1769795704846,"[2m2026-01-30T17:55:04.846118Z[0m [32m INFO[0m [2msqlx::postgres::notice[0m[2m:[0m relation ""idx_content_engagement_user"" already exists, skipping"
1769795704846,"[2m2026-01-30T17:55:04.846173Z[0m [32m INFO[0m [2msqlx::postgres::notice[0m[2m:[0m relation ""idx_content_engagement_content"" already exists, skipping"
1769795704846,"[2m2026-01-30T17:55:04.846524Z[0m [32m INFO[0m [2msqlx::postgres::notice[0m[2m:[0m relation ""video_generation_jobs"" already exists, skipping"
1769795704846,"[2m2026-01-30T17:55:04.846661Z[0m [32m INFO[0m [2msqlx::postgres::notice[0m[2m:[0m relation ""idx_video_generation_jobs_user"" already exists, skipping"
1769795704846,"[2m2026-01-30T17:55:04.846743Z[0m [32m INFO[0m [2msqlx::postgres::notice[0m[2m:[0m relation ""idx_video_generation_jobs_service"" already exists, skipping"
1769795704846,"[2m2026-01-30T17:55:04.846830Z[0m [32m INFO[0m [2msqlx::postgres::notice[0m[2m:[0m relation ""idx_video_generation_jobs_status"" already exists, skipping"
1769795704846,"[2m2026-01-30T17:55:04.846838Z[0m [32m INFO[0m [2msqlx::postgres::notice[0m[2m:[0m relation ""idx_video_generation_jobs_status_updated_at"" already exists, skipping"
1769795704846,"[2m2026-01-30T17:55:04.846855Z[0m [32m INFO[0m [2msqlx::postgres::notice[0m[2m:[0m relation ""premium_audio_jobs"" already exists, skipping"
1769795704846,"[2m2026-01-30T17:55:04.846914Z[0m [32m INFO[0m [2msqlx::postgres::notice[0m[2m:[0m relation ""idx_premium_audio_jobs_status"" already exists, skipping"
1769795704847,"[2m2026-01-30T17:55:04.846985Z[0m [32m INFO[0m [2msqlx::postgres::notice[0m[2m:[0m relation ""idx_premium_audio_jobs_updated_at"" already exists, skipping"
1769795704847,"[2m2026-01-30T17:55:04.847047Z[0m [32m INFO[0m [2msqlx::postgres::notice[0m[2m:[0m relation ""idx_premium_audio_jobs_provider"" already exists, skipping"
1769795704847,"[2m2026-01-30T17:55:04.847056Z[0m [32m INFO[0m [2msqlx::postgres::notice[0m[2m:[0m relation ""idx_premium_audio_jobs_provider_job"" already exists, skipping"
1769795704847,"[2m2026-01-30T17:55:04.847457Z[0m [32m INFO[0m [2msqlx::postgres::notice[0m[2m:[0m column ""audio_job_id"" of relation ""video_generation_jobs"" already exists, skipping"
1769795704847,"[2m2026-01-30T17:55:04.847517Z[0m [32m INFO[0m [2msqlx::postgres::notice[0m[2m:[0m column ""audio_status"" of relation ""video_generation_jobs"" already exists, skipping"
1769795704847,"[2m2026-01-30T17:55:04.847524Z[0m [32m INFO[0m [2msqlx::postgres::notice[0m[2m:[0m column ""audio_metadata"" of relation ""video_generation_jobs"" already exists, skipping"
1769795704852,"[2m2026-01-30T17:55:04.852176Z[0m [32m INFO[0m [2msqlx::postgres::notice[0m[2m:[0m relation ""idx_video_generation_jobs_audio_status"" already exists, skipping"
1769795704852,"[2m2026-01-30T17:55:04.852239Z[0m [32m INFO[0m [2msqlx::postgres::notice[0m[2m:[0m relation ""voice_profiles"" already exists, skipping"
1769795704852,"[2m2026-01-30T17:55:04.852333Z[0m [32m INFO[0m [2msqlx::postgres::notice[0m[2m:[0m relation ""idx_voice_profiles_user"" already exists, skipping"
1769795704852,"[2m2026-01-30T17:55:04.852402Z[0m [32m INFO[0m [2msqlx::postgres::notice[0m[2m:[0m relation ""idx_voice_profiles_service"" already exists, skipping"
1769795704853,"[2m2026-01-30T17:55:04.853028Z[0m [32m INFO[0m [2msqlx::postgres::notice[0m[2m:[0m relation ""studio_sessions"" already exists, skipping"
1769795704853,"[2m2026-01-30T17:55:04.853167Z[0m [32m INFO[0m [2msqlx::postgres::notice[0m[2m:[0m relation ""idx_studio_sessions_user"" already exists, skipping"
1769795704853,"[2m2026-01-30T17:55:04.853220Z[0m [32m INFO[0m [2msqlx::postgres::notice[0m[2m:[0m relation ""idx_studio_sessions_service"" already exists, skipping"
1769795704853,"[2m2026-01-30T17:55:04.853284Z[0m [32m INFO[0m [2msqlx::postgres::notice[0m[2m:[0m relation ""studio_timeline_clips"" already exists, skipping"
1769795704853,"[2m2026-01-30T17:55:04.853383Z[0m [32m INFO[0m [2msqlx::postgres::notice[0m[2m:[0m relation ""idx_studio_clips_session"" already exists, skipping"
1769795704853,"[2m2026-01-30T17:55:04.853439Z[0m [32m INFO[0m [2msqlx::postgres::notice[0m[2m:[0m relation ""studio_dynamic_assets"" already exists, skipping"
1769795704853,"[2m2026-01-30T17:55:04.853505Z[0m [32m INFO[0m [2msqlx::postgres::notice[0m[2m:[0m relation ""idx_studio_assets_session"" already exists, skipping"
1769795704854,"[2m2026-01-30T17:55:04.854356Z[0m [32m INFO[0m [2msqlx::postgres::notice[0m[2m:[0m relation ""parcel_types"" already exists, skipping"
1769795704854,"[2m2026-01-30T17:55:04.854532Z[0m [32m INFO[0m [2msqlx::postgres::notice[0m[2m:[0m relation ""idx_parcel_types_slug"" already exists, skipping"
1769795704854,"[2m2026-01-30T17:55:04.854607Z[0m [32m INFO[0m [2msqlx::postgres::notice[0m[2m:[0m relation ""courier_applications"" already exists, skipping"
1769795704854,"[2m2026-01-30T17:55:04.854722Z[0m [32m INFO[0m [2msqlx::postgres::notice[0m[2m:[0m relation ""idx_courier_applications_user"" already exists, skipping"
1769795704854,"[2m2026-01-30T17:55:04.854786Z[0m [32m INFO[0m [2msqlx::postgres::notice[0m[2m:[0m relation ""couriers"" already exists, skipping"
1769795704854,"[2m2026-01-30T17:55:04.854793Z[0m [32m INFO[0m [2msqlx::postgres::notice[0m[2m:[0m relation ""courier_assets"" already exists, skipping"
1769795704854,"[2m2026-01-30T17:55:04.854867Z[0m [32m INFO[0m [2msqlx::postgres::notice[0m[2m:[0m relation ""idx_courier_assets_courier"" already exists, skipping"
1769795704854,"[2m2026-01-30T17:55:04.854937Z[0m [32m INFO[0m [2msqlx::postgres::notice[0m[2m:[0m relation ""idx_courier_assets_primary"" already exists, skipping"
1769795704854,"[2m2026-01-30T17:55:04.854944Z[0m [32m INFO[0m [2msqlx::postgres::notice[0m[2m:[0m relation ""delivery_parcels"" already exists, skipping"
1769795704855,"[2m2026-01-30T17:55:04.854996Z[0m [32m INFO[0m [2msqlx::postgres::notice[0m[2m:[0m relation ""deliveries"" already exists, skipping"
1769795704855,"[2m2026-01-30T17:55:04.855162Z[0m [32m INFO[0m [2msqlx::postgres::notice[0m[2m:[0m relation ""idx_deliveries_status_requested_at"" already exists, skipping"
1769795704855,"[2m2026-01-30T17:55:04.855228Z[0m [32m INFO[0m [2msqlx::postgres::notice[0m[2m:[0m relation ""idx_deliveries_courier"" already exists, skipping"
1769795704855,"[2m2026-01-30T17:55:04.855291Z[0m [32m INFO[0m [2msqlx::postgres::notice[0m[2m:[0m relation ""idx_deliveries_creator"" already exists, skipping"
1769795704855,"[2m2026-01-30T17:55:04.855302Z[0m [32m INFO[0m [2msqlx::postgres::notice[0m[2m:[0m relation ""idx_deliveries_recipient_user"" already exists, skipping"
1769795704855,"[2m2026-01-30T17:55:04.855338Z[0m [32m INFO[0m [2msqlx::postgres::notice[0m[2m:[0m relation ""idx_deliveries_recipient_tracking_token"" already exists, skipping"
1769795704855,"[2m2026-01-30T17:55:04.855397Z[0m [32m INFO[0m [2msqlx::postgres::notice[0m[2m:[0m relation ""idx_deliveries_pickup_location"" already exists, skipping"
1769795704855,"[2m2026-01-30T17:55:04.855474Z[0m [32m INFO[0m [2msqlx::postgres::notice[0m[2m:[0m relation ""idx_deliveries_dropoff_location"" already exists, skipping"
1769795704855,"[2m2026-01-30T17:55:04.855485Z[0m [32m INFO[0m [2msqlx::postgres::notice[0m[2m:[0m relation ""delivery_status_events"" already exists, skipping"
1769795704855,"[2m2026-01-30T17:55:04.855544Z[0m [32m INFO[0m [2msqlx::postgres::notice[0m[2m:[0m relation ""idx_delivery_status_events_delivery"" already exists, skipping"
1769795704855,"[2m2026-01-30T17:55:04.855633Z[0m [32m INFO[0m [2msqlx::postgres::notice[0m[2m:[0m relation ""idx_delivery_status_events_delivery_time"" already exists, skipping"
1769795704855,"[2m2026-01-30T17:55:04.855689Z[0m [32m INFO[0m [2msqlx::postgres::notice[0m[2m:[0m relation ""delivery_pricing"" already exists, skipping"
1769795704857,"[2m2026-01-30T17:55:04.856981Z[0m [32m INFO[0m [2msqlx::postgres::notice[0m[2m:[0m relation ""delivery_tracking_points"" already exists, skipping"
1769795704857,"[2m2026-01-30T17:55:04.857096Z[0m [32m INFO[0m [2msqlx::postgres::notice[0m[2m:[0m relation ""idx_tracking_points_delivery"" already exists, skipping"
1769795704857,"[2m2026-01-30T17:55:04.857165Z[0m [32m INFO[0m [2msqlx::postgres::notice[0m[2m:[0m relation ""idx_tracking_points_courier"" already exists, skipping"
1769795704857,"[2m2026-01-30T17:55:04.857173Z[0m [32m INFO[0m [2msqlx::postgres::notice[0m[2m:[0m relation ""idx_tracking_points_captured_at"" already exists, skipping"
1769795704857,"[2m2026-01-30T17:55:04.857239Z[0m [32m INFO[0m [2msqlx::postgres::notice[0m[2m:[0m relation ""idx_tracking_points_location"" already exists, skipping"
1769795704857,"[2m2026-01-30T17:55:04.857248Z[0m [32m INFO[0m [2msqlx::postgres::notice[0m[2m:[0m relation ""delivery_recipient_updates"" already exists, skipping"
1769795704857,"[2m2026-01-30T17:55:04.857316Z[0m [32m INFO[0m [2msqlx::postgres::notice[0m[2m:[0m relation ""idx_delivery_recipient_updates_delivery"" already exists, skipping"
1769795704857,"[2m2026-01-30T17:55:04.857386Z[0m [32m INFO[0m [2msqlx::postgres::notice[0m[2m:[0m relation ""courier_ratings"" already exists, skipping"
1769795704857,"[2m2026-01-30T17:55:04.857452Z[0m [32m INFO[0m [2msqlx::postgres::notice[0m[2m:[0m relation ""idx_courier_ratings_courier"" already exists, skipping"
1769795704857,"[2m2026-01-30T17:55:04.857472Z[0m [32m INFO[0m [2msqlx::postgres::notice[0m[2m:[0m relation ""client_ratings"" already exists, skipping"
1769795704857,"[2m2026-01-30T17:55:04.857506Z[0m [32m INFO[0m [2msqlx::postgres::notice[0m[2m:[0m relation ""idx_client_ratings_client"" already exists, skipping"
1769795704857,"[2m2026-01-30T17:55:04.857580Z[0m [32m INFO[0m [2msqlx::postgres::notice[0m[2m:[0m relation ""traffic_snapshots"" already exists, skipping"
1769795704857,"[2m2026-01-30T17:55:04.857633Z[0m [32m INFO[0m [2msqlx::postgres::notice[0m[2m:[0m relation ""idx_traffic_snapshots_captured_at"" already exists, skipping"
1769795704857,"[2m2026-01-30T17:55:04.857700Z[0m [32m INFO[0m [2msqlx::postgres::notice[0m[2m:[0m relation ""idx_traffic_snapshots_source"" already exists, skipping"
1769795704857,"[2m2026-01-30T17:55:04.857708Z[0m [32m INFO[0m [2msqlx::postgres::notice[0m[2m:[0m relation ""terrain_segments"" already exists, skipping"
1769795704857,"[2m2026-01-30T17:55:04.857844Z[0m [32m INFO[0m [2msqlx::postgres::notice[0m[2m:[0m relation ""idx_terrain_segments_difficulty"" already exists, skipping"
1769795704857,"[2m2026-01-30T17:55:04.857898Z[0m [32m INFO[0m [2msqlx::postgres::notice[0m[2m:[0m relation ""idx_terrain_segments_segment"" already exists, skipping"
1769795704857,"[2m2026-01-30T17:55:04.857906Z[0m [32m INFO[0m [2msqlx::postgres::notice[0m[2m:[0m relation ""shopping_orders"" already exists, skipping"
1769795704858,"[2m2026-01-30T17:55:04.858116Z[0m [32m INFO[0m [2msqlx::postgres::notice[0m[2m:[0m relation ""idx_shopping_orders_status"" already exists, skipping"
1769795704858,"[2m2026-01-30T17:55:04.858169Z[0m [32m INFO[0m [2msqlx::postgres::notice[0m[2m:[0m relation ""shopping_order_items"" already exists, skipping"
1769795704858,"[2m2026-01-30T17:55:04.858308Z[0m [32m INFO[0m [2msqlx::postgres::notice[0m[2m:[0m relation ""idx_shopping_order_items_order"" already exists, skipping"
1769795704858,"[2m2026-01-30T17:55:04.858524Z[0m [32m INFO[0m [2msqlx::postgres::notice[0m[2m:[0m relation ""idx_shopping_order_items_status"" already exists, skipping"
1769795704858,"[2m2026-01-30T17:55:04.858599Z[0m [32m INFO[0m [2msqlx::postgres::notice[0m[2m:[0m relation ""delivery_wallet_events"" already exists, skipping"
1769795704858,"[2m2026-01-30T17:55:04.858708Z[0m [32m INFO[0m [2msqlx::postgres::notice[0m[2m:[0m relation ""idx_delivery_wallet_events_user"" already exists, skipping"
1769795704858,"[2m2026-01-30T17:55:04.858778Z[0m [32m INFO[0m [2msqlx::postgres::notice[0m[2m:[0m relation ""idx_delivery_wallet_events_delivery"" already exists, skipping"
1769795704858,"[2m2026-01-30T17:55:04.858839Z[0m [32m INFO[0m [2msqlx::postgres::notice[0m[2m:[0m relation ""idx_delivery_wallet_events_created_at"" already exists, skipping"
1769795704859,"[2m2026-01-30T17:55:04.859427Z[0m [32m INFO[0m [2msqlx::postgres::notice[0m[2m:[0m relation ""delivery_zones"" already exists, skipping"
1769795704859,"[2m2026-01-30T17:55:04.859498Z[0m [32m INFO[0m [2msqlx::postgres::notice[0m[2m:[0m relation ""idx_delivery_zones_region"" already exists, skipping"
1769795704859,"[2m2026-01-30T17:55:04.859568Z[0m [32m INFO[0m [2msqlx::postgres::notice[0m[2m:[0m relation ""idx_delivery_zones_center"" already exists, skipping"
1769795704859,"[2m2026-01-30T17:55:04.859636Z[0m [32m INFO[0m [2msqlx::postgres::notice[0m[2m:[0m relation ""courier_zone_assignments"" already exists, skipping"
1769795704859,"[2m2026-01-30T17:55:04.859708Z[0m [32m INFO[0m [2msqlx::postgres::notice[0m[2m:[0m relation ""idx_courier_zone_assignments_zone"" already exists, skipping"
1769795704859,"[2m2026-01-30T17:55:04.859793Z[0m [32m INFO[0m [2msqlx::postgres::notice[0m[2m:[0m relation ""idx_courier_zone_assignments_active"" already exists, skipping"
1769795704859,"[2m2026-01-30T17:55:04.859805Z[0m [32m INFO[0m [2msqlx::postgres::notice[0m[2m:[0m relation ""courier_availability_snapshots"" already exists, skipping"
1769795704865,"[2m2026-01-30T17:55:04.865487Z[0m [32m INFO[0m [2msqlx::postgres::notice[0m[2m:[0m relation ""idx_courier_availability_snapshots_courier"" already exists, skipping"
1769795704865,"[2m2026-01-30T17:55:04.865545Z[0m [32m INFO[0m [2msqlx::postgres::notice[0m[2m:[0m relation ""idx_courier_availability_snapshots_zone"" already exists, skipping"
1769795704865,"[2m2026-01-30T17:55:04.865640Z[0m [32m INFO[0m [2msqlx::postgres::notice[0m[2m:[0m relation ""idx_courier_availability_snapshots_capture"" already exists, skipping"
1769795704865,"[2m2026-01-30T17:55:04.865687Z[0m [32m INFO[0m [2msqlx::postgres::notice[0m[2m:[0m relation ""idx_courier_availability_snapshots_location"" already exists, skipping"
1769795704865,"[2m2026-01-30T17:55:04.865743Z[0m [32m INFO[0m [2msqlx::postgres::notice[0m[2m:[0m relation ""delivery_matching_queue"" already exists, skipping"
1769795704866,"[2m2026-01-30T17:55:04.866033Z[0m [32m INFO[0m [2msqlx::postgres::notice[0m[2m:[0m relation ""idx_delivery_matching_queue_status"" already exists, skipping"
1769795704867,"[2m2026-01-30T17:55:04.867102Z[0m [32m INFO[0m [2msqlx::postgres::notice[0m[2m:[0m relation ""idx_delivery_matching_queue_zone"" already exists, skipping"
1769795704867,"[2m2026-01-30T17:55:04.867403Z[0m [32m INFO[0m [2msqlx::postgres::notice[0m[2m:[0m relation ""idx_delivery_matching_queue_optimized"" already exists, skipping"
1769795704867,"[2m2026-01-30T17:55:04.867800Z[0m [32m INFO[0m [2msqlx::postgres::notice[0m[2m:[0m relation ""idx_delivery_matching_queue_priority_next_attempt"" already exists, skipping"
1769795704867,"[2m2026-01-30T17:55:04.867899Z[0m [32m INFO[0m [2msqlx::postgres::notice[0m[2m:[0m relation ""delivery_matching_events"" already exists, skipping"
1769795704868,"[2m2026-01-30T17:55:04.868047Z[0m [32m INFO[0m [2msqlx::postgres::notice[0m[2m:[0m relation ""idx_delivery_matching_events_delivery"" already exists, skipping"
1769795704868,"[2m2026-01-30T17:55:04.868123Z[0m [32m INFO[0m [2msqlx::postgres::notice[0m[2m:[0m relation ""idx_delivery_matching_events_courier"" already exists, skipping"
1769795704868,"[2m2026-01-30T17:55:04.868952Z[0m [32m INFO[0m [2msqlx::postgres::notice[0m[2m:[0m relation ""video_weekly_reports"" already exists, skipping"
1769795704869,"[2m2026-01-30T17:55:04.869152Z[0m [32m INFO[0m [2msqlx::postgres::notice[0m[2m:[0m relation ""idx_video_weekly_reports_week"" already exists, skipping"
1769795704869,"[2m2026-01-30T17:55:04.869166Z[0m [32m INFO[0m [2msqlx::postgres::notice[0m[2m:[0m relation ""service_inventory_overrides"" already exists, skipping"
1769795704869,"[2m2026-01-30T17:55:04.869414Z[0m [32m INFO[0m [2msqlx::postgres::notice[0m[2m:[0m relation ""idx_service_inventory_overrides_unique"" already exists, skipping"
1769795704869,"[2m2026-01-30T17:55:04.869474Z[0m [32m INFO[0m [2msqlx::postgres::notice[0m[2m:[0m relation ""idx_service_inventory_overrides_last_synced"" already exists, skipping"
1769795704870,"[2m2026-01-30T17:55:04.870306Z[0m [32m INFO[0m [2msqlx::postgres::notice[0m[2m:[0m relation ""product_delivery_config"" already exists, skipping"
1769795704870,"[2m2026-01-30T17:55:04.870528Z[0m [32m INFO[0m [2msqlx::postgres::notice[0m[2m:[0m relation ""idx_product_delivery_config_service"" already exists, skipping"
1769795704870,"[2m2026-01-30T17:55:04.870590Z[0m [32m INFO[0m [2msqlx::postgres::notice[0m[2m:[0m relation ""idx_product_delivery_config_active"" already exists, skipping"
1769795704870,"[2m2026-01-30T17:55:04.870600Z[0m [32m INFO[0m [2msqlx::postgres::notice[0m[2m:[0m relation ""client_delivery_preferences"" already exists, skipping"
1769795704870,"[2m2026-01-30T17:55:04.870746Z[0m [32m INFO[0m [2msqlx::postgres::notice[0m[2m:[0m relation ""idx_client_delivery_preferences_user"" already exists, skipping"
1769795704870,"[2m2026-01-30T17:55:04.870866Z[0m [32m INFO[0m [2msqlx::postgres::notice[0m[2m:[0m relation ""idx_client_delivery_preferences_delivery"" already exists, skipping"
1769795704870,"[2m2026-01-30T17:55:04.870933Z[0m [32m INFO[0m [2msqlx::postgres::notice[0m[2m:[0m relation ""idx_client_delivery_preferences_date"" already exists, skipping"
1769795704870,"[2m2026-01-30T17:55:04.870942Z[0m [32m INFO[0m [2msqlx::postgres::notice[0m[2m:[0m relation ""external_delivery_providers"" already exists, skipping"
1769795704871,"[2m2026-01-30T17:55:04.871017Z[0m [32m INFO[0m [2msqlx::postgres::notice[0m[2m:[0m relation ""idx_external_providers_api_key"" already exists, skipping"
1769795704871,"[2m2026-01-30T17:55:04.871025Z[0m [32m INFO[0m [2msqlx::postgres::notice[0m[2m:[0m relation ""idx_external_providers_active"" already exists, skipping"
1769795704871,"[2m2026-01-30T17:55:04.871029Z[0m [32m INFO[0m [2msqlx::postgres::notice[0m[2m:[0m relation ""public_tracking_tokens"" already exists, skipping"
1769795704871,"[2m2026-01-30T17:55:04.871107Z[0m [32m INFO[0m [2msqlx::postgres::notice[0m[2m:[0m relation ""idx_public_tracking_tokens_token"" already exists, skipping"
1769795704871,"[2m2026-01-30T17:55:04.871151Z[0m [32m INFO[0m [2msqlx::postgres::notice[0m[2m:[0m relation ""idx_public_tracking_tokens_delivery"" already exists, skipping"
1769795704871,"[2m2026-01-30T17:55:04.871160Z[0m [32m INFO[0m [2msqlx::postgres::notice[0m[2m:[0m relation ""delivery_payment_reservations"" already exists, skipping"
1769795704871,"[2m2026-01-30T17:55:04.871311Z[0m [32m INFO[0m [2msqlx::postgres::notice[0m[2m:[0m relation ""idx_delivery_payment_reservations_delivery"" already exists, skipping"
1769795704871,"[2m2026-01-30T17:55:04.871370Z[0m [32m INFO[0m [2msqlx::postgres::notice[0m[2m:[0m relation ""idx_delivery_payment_reservations_user"" already exists, skipping"
1769795704871,"[2m2026-01-30T17:55:04.871423Z[0m [32m INFO[0m [2msqlx::postgres::notice[0m[2m:[0m relation ""idx_delivery_payment_reservations_status"" already exists, skipping"
1769795704871,"[2m2026-01-30T17:55:04.871458Z[0m [32m INFO[0m [2msqlx::postgres::notice[0m[2m:[0m column ""payment_methods"" of relation ""users"" already exists, skipping"
1769795704871,"[2m2026-01-30T17:55:04.871524Z[0m [32m INFO[0m [2msqlx::postgres::notice[0m[2m:[0m column ""client_payment_method"" of relation ""delivery_payment_reservations"" already exists, skipping"
1769795704871,"[2m2026-01-30T17:55:04.871558Z[0m [32m INFO[0m [2msqlx::postgres::notice[0m[2m:[0m column ""merchant_payment_method"" of relation ""delivery_payment_reservations"" already exists, skipping"
1769795704871,"[2m2026-01-30T17:55:04.871587Z[0m [32m INFO[0m [2msqlx::postgres::notice[0m[2m:[0m column ""payout_method_used"" of relation ""delivery_payment_reservations"" already exists, skipping"
1769795704871,"[2m2026-01-30T17:55:04.871683Z[0m [32m INFO[0m [2msqlx::postgres::notice[0m[2m:[0m relation ""idx_users_payment_methods"" already exists, skipping"
1769795704871,"[2m2026-01-30T17:55:04.871740Z[0m [32m INFO[0m [2msqlx::postgres::notice[0m[2m:[0m relation ""idx_delivery_payment_reservations_payout_method"" already exists, skipping"
1769795704871,"[2m2026-01-30T17:55:04.871796Z[0m [32m INFO[0m [2msqlx::postgres::notice[0m[2m:[0m relation ""pharmacies"" already exists, skipping"
1769795704871,"[2m2026-01-30T17:55:04.871833Z[0m [32m INFO[0m [2msqlx::postgres::notice[0m[2m:[0m relation ""idx_pharmacies_user_id"" already exists, skipping"
1769795704871,"[2m2026-01-30T17:55:04.871883Z[0m [32m INFO[0m [2msqlx::postgres::notice[0m[2m:[0m relation ""idx_pharmacies_service_id"" already exists, skipping"
1769795704871,"[2m2026-01-30T17:55:04.871935Z[0m [32m INFO[0m [2msqlx::postgres::notice[0m[2m:[0m relation ""idx_pharmacies_is_active"" already exists, skipping"
1769795704871,"[2m2026-01-30T17:55:04.871946Z[0m [32m INFO[0m [2msqlx::postgres::notice[0m[2m:[0m relation ""idx_pharmacies_is_on_duty"" already exists, skipping"
1769795704872,"[2m2026-01-30T17:55:04.872004Z[0m [32m INFO[0m [2msqlx::postgres::notice[0m[2m:[0m relation ""idx_pharmacies_ville"" already exists, skipping"
1769795704872,"[2m2026-01-30T17:55:04.872018Z[0m [32m INFO[0m [2msqlx::postgres::notice[0m[2m:[0m relation ""idx_pharmacies_quartier"" already exists, skipping"
1769795704872,"[2m2026-01-30T17:55:04.872083Z[0m [32m INFO[0m [2msqlx::postgres::notice[0m[2m:[0m relation ""idx_pharmacies_services_gin"" already exists, skipping"
1769795704872,"[2m2026-01-30T17:55:04.872097Z[0m [32m INFO[0m [2msqlx::postgres::notice[0m[2m:[0m relation ""hopitaux_cliniques"" already exists, skipping"
1769795704872,"[2m2026-01-30T17:55:04.872189Z[0m [32m INFO[0m [2msqlx::postgres::notice[0m[2m:[0m relation ""idx_hopitaux_user_id"" already exists, skipping"
1769795704872,"[2m2026-01-30T17:55:04.872255Z[0m [32m INFO[0m [2msqlx::postgres::notice[0m[2m:[0m relation ""idx_hopitaux_service_id"" already exists, skipping"
1769795704872,"[2m2026-01-30T17:55:04.872267Z[0m [32m INFO[0m [2msqlx::postgres::notice[0m[2m:[0m relation ""idx_hopitaux_type"" already exists, skipping"
1769795704872,"[2m2026-01-30T17:55:04.872309Z[0m [32m INFO[0m [2msqlx::postgres::notice[0m[2m:[0m relation ""idx_hopitaux_is_active"" already exists, skipping"
1769795704872,"[2m2026-01-30T17:55:04.872335Z[0m [32m INFO[0m [2msqlx::postgres::notice[0m[2m:[0m relation ""idx_hopitaux_is_available"" already exists, skipping"
1769795704872,"[2m2026-01-30T17:55:04.872381Z[0m [32m INFO[0m [2msqlx::postgres::notice[0m[2m:[0m relation ""idx_hopitaux_prestations_gin"" already exists, skipping"
1769795704872,"[2m2026-01-30T17:55:04.872446Z[0m [32m INFO[0m [2msqlx::postgres::notice[0m[2m:[0m relation ""idx_hopitaux_planning_gin"" already exists, skipping"
1769795704872,"[2m2026-01-30T17:55:04.872457Z[0m [32m INFO[0m [2msqlx::postgres::notice[0m[2m:[0m relation ""laboratoires_imagerie"" already exists, skipping"
1769795704872,"[2m2026-01-30T17:55:04.872587Z[0m [32m INFO[0m [2msqlx::postgres::notice[0m[2m:[0m relation ""idx_laboratoires_user_id"" already exists, skipping"
1769795704872,"[2m2026-01-30T17:55:04.872651Z[0m [32m INFO[0m [2msqlx::postgres::notice[0m[2m:[0m relation ""idx_laboratoires_service_id"" already exists, skipping"
1769795704872,"[2m2026-01-30T17:55:04.872663Z[0m [32m INFO[0m [2msqlx::postgres::notice[0m[2m:[0m relation ""idx_laboratoires_type"" already exists, skipping"
1769795704872,"[2m2026-01-30T17:55:04.872727Z[0m [32m INFO[0m [2msqlx::postgres::notice[0m[2m:[0m relation ""idx_laboratoires_analyses_gin"" already exists, skipping"
1769795704872,"[2m2026-01-30T17:55:04.872735Z[0m [32m INFO[0m [2msqlx::postgres::notice[0m[2m:[0m relation ""idx_laboratoires_imagerie_gin"" already exists, skipping"
1769795704872,"[2m2026-01-30T17:55:04.872802Z[0m [32m INFO[0m [2msqlx::postgres::notice[0m[2m:[0m relation ""idx_laboratoires_is_available"" already exists, skipping"
1769795704872,"[2m2026-01-30T17:55:04.872851Z[0m [32m INFO[0m [2msqlx::postgres::notice[0m[2m:[0m relation ""agences_voyage"" already exists, skipping"
1769795704873,"[2m2026-01-30T17:55:04.873012Z[0m [32m INFO[0m [2msqlx::postgres::notice[0m[2m:[0m relation ""idx_agences_user_id"" already exists, skipping"
1769795704873,"[2m2026-01-30T17:55:04.873069Z[0m [32m INFO[0m [2msqlx::postgres::notice[0m[2m:[0m relation ""idx_agences_service_id"" already exists, skipping"
1769795704873,"[2m2026-01-30T17:55:04.873130Z[0m [32m INFO[0m [2msqlx::postgres::notice[0m[2m:[0m relation ""idx_agences_tickets_bus"" already exists, skipping"
1769795704873,"[2m2026-01-30T17:55:04.873165Z[0m [32m INFO[0m [2msqlx::postgres::notice[0m[2m:[0m relation ""idx_agences_services_gin"" already exists, skipping"
1769795704873,"[2m2026-01-30T17:55:04.873230Z[0m [32m INFO[0m [2msqlx::postgres::notice[0m[2m:[0m relation ""idx_agences_compagnies_gin"" already exists, skipping"
1769795704873,"[2m2026-01-30T17:55:04.873238Z[0m [32m INFO[0m [2msqlx::postgres::notice[0m[2m:[0m relation ""idx_agences_destinations_gin"" already exists, skipping"
1769795704873,"[2m2026-01-30T17:55:04.873298Z[0m [32m INFO[0m [2msqlx::postgres::notice[0m[2m:[0m relation ""covoiturages"" already exists, skipping"
1769795704873,"[2m2026-01-30T17:55:04.873385Z[0m [32m INFO[0m [2msqlx::postgres::notice[0m[2m:[0m relation ""idx_covoiturages_user_id"" already exists, skipping"
1769795704873,"[2m2026-01-30T17:55:04.873445Z[0m [32m INFO[0m [2msqlx::postgres::notice[0m[2m:[0m relation ""idx_covoiturages_service_id"" already exists, skipping"
1769795704873,"[2m2026-01-30T17:55:04.873508Z[0m [32m INFO[0m [2msqlx::postgres::notice[0m[2m:[0m relation ""idx_covoiturages_date_depart"" already exists, skipping"
1769795704873,"[2m2026-01-30T17:55:04.873560Z[0m [32m INFO[0m [2msqlx::postgres::notice[0m[2m:[0m relation ""idx_covoiturages_statut"" already exists, skipping"
1769795704873,"[2m2026-01-30T17:55:04.873629Z[0m [32m INFO[0m [2msqlx::postgres::notice[0m[2m:[0m relation ""idx_covoiturages_depart_destination"" already exists, skipping"
1769795704873,"[2m2026-01-30T17:55:04.873717Z[0m [32m INFO[0m [2msqlx::postgres::notice[0m[2m:[0m relation ""idx_covoiturages_places_disponibles"" already exists, skipping"
1769795704873,"[2m2026-01-30T17:55:04.873772Z[0m [32m INFO[0m [2msqlx::postgres::notice[0m[2m:[0m relation ""taxis_ville"" already exists, skipping"
1769795704873,"[2m2026-01-30T17:55:04.873956Z[0m [32m INFO[0m [2msqlx::postgres::notice[0m[2m:[0m relation ""idx_taxis_user_id"" already exists, skipping"
1769795704874,"[2m2026-01-30T17:55:04.874001Z[0m [32m INFO[0m [2msqlx::postgres::notice[0m[2m:[0m relation ""idx_taxis_service_id"" already exists, skipping"
1769795704874,"[2m2026-01-30T17:55:04.874061Z[0m [32m INFO[0m [2msqlx::postgres::notice[0m[2m:[0m relation ""idx_taxis_is_available"" already exists, skipping"
1769795704874,"[2m2026-01-30T17:55:04.874113Z[0m [32m INFO[0m [2msqlx::postgres::notice[0m[2m:[0m relation ""idx_taxis_is_on_duty"" already exists, skipping"
1769795704874,"[2m2026-01-30T17:55:04.874160Z[0m [32m INFO[0m [2msqlx::postgres::notice[0m[2m:[0m relation ""idx_taxis_zone_gin"" already exists, skipping"
1769795704876,"[2m2026-01-30T17:55:04.876605Z[0m [32m INFO[0m [2msqlx::postgres::notice[0m[2m:[0m relation ""banques_sang"" already exists, skipping"
1769795704876,"[2m2026-01-30T17:55:04.876704Z[0m [32m INFO[0m [2msqlx::postgres::notice[0m[2m:[0m relation ""idx_banques_sang_user_id"" already exists, skipping"
1769795704876,"[2m2026-01-30T17:55:04.876779Z[0m [32m INFO[0m [2msqlx::postgres::notice[0m[2m:[0m relation ""idx_banques_sang_service_id"" already exists, skipping"
1769795704876,"[2m2026-01-30T17:55:04.876823Z[0m [32m INFO[0m [2msqlx::postgres::notice[0m[2m:[0m relation ""idx_banques_sang_hopital_id"" already exists, skipping"
1769795704876,"[2m2026-01-30T17:55:04.876866Z[0m [32m INFO[0m [2msqlx::postgres::notice[0m[2m:[0m relation ""idx_banques_sang_is_active"" already exists, skipping"
1769795704876,"[2m2026-01-30T17:55:04.876917Z[0m [32m INFO[0m [2msqlx::postgres::notice[0m[2m:[0m relation ""idx_banques_sang_is_available"" already exists, skipping"
1769795704877,"[2m2026-01-30T17:55:04.876975Z[0m [32m INFO[0m [2msqlx::postgres::notice[0m[2m:[0m relation ""idx_banques_sang_urgence_24h"" already exists, skipping"
1769795704877,"[2m2026-01-30T17:55:04.876984Z[0m [32m INFO[0m [2msqlx::postgres::notice[0m[2m:[0m relation ""idx_banques_sang_accepte_dons"" already exists, skipping"
1769795704877,"[2m2026-01-30T17:55:04.876991Z[0m [32m INFO[0m [2msqlx::postgres::notice[0m[2m:[0m relation ""idx_banques_sang_accepte_demandes"" already exists, skipping"
1769795704877,"[2m2026-01-30T17:55:04.877046Z[0m [32m INFO[0m [2msqlx::postgres::notice[0m[2m:[0m relation ""idx_banques_sang_stocks_gin"" already exists, skipping"
1769795704877,"[2m2026-01-30T17:55:04.877054Z[0m [32m INFO[0m [2msqlx::postgres::notice[0m[2m:[0m relation ""idx_banques_sang_planning_gin"" already exists, skipping"
1769795704877,"[2m2026-01-30T17:55:04.877130Z[0m [32m INFO[0m [2msqlx::postgres::notice[0m[2m:[0m relation ""idx_banques_sang_ville"" already exists, skipping"
1769795704877,"[2m2026-01-30T17:55:04.877138Z[0m [32m INFO[0m [2msqlx::postgres::notice[0m[2m:[0m relation ""idx_banques_sang_quartier"" already exists, skipping"
1769795704877,"[2m2026-01-30T17:55:04.877255Z[0m [32m INFO[0m [2msqlx::postgres::notice[0m[2m:[0m relation ""idx_banques_sang_gps"" already exists, skipping"
1769795704880,"[2m2026-01-30T17:55:04.880468Z[0m [32m INFO[0m [2msqlx::postgres::notice[0m[2m:[0m relation ""idx_agences_bus_products_gin"" already exists, skipping"
1769795704881,"[2m2026-01-30T17:55:04.881787Z[0m [32m INFO[0m [2msqlx::postgres::notice[0m[2m:[0m relation ""bus_ticket_payments"" already exists, skipping"
1769795704882,"[2m2026-01-30T17:55:04.882013Z[0m [32m INFO[0m [2msqlx::postgres::notice[0m[2m:[0m relation ""idx_bus_ticket_payments_user"" already exists, skipping"
1769795704882,"[2m2026-01-30T17:55:04.882086Z[0m [32m INFO[0m [2msqlx::postgres::notice[0m[2m:[0m relation ""idx_bus_ticket_payments_agency"" already exists, skipping"
1769795704882,"[2m2026-01-30T17:55:04.882174Z[0m [32m INFO[0m [2msqlx::postgres::notice[0m[2m:[0m relation ""idx_bus_ticket_payments_date"" already exists, skipping"
1769795704882,"[2m2026-01-30T17:55:04.882262Z[0m [32m INFO[0m [2msqlx::postgres::notice[0m[2m:[0m relation ""idx_bus_ticket_payments_route"" already exists, skipping"
1769795704882,"[2m2026-01-30T17:55:04.882332Z[0m [32m INFO[0m [2msqlx::postgres::notice[0m[2m:[0m relation ""idx_bus_ticket_payments_created"" already exists, skipping"
1769795704897,"[2m2026-01-30T17:55:04.897022Z[0m [32m INFO[0m [2msqlx::postgres::notice[0m[2m:[0m relation ""idx_bus_payments_payout_status"" already exists, skipping"
1769795704897,"[2m2026-01-30T17:55:04.897519Z[0m [32m INFO[0m [2msqlx::postgres::notice[0m[2m:[0m relation ""bus_reservations"" already exists, skipping"
1769795704897,"[2m2026-01-30T17:55:04.897655Z[0m [32m INFO[0m [2msqlx::postgres::notice[0m[2m:[0m relation ""idx_bus_reservations_user"" already exists, skipping"
1769795704897,"[2m2026-01-30T17:55:04.897710Z[0m [32m INFO[0m [2msqlx::postgres::notice[0m[2m:[0m relation ""idx_bus_reservations_product"" already exists, skipping"
1769795704897,"[2m2026-01-30T17:55:04.897739Z[0m [32m INFO[0m [2msqlx::postgres::notice[0m[2m:[0m relation ""idx_bus_reservations_status"" already exists, skipping"
1769795704897,"[2m2026-01-30T17:55:04.897808Z[0m [32m INFO[0m [2msqlx::postgres::notice[0m[2m:[0m relation ""idx_bus_reservations_created_at"" already exists, skipping"
1769795704897,"[2m2026-01-30T17:55:04.897889Z[0m [32m INFO[0m [2msqlx::postgres::notice[0m[2m:[0m relation ""idx_bus_reservations_expires_at"" already exists, skipping"
1769795704897,"[2m2026-01-30T17:55:04.897900Z[0m [32m INFO[0m [2msqlx::postgres::notice[0m[2m:[0m relation ""idx_bus_reservations_payment_status"" already exists, skipping"
1769795704898,"[2m2026-01-30T17:55:04.897978Z[0m [32m INFO[0m [2msqlx::postgres::notice[0m[2m:[0m relation ""idx_bus_reservations_product_status"" already exists, skipping"
1769795704898,"[2m2026-01-30T17:55:04.897995Z[0m [32m INFO[0m [2msqlx::postgres::notice[0m[2m:[0m relation ""bus_boarding_status"" already exists, skipping"
1769795704898,"[2m2026-01-30T17:55:04.898152Z[0m [32m INFO[0m [2msqlx::postgres::notice[0m[2m:[0m relation ""idx_bus_boarding_product"" already exists, skipping"
1769795704898,"[2m2026-01-30T17:55:04.898204Z[0m [32m INFO[0m [2msqlx::postgres::notice[0m[2m:[0m relation ""idx_bus_boarding_reservation"" already exists, skipping"
1769795704898,"[2m2026-01-30T17:55:04.898240Z[0m [32m INFO[0m [2msqlx::postgres::notice[0m[2m:[0m relation ""idx_bus_boarding_status"" already exists, skipping"
1769795704898,"[2m2026-01-30T17:55:04.898313Z[0m [32m INFO[0m [2msqlx::postgres::notice[0m[2m:[0m relation ""idx_bus_boarding_validated"" already exists, skipping"
1769795704898,"[2m2026-01-30T17:55:04.898345Z[0m [32m INFO[0m [2msqlx::postgres::notice[0m[2m:[0m relation ""idx_bus_boarding_validated_by"" already exists, skipping"
1769795704901,"[2m2026-01-30T17:55:04.901322Z[0m [32m INFO[0m [2msqlx::postgres::notice[0m[2m:[0m relation ""bus_seat_blocks"" already exists, skipping"
1769795704901,"[2m2026-01-30T17:55:04.901460Z[0m [32m INFO[0m [2msqlx::postgres::notice[0m[2m:[0m relation ""idx_bus_seat_blocks_product"" already exists, skipping"
1769795704901,"[2m2026-01-30T17:55:04.901534Z[0m [32m INFO[0m [2msqlx::postgres::notice[0m[2m:[0m relation ""idx_bus_seat_blocks_active"" already exists, skipping"
1769795704901,"[2m2026-01-30T17:55:04.901569Z[0m [32m INFO[0m [2msqlx::postgres::notice[0m[2m:[0m relation ""idx_bus_seat_blocks_seat"" already exists, skipping"
1769795704901,"[2m2026-01-30T17:55:04.901659Z[0m [32m INFO[0m [2msqlx::postgres::notice[0m[2m:[0m relation ""idx_bus_seat_blocks_unique_active"" already exists, skipping"
1769795704903,"[2m2026-01-30T17:55:04.903652Z[0m [32m INFO[0m [2msqlx::postgres::notice[0m[2m:[0m relation ""user_blood_groups"" already exists, skipping"
1769795704903,"[2m2026-01-30T17:55:04.903801Z[0m [32m INFO[0m [2msqlx::postgres::notice[0m[2m:[0m relation ""idx_user_blood_groups_user"" already exists, skipping"
1769795704903,"[2m2026-01-30T17:55:04.903848Z[0m [32m INFO[0m [2msqlx::postgres::notice[0m[2m:[0m relation ""idx_user_blood_groups_groupe"" already exists, skipping"
1769795704903,"[2m2026-01-30T17:55:04.903930Z[0m [32m INFO[0m [2msqlx::postgres::notice[0m[2m:[0m relation ""idx_user_blood_groups_available"" already exists, skipping"
1769795704904,"[2m2026-01-30T17:55:04.903961Z[0m [32m INFO[0m [2msqlx::postgres::notice[0m[2m:[0m relation ""idx_user_blood_groups_next_donation"" already exists, skipping"
1769795704904,"[2m2026-01-30T17:55:04.903984Z[0m [32m INFO[0m [2msqlx::postgres::notice[0m[2m:[0m relation ""blood_donation_requests"" already exists, skipping"
1769795704904,"[2m2026-01-30T17:55:04.904126Z[0m [32m INFO[0m [2msqlx::postgres::notice[0m[2m:[0m relation ""idx_blood_donation_requests_banque"" already exists, skipping"
1769795704904,"[2m2026-01-30T17:55:04.904190Z[0m [32m INFO[0m [2msqlx::postgres::notice[0m[2m:[0m relation ""idx_blood_donation_requests_groupe"" already exists, skipping"
1769795704904,"[2m2026-01-30T17:55:04.904212Z[0m [32m INFO[0m [2msqlx::postgres::notice[0m[2m:[0m relation ""idx_blood_donation_requests_status"" already exists, skipping"
1769795704904,"[2m2026-01-30T17:55:04.904291Z[0m [32m INFO[0m [2msqlx::postgres::notice[0m[2m:[0m relation ""idx_blood_donation_requests_urgent"" already exists, skipping"
1769795704904,"[2m2026-01-30T17:55:04.904298Z[0m [32m INFO[0m [2msqlx::postgres::notice[0m[2m:[0m relation ""idx_blood_donation_requests_created"" already exists, skipping"
1769795704904,"[2m2026-01-30T17:55:04.904356Z[0m [32m INFO[0m [2msqlx::postgres::notice[0m[2m:[0m relation ""blood_donation_matches"" already exists, skipping"
1769795704904,"[2m2026-01-30T17:55:04.904505Z[0m [32m INFO[0m [2msqlx::postgres::notice[0m[2m:[0m relation ""idx_blood_donation_matches_request"" already exists, skipping"
1769795704904,"[2m2026-01-30T17:55:04.904555Z[0m [32m INFO[0m [2msqlx::postgres::notice[0m[2m:[0m relation ""idx_blood_donation_matches_donor"" already exists, skipping"
1769795704904,"[2m2026-01-30T17:55:04.904642Z[0m [32m INFO[0m [2msqlx::postgres::notice[0m[2m:[0m relation ""idx_blood_donation_matches_status"" already exists, skipping"
1769795704904,"[2m2026-01-30T17:55:04.904699Z[0m [32m INFO[0m [2msqlx::postgres::notice[0m[2m:[0m relation ""idx_blood_donation_matches_relevance"" already exists, skipping"
1769795704904,"[2m2026-01-30T17:55:04.904772Z[0m [32m INFO[0m [2msqlx::postgres::notice[0m[2m:[0m relation ""idx_blood_donation_matches_distance"" already exists, skipping"
1769795704910,"[2m2026-01-30T17:55:04.910493Z[0m [32m INFO[0m [2msqlx::postgres::notice[0m[2m:[0m relation ""idx_users_blood_group"" already exists, skipping"
1769795704910,"[2m2026-01-30T17:55:04.910509Z[0m [32m INFO[0m [2msqlx::postgres::notice[0m[2m:[0m relation ""agency_departure_schedules"" already exists, skipping"
1769795704910,"[2m2026-01-30T17:55:04.910667Z[0m [32m INFO[0m [2msqlx::postgres::notice[0m[2m:[0m relation ""idx_agency_schedules_route"" already exists, skipping"
1769795704910,"[2m2026-01-30T17:55:04.910713Z[0m [32m INFO[0m [2msqlx::postgres::notice[0m[2m:[0m relation ""idx_agency_schedules_agency"" already exists, skipping"
1769795704910,"[2m2026-01-30T17:55:04.910748Z[0m [32m INFO[0m [2msqlx::postgres::notice[0m[2m:[0m relation ""idx_agency_schedules_active"" already exists, skipping"
1769795704910,"[2m2026-01-30T17:55:04.910814Z[0m [32m INFO[0m [2msqlx::postgres::notice[0m[2m:[0m relation ""idx_agency_schedules_day"" already exists, skipping"
1769795704915,"[2m2026-01-30T17:55:04.915380Z[0m [32m INFO[0m [2msqlx::postgres::notice[0m[2m:[0m relation ""idx_bus_payments_return_date"" already exists, skipping"
1769795704915,"[2m2026-01-30T17:55:04.915426Z[0m [32m INFO[0m [2msqlx::postgres::notice[0m[2m:[0m relation ""idx_bus_payments_return_time"" already exists, skipping"
1769795704915,"[2m2026-01-30T17:55:04.915454Z[0m [32m INFO[0m [2msqlx::postgres::notice[0m[2m:[0m relation ""videos"" already exists, skipping"
1769795704915,"[2m2026-01-30T17:55:04.915575Z[0m [32m INFO[0m [2msqlx::postgres::notice[0m[2m:[0m relation ""idx_videos_service_id"" already exists, skipping"
1769795704915,"[2m2026-01-30T17:55:04.915668Z[0m [32m INFO[0m [2msqlx::postgres::notice[0m[2m:[0m relation ""idx_videos_content_id"" already exists, skipping"
1769795704915,"[2m2026-01-30T17:55:04.915735Z[0m [32m INFO[0m [2msqlx::postgres::notice[0m[2m:[0m relation ""idx_videos_is_active"" already exists, skipping"
1769795704915,"[2m2026-01-30T17:55:04.915779Z[0m [32m INFO[0m [2msqlx::postgres::notice[0m[2m:[0m relation ""idx_videos_created_at"" already exists, skipping"
1769795704915,"[2m2026-01-30T17:55:04.915828Z[0m [32m INFO[0m [2msqlx::postgres::notice[0m[2m:[0m relation ""idx_videos_studio_session_id"" already exists, skipping"
1769795704915,"[2m2026-01-30T17:55:04.915839Z[0m [32m INFO[0m [2msqlx::postgres::notice[0m[2m:[0m relation ""idx_videos_hashtags_gin"" already exists, skipping"
1769795704915,"[2m2026-01-30T17:55:04.915913Z[0m [32m INFO[0m [2msqlx::postgres::notice[0m[2m:[0m relation ""idx_videos_title_fulltext"" already exists, skipping"
1769795704915,"[2m2026-01-30T17:55:04.915967Z[0m [32m INFO[0m [2msqlx::postgres::notice[0m[2m:[0m relation ""idx_videos_description_fulltext"" already exists, skipping"
1769795704916,"[2m2026-01-30T17:55:04.916039Z[0m [32m INFO[0m [2msqlx::postgres::notice[0m[2m:[0m relation ""idx_videos_embedding"" already exists, skipping"
1769795704918,"[2m2026-01-30T17:55:04.918323Z[0m [32m INFO[0m [2msqlx::postgres::notice[0m[2m:[0m relation ""message_reactions"" already exists, skipping"
1769795704918,"[2m2026-01-30T17:55:04.918436Z[0m [32m INFO[0m [2msqlx::postgres::notice[0m[2m:[0m relation ""idx_message_reactions_message_id"" already exists, skipping"
1769795704918,"[2m2026-01-30T17:55:04.918472Z[0m [32m INFO[0m [2msqlx::postgres::notice[0m[2m:[0m relation ""idx_message_reactions_user_id"" already exists, skipping"
1769795704919,"[2m2026-01-30T17:55:04.918990Z[0m [32m INFO[0m [2msqlx::postgres::notice[0m[2m:[0m relation ""delivery_chat_messages"" already exists, skipping"
1769795704920,"[2m2026-01-30T17:55:04.920127Z[0m [32m INFO[0m [2msqlx::postgres::notice[0m[2m:[0m relation ""idx_delivery_chat_messages_delivery_id"" already exists, skipping"
1769795704920,"[2m2026-01-30T17:55:04.920173Z[0m [32m INFO[0m [2msqlx::postgres::notice[0m[2m:[0m relation ""idx_delivery_chat_messages_sender_id"" already exists, skipping"
1769795704920,"[2m2026-01-30T17:55:04.920245Z[0m [32m INFO[0m [2msqlx::postgres::notice[0m[2m:[0m relation ""idx_delivery_chat_messages_created_at"" already exists, skipping"
1769795704920,"[2m2026-01-30T17:55:04.920270Z[0m [32m INFO[0m [2msqlx::postgres::notice[0m[2m:[0m relation ""idx_delivery_chat_messages_delivery_created"" already exists, skipping"
1769795704920,"[2m2026-01-30T17:55:04.920280Z[0m [32m INFO[0m [2msqlx::postgres::notice[0m[2m:[0m relation ""delivery_gamification_stats"" already exists, skipping"
1769795704920,"[2m2026-01-30T17:55:04.920406Z[0m [32m INFO[0m [2msqlx::postgres::notice[0m[2m:[0m relation ""idx_delivery_gamification_stats_points"" already exists, skipping"
1769795704920,"[2m2026-01-30T17:55:04.920463Z[0m [32m INFO[0m [2msqlx::postgres::notice[0m[2m:[0m relation ""idx_delivery_gamification_stats_level"" already exists, skipping"
1769795704920,"[2m2026-01-30T17:55:04.920484Z[0m [32m INFO[0m [2msqlx::postgres::notice[0m[2m:[0m relation ""idx_delivery_gamification_stats_deliveries"" already exists, skipping"
1769795704920,"[2m2026-01-30T17:55:04.920558Z[0m [32m INFO[0m [2msqlx::postgres::notice[0m[2m:[0m relation ""delivery_badges"" already exists, skipping"
1769795704920,"[2m2026-01-30T17:55:04.920648Z[0m [32m INFO[0m [2msqlx::postgres::notice[0m[2m:[0m relation ""idx_delivery_badges_user_id"" already exists, skipping"
1769795704920,"[2m2026-01-30T17:55:04.920656Z[0m [32m INFO[0m [2msqlx::postgres::notice[0m[2m:[0m relation ""idx_delivery_badges_type"" already exists, skipping"
1769795704920,"[2m2026-01-30T17:55:04.920659Z[0m [32m INFO[0m [2msqlx::postgres::notice[0m[2m:[0m relation ""idx_delivery_badges_earned_at"" already exists, skipping"
1769795704920,"[2m2026-01-30T17:55:04.920667Z[0m [32m INFO[0m [2msqlx::postgres::notice[0m[2m:[0m relation ""delivery_points_history"" already exists, skipping"
1769795704920,"[2m2026-01-30T17:55:04.920813Z[0m [32m INFO[0m [2msqlx::postgres::notice[0m[2m:[0m relation ""idx_delivery_points_history_user_id"" already exists, skipping"
1769795704920,"[2m2026-01-30T17:55:04.920863Z[0m [32m INFO[0m [2msqlx::postgres::notice[0m[2m:[0m relation ""idx_delivery_points_history_created_at"" already exists, skipping"
1769795704920,"[2m2026-01-30T17:55:04.920947Z[0m [32m INFO[0m [2msqlx::postgres::notice[0m[2m:[0m relation ""idx_delivery_points_history_delivery_id"" already exists, skipping"
1769795704920,"[2m2026-01-30T17:55:04.920957Z[0m [32m INFO[0m [2msqlx::postgres::notice[0m[2m:[0m relation ""delivery_product_suggestions"" already exists, skipping"
1769795704921,"[2m2026-01-30T17:55:04.921091Z[0m [32m INFO[0m [2msqlx::postgres::notice[0m[2m:[0m relation ""idx_delivery_product_suggestions_delivery_id"" already exists, skipping"
1769795704921,"[2m2026-01-30T17:55:04.921121Z[0m [32m INFO[0m [2msqlx::postgres::notice[0m[2m:[0m relation ""idx_delivery_product_suggestions_user_id"" already exists, skipping"
1769795704921,"[2m2026-01-30T17:55:04.921167Z[0m [32m INFO[0m [2msqlx::postgres::notice[0m[2m:[0m relation ""idx_delivery_product_suggestions_created_at"" already exists, skipping"
1769795704921,"[2m2026-01-30T17:55:04.921250Z[0m [32m INFO[0m [2msqlx::postgres::notice[0m[2m:[0m relation ""idx_delivery_product_suggestions_accepted"" already exists, skipping"
1769795704921,"[2m2026-01-30T17:55:04.921300Z[0m [32m INFO[0m [2msqlx::postgres::notice[0m[2m:[0m relation ""effects"" already exists, skipping"
1769795704921,"[2m2026-01-30T17:55:04.921402Z[0m [32m INFO[0m [2msqlx::postgres::notice[0m[2m:[0m relation ""idx_effects_category"" already exists, skipping"
1769795704921,"[2m2026-01-30T17:55:04.921465Z[0m [32m INFO[0m [2msqlx::postgres::notice[0m[2m:[0m relation ""idx_effects_tags"" already exists, skipping"
1769795704921,"[2m2026-01-30T17:55:04.921476Z[0m [32m INFO[0m [2msqlx::postgres::notice[0m[2m:[0m relation ""idx_effects_popularity"" already exists, skipping"
1769795704921,"[2m2026-01-30T17:55:04.921504Z[0m [32m INFO[0m [2msqlx::postgres::notice[0m[2m:[0m relation ""idx_effects_name"" already exists, skipping"
1769795704921,"[2m2026-01-30T17:55:04.921559Z[0m [32m INFO[0m [2msqlx::postgres::notice[0m[2m:[0m relation ""idx_effects_category_popularity"" already exists, skipping"
1769795704922,"[2m2026-01-30T17:55:04.921979Z[0m [32m INFO[0m [2msqlx::postgres::notice[0m[2m:[0m relation ""video_templates"" already exists, skipping"
1769795704922,"[2m2026-01-30T17:55:04.922118Z[0m [32m INFO[0m [2msqlx::postgres::notice[0m[2m:[0m relation ""idx_templates_industry"" already exists, skipping"
1769795704922,"[2m2026-01-30T17:55:04.922187Z[0m [32m INFO[0m [2msqlx::postgres::notice[0m[2m:[0m relation ""idx_templates_subcategory"" already exists, skipping"
1769795704922,"[2m2026-01-30T17:55:04.922212Z[0m [32m INFO[0m [2msqlx::postgres::notice[0m[2m:[0m relation ""idx_templates_tags"" already exists, skipping"
1769795704922,"[2m2026-01-30T17:55:04.922246Z[0m [32m INFO[0m [2msqlx::postgres::notice[0m[2m:[0m relation ""idx_templates_popularity"" already exists, skipping"
1769795704922,"[2m2026-01-30T17:55:04.922264Z[0m [32m INFO[0m [2msqlx::postgres::notice[0m[2m:[0m relation ""idx_templates_usage"" already exists, skipping"
1769795704922,"[2m2026-01-30T17:55:04.922334Z[0m [32m INFO[0m [2msqlx::postgres::notice[0m[2m:[0m relation ""idx_templates_name"" already exists, skipping"
1769795704922,"[2m2026-01-30T17:55:04.922344Z[0m [32m INFO[0m [2msqlx::postgres::notice[0m[2m:[0m relation ""idx_templates_industry_popularity"" already exists, skipping"
1769795704923,[2m2026-01-30T17:55:04.923225Z[0m [31mERROR[0m [2myukpomnang_backend[0m[2m:[0m ❌ ERREUR DÉTAILLÉE lors de l'application des migrations SQLx standard:
1769795704923,"[2m2026-01-30T17:55:04.923233Z[0m [31mERROR[0m [2myukpomnang_backend[0m[2m:[0m    Type: ExecuteMigration(Database(PgDatabaseError { severity: Error, code: ""42710"", message: ""trigger \""trigger_update_templates_updated_at\"" for relation \""video_templates\"" already exists"", detail: None, hint: None, position: None, where: None, schema: None, table: None, column: None, data_type: None, constraint: None, file: Some(""trigger.c""), line: Some(775), routine: Some(""CreateTriggerFiringOn"") }), 0)"
1769795704923,"[2m2026-01-30T17:55:04.923248Z[0m [31mERROR[0m [2myukpomnang_backend[0m[2m:[0m    Message: while executing migration 0: error returned from database: trigger ""trigger_update_templates_updated_at"" for relation ""video_templates"" already exists"
1769795704923,"[2m2026-01-30T17:55:04.923252Z[0m [31mERROR[0m [2myukpomnang_backend[0m[2m:[0m    Source: error returned from database: trigger ""trigger_update_templates_updated_at"" for relation ""video_templates"" already exists"
1769795704923,"[2m2026-01-30T17:55:04.923257Z[0m [33m WARN[0m [2myukpomnang_backend[0m[2m:[0m 🔄 [MIGRATION CONSOLIDÉE] SQLx a échoué, tentative d'application de la migration consolidée de secours..."
1769795704923,"[2m2026-01-30T17:55:04.923261Z[0m [32m INFO[0m [2myukpomnang_backend[0m[2m:[0m 🔍 [MIGRATION CONSOLIDÉE] Fichier chargé, taille: 1437 caractères"
1769795704925,"[2m2026-01-30T17:55:04.925788Z[0m [32m INFO[0m [2msqlx::postgres::notice[0m[2m:[0m extension ""uuid-ossp"" already exists, skipping"
1769795704928,"[2m2026-01-30T17:55:04.928043Z[0m [32m INFO[0m [2msqlx::postgres::notice[0m[2m:[0m extension ""pg_trgm"" already exists, skipping"
1769795704930,"[2m2026-01-30T17:55:04.930461Z[0m [32m INFO[0m [2msqlx::postgres::notice[0m[2m:[0m extension ""unaccent"" already exists, skipping"
1769795704932,"[2m2026-01-30T17:55:04.932826Z[0m [32m INFO[0m [2msqlx::postgres::notice[0m[2m:[0m extension ""pgcrypto"" already exists, skipping"
1769795704932,[2m2026-01-30T17:55:04.932845Z[0m [32m INFO[0m [2myukpomnang_backend[0m[2m:[0m ✅ [MIGRATION CONSOLIDÉE] Migration consolidée appliquée avec succès (après échec SQLx)
1769795704932,"[2m2026-01-30T17:55:04.932852Z[0m [31mERROR[0m [2myukpomnang_backend[0m[2m:[0m ❌ ERREUR CRITIQUE lors de l'application des migrations SQLx standard: while executing migration 0: error returned from database: trigger ""trigger_update_templates_updated_at"" for relation ""video_templates"" already exists"
1769795704932,"[2m2026-01-30T17:55:04.932863Z[0m [31mERROR[0m [2myukpomnang_backend[0m[2m:[0m ❌ Les migrations SQLx standard sont OBLIGATOIRES pour créer les tables de base (users, services)"
1769795704932,[2m2026-01-30T17:55:04.932868Z[0m [31mERROR[0m [2myukpomnang_backend[0m[2m:[0m ❌ Les migrations automatiques ne pourront pas s'exécuter correctement sans ces tables
1769795704932,[2m2026-01-30T17:55:04.932871Z[0m [31mERROR[0m [2myukpomnang_backend[0m[2m:[0m 🔍 DIAGNOSTIC COMPLET:
1769795704983,[2m2026-01-30T17:55:04.983551Z[0m [31mERROR[0m [2myukpomnang_backend[0m[2m:[0m 🔍 VÉRIFICATIONS:
1769795704983,[2m2026-01-30T17:55:04.983631Z[0m [31mERROR[0m [2myukpomnang_backend[0m[2m:[0m    1. Que le dossier 'migrations' existe et contient des fichiers .sql
1769795704983,[2m2026-01-30T17:55:04.983640Z[0m [31mERROR[0m [2myukpomnang_backend[0m[2m:[0m    2. Que la connexion à la base de données fonctionne
1769795704983,[2m2026-01-30T17:55:04.983644Z[0m [31mERROR[0m [2myukpomnang_backend[0m[2m:[0m    3. Que l'utilisateur PostgreSQL a les permissions CREATE TABLE
1769795704983,[2m2026-01-30T17:55:04.983647Z[0m [31mERROR[0m [2myukpomnang_backend[0m[2m:[0m    4. Que la migration 0 n'a pas été modifiée après application
1769795704983,[2m2026-01-30T17:55:04.983682Z[0m [31mERROR[0m [2myukpomnang_backend[0m[2m:[0m    5. Les logs PostgreSQL pour plus de détails
1769795704983,[2m2026-01-30T17:55:04.983726Z[0m [31mERROR[0m [2myukpomnang_backend[0m[2m:[0m 🔧 SOLUTION: Exécuter manuellement les migrations:
1769795704983,[2m2026-01-30T17:55:04.983733Z[0m [31mERROR[0m [2myukpomnang_backend[0m[2m:[0m    cd backend && sqlx migrate run
1769795704983,"[2m2026-01-30T17:55:04.983739Z[0m [33m WARN[0m [2myukpomnang_backend[0m[2m:[0m ⚠️ Continuation du démarrage, mais certaines fonctionnalités peuvent être indisponibles"
1769795704983,"[2m2026-01-30T17:55:04.983796Z[0m [32m INFO[0m [2myukpomnang_backend[0m[2m:[0m 🔍 ENABLE_AUTO_MIGRATIONS: raw='true', parsed=true"
1769795704983,[2m2026-01-30T17:55:04.983803Z[0m [32m INFO[0m [2myukpomnang_backend[0m[2m:[0m 🔍 Vérification des tables de base avant migrations automatiques...
1769795704990,"[2m2026-01-30T17:55:04.990538Z[0m [32m INFO[0m [2myukpomnang_backend[0m[2m:[0m ✅ Tables de base (users, services) vérifiées - Exécution des migrations automatiques..."
1769795704990,[2m2026-01-30T17:55:04.990617Z[0m [32m INFO[0m [2myukpomnang_backend::migrations::auto_migrate[0m[2m:[0m 🚀 Démarrage des migrations automatiques...
1769795704997,"[2m2026-01-30T17:55:04.997694Z[0m [32m INFO[0m [2myukpomnang_backend::migrations::auto_migrate[0m[2m:[0m ✅ Tables de base (users, services) vérifiées"
1769795704997,[2m2026-01-30T17:55:04.997739Z[0m [32m INFO[0m [2myukpomnang_backend::migrations::auto_migrate[0m[2m:[0m 🔧 Application des corrections critiques AWS...
1769795704997,[2m2026-01-30T17:55:04.997755Z[0m [32m INFO[0m [2myukpomnang_backend::migrations::auto_migrate[0m[2m:[0m 🔧 Correction: Suppression des versions dupliquées de hybrid_image_search...
1769795705001,[2m2026-01-30T17:55:05.001650Z[0m [32m INFO[0m [2myukpomnang_backend::migrations::auto_migrate[0m[2m:[0m ✅ Toutes les versions dupliquées de hybrid_image_search ont été supprimées
1769795705001,[2m2026-01-30T17:55:05.001696Z[0m [32m INFO[0m [2myukpomnang_backend::migrations::auto_migrate[0m[2m:[0m ✅ Correction critique: hybrid_image_search dupliquées supprimées
1769795705001,[2m2026-01-30T17:55:05.001730Z[0m [32m INFO[0m [2myukpomnang_backend::migrations::auto_migrate[0m[2m:[0m 🔧 Correction: Vérification/création de specialized_reservations...
1769795705005,[2m2026-01-30T17:55:05.005652Z[0m [32m INFO[0m [2myukpomnang_backend::migrations::auto_migrate[0m[2m:[0m ✅ Table specialized_reservations existe déjà
1769795705005,[2m2026-01-30T17:55:05.005701Z[0m [32m INFO[0m [2myukpomnang_backend::migrations::auto_migrate[0m[2m:[0m ✅ Correction critique: specialized_reservations vérifiée
1769795705005,[2m2026-01-30T17:55:05.005729Z[0m [32m INFO[0m [2myukpomnang_backend::migrations::auto_migrate[0m[2m:[0m 🔧 Correction: Vérification/création de run_audio_cache_cleanup()...
1769795705009,[2m2026-01-30T17:55:05.009390Z[0m [32m INFO[0m [2msqlx::postgres::notice[0m[2m:[0m Supprimé: run_audio_cache_cleanup()
1769795705010,[2m2026-01-30T17:55:05.010197Z[0m [32m INFO[0m [2myukpomnang_backend::migrations::auto_migrate[0m[2m:[0m 🧹 Toutes les versions de run_audio_cache_cleanup() supprimées
1769795705014,[2m2026-01-30T17:55:05.014105Z[0m [32m INFO[0m [2myukpomnang_backend::migrations::auto_migrate[0m[2m:[0m ✅ Fonction run_audio_cache_cleanup() créée avec succès (signature sans paramètres)
1769795705014,[2m2026-01-30T17:55:05.014150Z[0m [32m INFO[0m [2myukpomnang_backend::migrations::auto_migrate[0m[2m:[0m ✅ Correction critique: run_audio_cache_cleanup() vérifiée
1769795705014,[2m2026-01-30T17:55:05.014177Z[0m [32m INFO[0m [2myukpomnang_backend::migrations::auto_migrate[0m[2m:[0m 🔧 Correction: Vérification de la colonne gps dans services...
1769795705023,[2m2026-01-30T17:55:05.023233Z[0m [32m INFO[0m [2myukpomnang_backend::migrations::auto_migrate[0m[2m:[0m ✅ Colonne gps existe déjà dans services
1769795705023,[2m2026-01-30T17:55:05.023290Z[0m [32m INFO[0m [2myukpomnang_backend::migrations::auto_migrate[0m[2m:[0m ✅ Correction critique: colonne gps dans services vérifiée
1769795705023,[2m2026-01-30T17:55:05.023300Z[0m [32m INFO[0m [2myukpomnang_backend::migrations::auto_migrate[0m[2m:[0m 🔧 Correction: Vérification de l'index delivery_matching_queue...
1769795705029,[2m2026-01-30T17:55:05.029059Z[0m [32m INFO[0m [2myukpomnang_backend::migrations::auto_migrate[0m[2m:[0m ✅ Index delivery_matching_queue corrigé
1769795705029,[2m2026-01-30T17:55:05.029106Z[0m [32m INFO[0m [2myukpomnang_backend::migrations::auto_migrate[0m[2m:[0m ✅ Correction critique: index delivery_matching_queue corrigé
1769795705029,[2m2026-01-30T17:55:05.029133Z[0m [32m INFO[0m [2myukpomnang_backend::migrations::auto_migrate[0m[2m:[0m 🔧 Correction: Vérification de la table products...
1769795705032,[2m2026-01-30T17:55:05.032475Z[0m [32m INFO[0m [2myukpomnang_backend::migrations::auto_migrate[0m[2m:[0m ✅ Table products existe déjà
1769795705032,[2m2026-01-30T17:55:05.032515Z[0m [32m INFO[0m [2myukpomnang_backend::migrations::auto_migrate[0m[2m:[0m ✅ Correction critique: table products vérifiée
1769795705032,[2m2026-01-30T17:55:05.032552Z[0m [32m INFO[0m [2myukpomnang_backend::migrations::auto_migrate[0m[2m:[0m 🔧 Correction: Vérification des vues matérialisées...
1769795705046,[2m2026-01-30T17:55:05.046206Z[0m [32m INFO[0m [2myukpomnang_backend::migrations::auto_migrate[0m[2m:[0m ✅ Vues matérialisées existent déjà
1769795705046,[2m2026-01-30T17:55:05.046259Z[0m [32m INFO[0m [2myukpomnang_backend::migrations::auto_migrate[0m[2m:[0m ✅ Correction critique: vues matérialisées corrigées
1769795705046,[2m2026-01-30T17:55:05.046268Z[0m [32m INFO[0m [2myukpomnang_backend::migrations::auto_migrate[0m[2m:[0m 🔧 Correction: Vérification des contraintes dupliquées...
1769795705049,[2m2026-01-30T17:55:05.049814Z[0m [32m INFO[0m [2msqlx::postgres::notice[0m[2m:[0m Contrainte fk_video_generation_jobs_audio_job supprimée
1769795705062,[2m2026-01-30T17:55:05.062668Z[0m [32m INFO[0m [2msqlx::postgres::notice[0m[2m:[0m Contrainte fk_video_generation_jobs_audio_job recréée
1769795705063,[2m2026-01-30T17:55:05.063430Z[0m [32m INFO[0m [2myukpomnang_backend::migrations::auto_migrate[0m[2m:[0m ✅ Contraintes dupliquées corrigées
1769795705063,[2m2026-01-30T17:55:05.063468Z[0m [32m INFO[0m [2myukpomnang_backend::migrations::auto_migrate[0m[2m:[0m ✅ Correction critique: contraintes dupliquées supprimées
1769795705063,[2m2026-01-30T17:55:05.063485Z[0m [32m INFO[0m [2myukpomnang_backend::migrations::auto_migrate[0m[2m:[0m 🔍 Vérification de l'extension pgvector...
1769795705068,[2m2026-01-30T17:55:05.068499Z[0m [32m INFO[0m [2myukpomnang_backend::migrations::auto_migrate[0m[2m:[0m ✅ Extension pgvector installée (version: 0.8.0)
1769795705068,[2m2026-01-30T17:55:05.068541Z[0m [32m INFO[0m [2myukpomnang_backend::migrations::auto_migrate[0m[2m:[0m 💡 pgvector est disponible pour les recherches sémantiques et embeddings
1769795705068,[2m2026-01-30T17:55:05.068554Z[0m [32m INFO[0m [2myukpomnang_backend::migrations::auto_migrate[0m[2m:[0m ✅ Migration auto: pgvector extension vérifiée
1769795705068,[2m2026-01-30T17:55:05.068569Z[0m [32m INFO[0m [2myukpomnang_backend::migrations::auto_migrate[0m[2m:[0m 🔍 Vérification de la table geo_hierarchy...
1769795705071,[2m2026-01-30T17:55:05.071677Z[0m [32m INFO[0m [2myukpomnang_backend::migrations::auto_migrate[0m[2m:[0m ✅ Table geo_hierarchy déjà présente
1769795705071,[2m2026-01-30T17:55:05.071704Z[0m [32m INFO[0m [2myukpomnang_backend::migrations::auto_migrate[0m[2m:[0m ✅ Migration auto: geo_hierarchy OK
1769795705071,[2m2026-01-30T17:55:05.071740Z[0m [32m INFO[0m [2myukpomnang_backend::migrations::auto_migrate[0m[2m:[0m 🔍 Vérification de la table google_places_data...
1769795705074,"[2m2026-01-30T17:55:05.074238Z[0m [32m INFO[0m [2msqlx::postgres::notice[0m[2m:[0m relation ""google_places_data"" already exists, skipping"
1769795705076,"[2m2026-01-30T17:55:05.076693Z[0m [32m INFO[0m [2msqlx::postgres::notice[0m[2m:[0m relation ""idx_google_places_data_service_id"" already exists, skipping"
1769795705079,"[2m2026-01-30T17:55:05.079255Z[0m [32m INFO[0m [2msqlx::postgres::notice[0m[2m:[0m relation ""idx_google_places_data_place_id"" already exists, skipping"
1769795705081,"[2m2026-01-30T17:55:05.081584Z[0m [32m INFO[0m [2msqlx::postgres::notice[0m[2m:[0m relation ""idx_google_places_data_location_vector"" already exists, skipping"
1769795705084,"[2m2026-01-30T17:55:05.084240Z[0m [32m INFO[0m [2msqlx::postgres::notice[0m[2m:[0m relation ""idx_google_places_data_types"" already exists, skipping"
1769795705086,"[2m2026-01-30T17:55:05.086615Z[0m [32m INFO[0m [2msqlx::postgres::notice[0m[2m:[0m relation ""idx_google_places_data_cuisine"" already exists, skipping"
1769795705086,[2m2026-01-30T17:55:05.086696Z[0m [32m INFO[0m [2myukpomnang_backend::migrations::auto_migrate[0m[2m:[0m ✅ Migration auto: google_places_data OK
1769795705086,[2m2026-01-30T17:55:05.086742Z[0m [32m INFO[0m [2myukpomnang_backend::migrations::auto_migrate[0m[2m:[0m 🔍 Vérification des tables media_engagement & media_distribution...
1769795705089,"[2m2026-01-30T17:55:05.089057Z[0m [32m INFO[0m [2msqlx::postgres::notice[0m[2m:[0m relation ""media_engagement"" already exists, skipping"
1769795705099,"[2m2026-01-30T17:55:05.099722Z[0m [32m INFO[0m [2msqlx::postgres::notice[0m[2m:[0m relation ""idx_media_engagement_media"" already exists, skipping"
1769795705102,"[2m2026-01-30T17:55:05.102389Z[0m [32m INFO[0m [2msqlx::postgres::notice[0m[2m:[0m relation ""idx_media_engagement_event"" already exists, skipping"
1769795705104,"[2m2026-01-30T17:55:05.104963Z[0m [32m INFO[0m [2msqlx::postgres::notice[0m[2m:[0m relation ""idx_media_engagement_service"" already exists, skipping"
1769795705107,"[2m2026-01-30T17:55:05.107365Z[0m [32m INFO[0m [2msqlx::postgres::notice[0m[2m:[0m relation ""media_distribution"" already exists, skipping"
1769795705110,"[2m2026-01-30T17:55:05.109974Z[0m [32m INFO[0m [2msqlx::postgres::notice[0m[2m:[0m relation ""idx_media_distribution_media"" already exists, skipping"
1769795705112,"[2m2026-01-30T17:55:05.112481Z[0m [32m INFO[0m [2msqlx::postgres::notice[0m[2m:[0m relation ""idx_media_distribution_target"" already exists, skipping"
1769795705112,[2m2026-01-30T17:55:05.112545Z[0m [32m INFO[0m [2myukpomnang_backend::migrations::auto_migrate[0m[2m:[0m ✅ Migration auto: media engagement/distribution ok
1769795705112,[2m2026-01-30T17:55:05.112586Z[0m [32m INFO[0m [2myukpomnang_backend::migrations::auto_migrate[0m[2m:[0m 🔍 Vérification de la table service_inventory_overrides...
1769795705115,"[2m2026-01-30T17:55:05.115008Z[0m [32m INFO[0m [2msqlx::postgres::notice[0m[2m:[0m relation ""service_inventory_overrides"" already exists, skipping"
1769795705117,"[2m2026-01-30T17:55:05.117642Z[0m [32m INFO[0m [2msqlx::postgres::notice[0m[2m:[0m relation ""idx_service_inventory_overrides_unique"" already exists, skipping"
1769795705120,"[2m2026-01-30T17:55:05.120296Z[0m [32m INFO[0m [2msqlx::postgres::notice[0m[2m:[0m relation ""idx_service_inventory_overrides_last_synced"" already exists, skipping"
1769795705120,[2m2026-01-30T17:55:05.120405Z[0m [32m INFO[0m [2myukpomnang_backend::migrations::auto_migrate[0m[2m:[0m ✅ Migration auto: inventory overrides OK
1769795705120,[2m2026-01-30T17:55:05.120442Z[0m [32m INFO[0m [2myukpomnang_backend::migrations::auto_migrate[0m[2m:[0m 🔍 Vérification de la table content_engagement...
1769795705122,"[2m2026-01-30T17:55:05.122719Z[0m [32m INFO[0m [2msqlx::postgres::notice[0m[2m:[0m relation ""content_engagement"" already exists, skipping"
1769795705125,"[2m2026-01-30T17:55:05.125282Z[0m [32m INFO[0m [2msqlx::postgres::notice[0m[2m:[0m relation ""idx_content_engagement_user"" already exists, skipping"
1769795705127,"[2m2026-01-30T17:55:05.127698Z[0m [32m INFO[0m [2msqlx::postgres::notice[0m[2m:[0m relation ""idx_content_engagement_content"" already exists, skipping"
1769795705138,[2m2026-01-30T17:55:05.137984Z[0m [32m INFO[0m [2myukpomnang_backend::migrations::auto_migrate[0m[2m:[0m ✅ Migration auto: content_engagement OK
1769795705138,[2m2026-01-30T17:55:05.138057Z[0m [32m INFO[0m [2myukpomnang_backend::migrations::auto_migrate[0m[2m:[0m 🔍 Vérification de la table video_generation_jobs...
1769795705140,"[2m2026-01-30T17:55:05.140205Z[0m [32m INFO[0m [2msqlx::postgres::notice[0m[2m:[0m extension ""uuid-ossp"" already exists, skipping"
1769795705145,"[2m2026-01-30T17:55:05.145759Z[0m [32m INFO[0m [2msqlx::postgres::notice[0m[2m:[0m relation ""video_generation_jobs"" already exists, skipping"
1769795705150,"[2m2026-01-30T17:55:05.150433Z[0m [32m INFO[0m [2msqlx::postgres::notice[0m[2m:[0m column ""result_payload"" of relation ""video_generation_jobs"" already exists, skipping"
1769795705153,"[2m2026-01-30T17:55:05.153430Z[0m [32m INFO[0m [2msqlx::postgres::notice[0m[2m:[0m relation ""idx_video_generation_jobs_user"" already exists, skipping"
1769795705155,"[2m2026-01-30T17:55:05.155891Z[0m [32m INFO[0m [2msqlx::postgres::notice[0m[2m:[0m relation ""idx_video_generation_jobs_service"" already exists, skipping"
1769795705158,"[2m2026-01-30T17:55:05.158481Z[0m [32m INFO[0m [2msqlx::postgres::notice[0m[2m:[0m relation ""idx_video_generation_jobs_status"" already exists, skipping"
1769795705161,"[2m2026-01-30T17:55:05.161004Z[0m [32m INFO[0m [2msqlx::postgres::notice[0m[2m:[0m relation ""idx_video_generation_jobs_status_updated_at"" already exists, skipping"
1769795705161,[2m2026-01-30T17:55:05.161098Z[0m [32m INFO[0m [2myukpomnang_backend::migrations::auto_migrate[0m[2m:[0m ✅ Migration auto: video_generation_jobs OK
1769795705161,[2m2026-01-30T17:55:05.161118Z[0m [32m INFO[0m [2myukpomnang_backend::migrations::auto_migrate[0m[2m:[0m 🔍 Vérification des tables premium_audio_jobs et colonnes audio...
1769795705163,"[2m2026-01-30T17:55:05.163662Z[0m [32m INFO[0m [2msqlx::postgres::notice[0m[2m:[0m relation ""premium_audio_jobs"" already exists, skipping"
1769795705166,"[2m2026-01-30T17:55:05.166107Z[0m [32m INFO[0m [2msqlx::postgres::notice[0m[2m:[0m relation ""idx_premium_audio_jobs_status"" already exists, skipping"
1769795705168,"[2m2026-01-30T17:55:05.168611Z[0m [32m INFO[0m [2msqlx::postgres::notice[0m[2m:[0m relation ""idx_premium_audio_jobs_updated_at"" already exists, skipping"
1769795705171,"[2m2026-01-30T17:55:05.171045Z[0m [32m INFO[0m [2msqlx::postgres::notice[0m[2m:[0m relation ""idx_premium_audio_jobs_provider"" already exists, skipping"
1769795705173,"[2m2026-01-30T17:55:05.173419Z[0m [32m INFO[0m [2msqlx::postgres::notice[0m[2m:[0m relation ""idx_premium_audio_jobs_provider_job"" already exists, skipping"
1769795705185,"[2m2026-01-30T17:55:05.185551Z[0m [32m INFO[0m [2msqlx::postgres::notice[0m[2m:[0m column ""audio_job_id"" of relation ""video_generation_jobs"" already exists, skipping"
1769795705188,"[2m2026-01-30T17:55:05.188486Z[0m [32m INFO[0m [2msqlx::postgres::notice[0m[2m:[0m column ""audio_status"" of relation ""video_generation_jobs"" already exists, skipping"
1769795705191,"[2m2026-01-30T17:55:05.191409Z[0m [32m INFO[0m [2msqlx::postgres::notice[0m[2m:[0m column ""audio_metadata"" of relation ""video_generation_jobs"" already exists, skipping"
1769795705198,"[2m2026-01-30T17:55:05.198962Z[0m [32m INFO[0m [2msqlx::postgres::notice[0m[2m:[0m relation ""idx_video_generation_jobs_audio_status"" already exists, skipping"
1769795705199,[2m2026-01-30T17:55:05.199039Z[0m [32m INFO[0m [2myukpomnang_backend::migrations::auto_migrate[0m[2m:[0m ✅ Migration auto: premium audio tables OK
1769795705199,[2m2026-01-30T17:55:05.199088Z[0m [32m INFO[0m [2myukpomnang_backend::migrations::auto_migrate[0m[2m:[0m 🔍 Vérification de la table voice_profiles...
1769795705201,"[2m2026-01-30T17:55:05.201583Z[0m [32m INFO[0m [2msqlx::postgres::notice[0m[2m:[0m relation ""voice_profiles"" already exists, skipping"
1769795705204,"[2m2026-01-30T17:55:05.204227Z[0m [32m INFO[0m [2msqlx::postgres::notice[0m[2m:[0m relation ""idx_voice_profiles_user"" already exists, skipping"
1769795705207,"[2m2026-01-30T17:55:05.207074Z[0m [32m INFO[0m [2msqlx::postgres::notice[0m[2m:[0m relation ""idx_voice_profiles_service"" already exists, skipping"
1769795705216,[2m2026-01-30T17:55:05.216811Z[0m [32m INFO[0m [2myukpomnang_backend::migrations::auto_migrate[0m[2m:[0m ✅ Migration auto: voice_profiles OK
1769795705216,[2m2026-01-30T17:55:05.216848Z[0m [32m INFO[0m [2myukpomnang_backend::migrations::auto_migrate[0m[2m:[0m 🔍 Vérification des tables studio_sessions / timeline / assets...
1769795705219,"[2m2026-01-30T17:55:05.219476Z[0m [32m INFO[0m [2msqlx::postgres::notice[0m[2m:[0m relation ""studio_sessions"" already exists, skipping"
1769795705221,"[2m2026-01-30T17:55:05.221924Z[0m [32m INFO[0m [2msqlx::postgres::notice[0m[2m:[0m relation ""idx_studio_sessions_user"" already exists, skipping"
1769795705224,"[2m2026-01-30T17:55:05.224397Z[0m [32m INFO[0m [2msqlx::postgres::notice[0m[2m:[0m relation ""idx_studio_sessions_service"" already exists, skipping"
1769795705226,"[2m2026-01-30T17:55:05.226779Z[0m [32m INFO[0m [2msqlx::postgres::notice[0m[2m:[0m relation ""studio_timeline_clips"" already exists, skipping"
1769795705229,"[2m2026-01-30T17:55:05.229207Z[0m [32m INFO[0m [2msqlx::postgres::notice[0m[2m:[0m relation ""idx_studio_clips_session"" already exists, skipping"
1769795705231,"[2m2026-01-30T17:55:05.231524Z[0m [32m INFO[0m [2msqlx::postgres::notice[0m[2m:[0m relation ""studio_dynamic_assets"" already exists, skipping"
1769795705234,"[2m2026-01-30T17:55:05.234048Z[0m [32m INFO[0m [2msqlx::postgres::notice[0m[2m:[0m relation ""idx_studio_assets_session"" already exists, skipping"
1769795705236,"[2m2026-01-30T17:55:05.236546Z[0m [32m INFO[0m [2msqlx::postgres::notice[0m[2m:[0m relation ""studio_preview_events"" already exists, skipping"
1769795705239,"[2m2026-01-30T17:55:05.239079Z[0m [32m INFO[0m [2msqlx::postgres::notice[0m[2m:[0m relation ""idx_studio_preview_events_session"" already exists, skipping"
1769795705249,[2m2026-01-30T17:55:05.249118Z[0m [32m INFO[0m [2myukpomnang_backend::migrations::auto_migrate[0m[2m:[0m ✅ Migration auto: studio tables OK
1769795705249,[2m2026-01-30T17:55:05.249194Z[0m [32m INFO[0m [2myukpomnang_backend::migrations::auto_migrate[0m[2m:[0m 🔍 Vérification des colonnes tokens/utilisateurs...
1769795705252,"[2m2026-01-30T17:55:05.251982Z[0m [32m INFO[0m [2msqlx::postgres::notice[0m[2m:[0m column ""tokens_balance"" of relation ""users"" already exists, skipping"
1769795705258,"[2m2026-01-30T17:55:05.258659Z[0m [32m INFO[0m [2msqlx::postgres::notice[0m[2m:[0m column ""token_price_user"" of relation ""users"" already exists, skipping"
1769795705266,"[2m2026-01-30T17:55:05.266164Z[0m [32m INFO[0m [2msqlx::postgres::notice[0m[2m:[0m column ""token_price_provider"" of relation ""users"" already exists, skipping"
1769795705274,"[2m2026-01-30T17:55:05.274357Z[0m [32m INFO[0m [2msqlx::postgres::notice[0m[2m:[0m column ""commission_pct"" of relation ""users"" already exists, skipping"
1769795705282,"[2m2026-01-30T17:55:05.282005Z[0m [32m INFO[0m [2msqlx::postgres::notice[0m[2m:[0m column ""preferred_lang"" of relation ""users"" already exists, skipping"
1769795705289,"[2m2026-01-30T17:55:05.288970Z[0m [32m INFO[0m [2msqlx::postgres::notice[0m[2m:[0m column ""is_provider"" of relation ""users"" already exists, skipping"
1769795705293,[2m2026-01-30T17:55:05.293919Z[0m [32m INFO[0m [2myukpomnang_backend::migrations::auto_migrate[0m[2m:[0m ✅ Migration auto: colonnes tokens utilisateurs OK
1769795705293,[2m2026-01-30T17:55:05.293963Z[0m [32m INFO[0m [2myukpomnang_backend::migrations::auto_migrate[0m[2m:[0m 🔍 Vérification de la table delivery_wallet_events...
1769795705296,"[2m2026-01-30T17:55:05.296277Z[0m [32m INFO[0m [2msqlx::postgres::notice[0m[2m:[0m relation ""delivery_wallet_events"" already exists, skipping"
1769795705298,"[2m2026-01-30T17:55:05.298692Z[0m [32m INFO[0m [2msqlx::postgres::notice[0m[2m:[0m relation ""idx_delivery_wallet_events_user"" already exists, skipping"
1769795705301,"[2m2026-01-30T17:55:05.301109Z[0m [32m INFO[0m [2msqlx::postgres::notice[0m[2m:[0m relation ""idx_delivery_wallet_events_delivery"" already exists, skipping"
1769795705303,"[2m2026-01-30T17:55:05.303511Z[0m [32m INFO[0m [2msqlx::postgres::notice[0m[2m:[0m relation ""idx_delivery_wallet_events_created_at"" already exists, skipping"
1769795705303,[2m2026-01-30T17:55:05.303596Z[0m [32m INFO[0m [2myukpomnang_backend::migrations::auto_migrate[0m[2m:[0m ✅ Migration auto: delivery_wallet_events OK
1769795705303,[2m2026-01-30T17:55:05.303642Z[0m [32m INFO[0m [2myukpomnang_backend::migrations::auto_migrate[0m[2m:[0m 🔍 Vérification de la table video_weekly_reports...
1769795705306,"[2m2026-01-30T17:55:05.306067Z[0m [32m INFO[0m [2msqlx::postgres::notice[0m[2m:[0m relation ""video_weekly_reports"" already exists, skipping"
1769795705308,"[2m2026-01-30T17:55:05.308613Z[0m [32m INFO[0m [2msqlx::postgres::notice[0m[2m:[0m relation ""idx_video_weekly_reports_week"" already exists, skipping"
1769795705308,[2m2026-01-30T17:55:05.308694Z[0m [32m INFO[0m [2myukpomnang_backend::migrations::auto_migrate[0m[2m:[0m ✅ Migration auto: video_weekly_reports OK
1769795705308,[2m2026-01-30T17:55:05.308723Z[0m [32m INFO[0m [2myukpomnang_backend::migrations::auto_migrate[0m[2m:[0m 🔍 Vérification des tables social_accounts / social_publications / social_publication_jobs...
1769795705310,"[2m2026-01-30T17:55:05.310967Z[0m [32m INFO[0m [2msqlx::postgres::notice[0m[2m:[0m relation ""social_accounts"" already exists, skipping"
1769795705313,"[2m2026-01-30T17:55:05.313261Z[0m [32m INFO[0m [2msqlx::postgres::notice[0m[2m:[0m relation ""social_publications"" already exists, skipping"
1769795705315,"[2m2026-01-30T17:55:05.315688Z[0m [32m INFO[0m [2msqlx::postgres::notice[0m[2m:[0m relation ""social_publication_jobs"" already exists, skipping"
1769795705318,"[2m2026-01-30T17:55:05.318254Z[0m [32m INFO[0m [2msqlx::postgres::notice[0m[2m:[0m relation ""idx_social_accounts_user_platform"" already exists, skipping"
1769795705320,"[2m2026-01-30T17:55:05.320536Z[0m [32m INFO[0m [2msqlx::postgres::notice[0m[2m:[0m relation ""idx_social_publications_media"" already exists, skipping"
1769795705322,"[2m2026-01-30T17:55:05.322972Z[0m [32m INFO[0m [2msqlx::postgres::notice[0m[2m:[0m relation ""idx_social_publications_platform"" already exists, skipping"
1769795705325,"[2m2026-01-30T17:55:05.325496Z[0m [32m INFO[0m [2msqlx::postgres::notice[0m[2m:[0m relation ""idx_social_publication_jobs_status"" already exists, skipping"
1769795705325,[2m2026-01-30T17:55:05.325637Z[0m [32m INFO[0m [2myukpomnang_backend::migrations::auto_migrate[0m[2m:[0m ✅ Migration auto: social connectors OK
1769795705325,[2m2026-01-30T17:55:05.325682Z[0m [32m INFO[0m [2myukpomnang_backend::migrations::auto_migrate[0m[2m:[0m 🔍 Vérification des tables globales de promotions...
1769795705327,"[2m2026-01-30T17:55:05.327952Z[0m [32m INFO[0m [2msqlx::postgres::notice[0m[2m:[0m extension ""uuid-ossp"" already exists, skipping"
1769795705330,"[2m2026-01-30T17:55:05.330246Z[0m [32m INFO[0m [2msqlx::postgres::notice[0m[2m:[0m relation ""global_promo_events"" already exists, skipping"
1769795705332,"[2m2026-01-30T17:55:05.332960Z[0m [32m INFO[0m [2msqlx::postgres::notice[0m[2m:[0m relation ""idx_global_promo_events_status"" already exists, skipping"
1769795705335,"[2m2026-01-30T17:55:05.335533Z[0m [32m INFO[0m [2msqlx::postgres::notice[0m[2m:[0m relation ""idx_global_promo_events_theme"" already exists, skipping"
1769795705338,"[2m2026-01-30T17:55:05.338350Z[0m [32m INFO[0m [2msqlx::postgres::notice[0m[2m:[0m relation ""global_promo_entries"" already exists, skipping"
1769795705341,"[2m2026-01-30T17:55:05.341402Z[0m [32m INFO[0m [2msqlx::postgres::notice[0m[2m:[0m relation ""idx_global_promo_entries_event_status"" already exists, skipping"
1769795705344,"[2m2026-01-30T17:55:05.344233Z[0m [32m INFO[0m [2msqlx::postgres::notice[0m[2m:[0m relation ""idx_global_promo_entries_service"" already exists, skipping"
1769795705346,"[2m2026-01-30T17:55:05.346580Z[0m [32m INFO[0m [2msqlx::postgres::notice[0m[2m:[0m relation ""idx_global_promo_entries_live_session"" already exists, skipping"
1769795705349,"[2m2026-01-30T17:55:05.349178Z[0m [32m INFO[0m [2msqlx::postgres::notice[0m[2m:[0m relation ""global_promo_products"" already exists, skipping"
1769795705351,"[2m2026-01-30T17:55:05.351540Z[0m [32m INFO[0m [2msqlx::postgres::notice[0m[2m:[0m relation ""idx_global_promo_products_priority"" already exists, skipping"
1769795705351,[2m2026-01-30T17:55:05.351677Z[0m [32m INFO[0m [2myukpomnang_backend::migrations::auto_migrate[0m[2m:[0m ✅ Tables globales de promotions vérifiées
1769795705351,[2m2026-01-30T17:55:05.351721Z[0m [32m INFO[0m [2myukpomnang_backend::migrations::auto_migrate[0m[2m:[0m ✅ Migration auto: global promo tables OK
1769795705351,[2m2026-01-30T17:55:05.351748Z[0m [32m INFO[0m [2myukpomnang_backend::migrations::auto_migrate[0m[2m:[0m 🔍 Vérification de la table effects...
1769795705354,"[2m2026-01-30T17:55:05.353978Z[0m [32m INFO[0m [2msqlx::postgres::notice[0m[2m:[0m relation ""effects"" already exists, skipping"
1769795705356,"[2m2026-01-30T17:55:05.356700Z[0m [32m INFO[0m [2msqlx::postgres::notice[0m[2m:[0m relation ""idx_effects_category"" already exists, skipping"
1769795705359,"[2m2026-01-30T17:55:05.359467Z[0m [32m INFO[0m [2msqlx::postgres::notice[0m[2m:[0m relation ""idx_effects_tags"" already exists, skipping"
1769795705361,"[2m2026-01-30T17:55:05.361815Z[0m [32m INFO[0m [2msqlx::postgres::notice[0m[2m:[0m relation ""idx_effects_popularity"" already exists, skipping"
1769795705364,"[2m2026-01-30T17:55:05.364212Z[0m [32m INFO[0m [2msqlx::postgres::notice[0m[2m:[0m relation ""idx_effects_name"" already exists, skipping"
1769795705366,"[2m2026-01-30T17:55:05.366593Z[0m [32m INFO[0m [2msqlx::postgres::notice[0m[2m:[0m relation ""idx_effects_category_popularity"" already exists, skipping"
1769795705372,"[2m2026-01-30T17:55:05.372097Z[0m [32m INFO[0m [2msqlx::postgres::notice[0m[2m:[0m trigger ""trigger_update_effects_updated_at"" for relation ""effects"" does not exist, skipping"
1769795705377,[2m2026-01-30T17:55:05.377846Z[0m [32m INFO[0m [2myukpomnang_backend::migrations::auto_migrate[0m[2m:[0m 📦 Enrichissement de la bibliothèque d'effets (actuellement: 0)
1769795705377,[2m2026-01-30T17:55:05.377857Z[0m [32m INFO[0m [2myukpomnang_backend::migrations::auto_migrate[0m[2m:[0m ✅ Enrichissement effets: Utiliser la migration SQL 20250127_002_enrich_effects_to_100.sql
1769795705377,[2m2026-01-30T17:55:05.377861Z[0m [32m INFO[0m [2myukpomnang_backend::migrations::auto_migrate[0m[2m:[0m ✅ Migration auto: effects table OK
1769795705377,[2m2026-01-30T17:55:05.377864Z[0m [32m INFO[0m [2myukpomnang_backend::migrations::auto_migrate[0m[2m:[0m 🔍 Vérification de la table video_templates...
1769795705380,"[2m2026-01-30T17:55:05.380782Z[0m [32m INFO[0m [2msqlx::postgres::notice[0m[2m:[0m relation ""video_templates"" already exists, skipping"
1769795705383,"[2m2026-01-30T17:55:05.383096Z[0m [32m INFO[0m [2msqlx::postgres::notice[0m[2m:[0m relation ""idx_templates_industry"" already exists, skipping"
1769795705385,"[2m2026-01-30T17:55:05.385595Z[0m [32m INFO[0m [2msqlx::postgres::notice[0m[2m:[0m relation ""idx_templates_subcategory"" already exists, skipping"
1769795705388,"[2m2026-01-30T17:55:05.388165Z[0m [32m INFO[0m [2msqlx::postgres::notice[0m[2m:[0m relation ""idx_templates_tags"" already exists, skipping"
1769795705390,"[2m2026-01-30T17:55:05.390811Z[0m [32m INFO[0m [2msqlx::postgres::notice[0m[2m:[0m relation ""idx_templates_popularity"" already exists, skipping"
1769795705393,"[2m2026-01-30T17:55:05.393381Z[0m [32m INFO[0m [2msqlx::postgres::notice[0m[2m:[0m relation ""idx_templates_usage"" already exists, skipping"
1769795705395,"[2m2026-01-30T17:55:05.395700Z[0m [32m INFO[0m [2msqlx::postgres::notice[0m[2m:[0m relation ""idx_templates_name"" already exists, skipping"
1769795705398,"[2m2026-01-30T17:55:05.398109Z[0m [32m INFO[0m [2msqlx::postgres::notice[0m[2m:[0m relation ""idx_templates_industry_popularity"" already exists, skipping"
1769795705407,[2m2026-01-30T17:55:05.407514Z[0m [32m INFO[0m [2myukpomnang_backend::migrations::auto_migrate[0m[2m:[0m ✅ Migration auto: video_templates table OK
1769795705410,[2m2026-01-30T17:55:05.410343Z[0m [32m INFO[0m [2myukpomnang_backend::migrations::auto_migrate[0m[2m:[0m 📦 Enrichissement de la bibliothèque de templates (actuellement: 0)
1769795705410,[2m2026-01-30T17:55:05.410399Z[0m [32m INFO[0m [2myukpomnang_backend::migrations::auto_migrate[0m[2m:[0m ✅ Enrichissement templates: Utiliser les migrations SQL 20250127_003 et 20250127_004
1769795705410,[2m2026-01-30T17:55:05.410428Z[0m [32m INFO[0m [2myukpomnang_backend::migrations::auto_migrate[0m[2m:[0m 🔍 Vérification de la table product_delivery_config...
1769795705412,"[2m2026-01-30T17:55:05.412851Z[0m [32m INFO[0m [2msqlx::postgres::notice[0m[2m:[0m relation ""product_delivery_config"" already exists, skipping"
1769795705415,"[2m2026-01-30T17:55:05.415252Z[0m [32m INFO[0m [2msqlx::postgres::notice[0m[2m:[0m relation ""idx_product_delivery_config_service"" already exists, skipping"
1769795705417,"[2m2026-01-30T17:55:05.417791Z[0m [32m INFO[0m [2msqlx::postgres::notice[0m[2m:[0m relation ""idx_product_delivery_config_active"" already exists, skipping"
1769795705417,[2m2026-01-30T17:55:05.417930Z[0m [32m INFO[0m [2myukpomnang_backend::migrations::auto_migrate[0m[2m:[0m ✅ Migration auto: product_delivery_config OK
1769795705418,[2m2026-01-30T17:55:05.417939Z[0m [32m INFO[0m [2myukpomnang_backend::migrations::auto_migrate[0m[2m:[0m 🔍 Vérification de la table client_delivery_preferences...
1769795705420,"[2m2026-01-30T17:55:05.420312Z[0m [32m INFO[0m [2msqlx::postgres::notice[0m[2m:[0m relation ""client_delivery_preferences"" already exists, skipping"
1769795705422,"[2m2026-01-30T17:55:05.422632Z[0m [32m INFO[0m [2msqlx::postgres::notice[0m[2m:[0m relation ""idx_client_delivery_preferences_user"" already exists, skipping"
1769795705424,"[2m2026-01-30T17:55:05.424913Z[0m [32m INFO[0m [2msqlx::postgres::notice[0m[2m:[0m relation ""idx_client_delivery_preferences_delivery"" already exists, skipping"
1769795705427,"[2m2026-01-30T17:55:05.427328Z[0m [32m INFO[0m [2msqlx::postgres::notice[0m[2m:[0m relation ""idx_client_delivery_preferences_date"" already exists, skipping"
1769795705427,[2m2026-01-30T17:55:05.427512Z[0m [32m INFO[0m [2myukpomnang_backend::migrations::auto_migrate[0m[2m:[0m ✅ Migration auto: client_delivery_preferences OK
1769795705427,[2m2026-01-30T17:55:05.427521Z[0m [32m INFO[0m [2myukpomnang_backend::migrations::auto_migrate[0m[2m:[0m 🔍 Vérification de la table external_delivery_providers...
1769795705429,"[2m2026-01-30T17:55:05.429806Z[0m [32m INFO[0m [2msqlx::postgres::notice[0m[2m:[0m relation ""external_delivery_providers"" already exists, skipping"
1769795705432,"[2m2026-01-30T17:55:05.432377Z[0m [32m INFO[0m [2msqlx::postgres::notice[0m[2m:[0m relation ""idx_external_providers_api_key"" already exists, skipping"
1769795705434,"[2m2026-01-30T17:55:05.434718Z[0m [32m INFO[0m [2msqlx::postgres::notice[0m[2m:[0m relation ""idx_external_providers_active"" already exists, skipping"
1769795705434,[2m2026-01-30T17:55:05.434856Z[0m [32m INFO[0m [2myukpomnang_backend::migrations::auto_migrate[0m[2m:[0m ✅ Migration auto: external_delivery_providers OK
1769795705434,[2m2026-01-30T17:55:05.434865Z[0m [32m INFO[0m [2myukpomnang_backend::migrations::auto_migrate[0m[2m:[0m 🔍 Vérification de la table delivery_payment_reservations...
1769795705437,"[2m2026-01-30T17:55:05.437211Z[0m [32m INFO[0m [2msqlx::postgres::notice[0m[2m:[0m relation ""delivery_payment_reservations"" already exists, skipping"
1769795705439,"[2m2026-01-30T17:55:05.439604Z[0m [32m INFO[0m [2msqlx::postgres::notice[0m[2m:[0m relation ""idx_delivery_payment_reservations_delivery"" already exists, skipping"
1769795705442,"[2m2026-01-30T17:55:05.442038Z[0m [32m INFO[0m [2msqlx::postgres::notice[0m[2m:[0m relation ""idx_delivery_payment_reservations_user"" already exists, skipping"
1769795705444,"[2m2026-01-30T17:55:05.444511Z[0m [32m INFO[0m [2msqlx::postgres::notice[0m[2m:[0m relation ""idx_delivery_payment_reservations_status"" already exists, skipping"
1769795705444,[2m2026-01-30T17:55:05.444571Z[0m [32m INFO[0m [2myukpomnang_backend::migrations::auto_migrate[0m[2m:[0m ✅ Migration auto: delivery_payment_reservations OK
1769795705444,[2m2026-01-30T17:55:05.444579Z[0m [32m INFO[0m [2myukpomnang_backend::migrations::auto_migrate[0m[2m:[0m 🔍 Vérification des colonnes payment_methods_matching...
1769795705447,"[2m2026-01-30T17:55:05.447184Z[0m [32m INFO[0m [2msqlx::postgres::notice[0m[2m:[0m column ""payment_methods"" of relation ""users"" already exists, skipping"
1769795705450,"[2m2026-01-30T17:55:05.450058Z[0m [32m INFO[0m [2msqlx::postgres::notice[0m[2m:[0m column ""client_payment_method"" of relation ""delivery_payment_reservations"" already exists, skipping"
1769795705452,"[2m2026-01-30T17:55:05.452937Z[0m [32m INFO[0m [2msqlx::postgres::notice[0m[2m:[0m column ""merchant_payment_method"" of relation ""delivery_payment_reservations"" already exists, skipping"
1769795705455,"[2m2026-01-30T17:55:05.455940Z[0m [32m INFO[0m [2msqlx::postgres::notice[0m[2m:[0m column ""payout_method_used"" of relation ""delivery_payment_reservations"" already exists, skipping"
1769795705459,"[2m2026-01-30T17:55:05.459694Z[0m [32m INFO[0m [2msqlx::postgres::notice[0m[2m:[0m relation ""idx_users_payment_methods"" already exists, skipping"
1769795705462,"[2m2026-01-30T17:55:05.462220Z[0m [32m INFO[0m [2msqlx::postgres::notice[0m[2m:[0m relation ""idx_delivery_payment_reservations_payout_method"" already exists, skipping"
1769795705462,[2m2026-01-30T17:55:05.462287Z[0m [32m INFO[0m [2myukpomnang_backend::migrations::auto_migrate[0m[2m:[0m ✅ Migration auto: payment_methods_matching OK
1769795705462,[2m2026-01-30T17:55:05.462301Z[0m [32m INFO[0m [2myukpomnang_backend::migrations::auto_migrate[0m[2m:[0m 🔍 Vérification du système de préparation de commandes...
1769795705470,"[2m2026-01-30T17:55:05.470025Z[0m [32m INFO[0m [2msqlx::postgres::notice[0m[2m:[0m relation ""idx_product_delivery_config_availability_days"" already exists, skipping"
1769795705472,"[2m2026-01-30T17:55:05.472546Z[0m [32m INFO[0m [2msqlx::postgres::notice[0m[2m:[0m relation ""category_preparation_stats"" already exists, skipping"
1769795705475,"[2m2026-01-30T17:55:05.475000Z[0m [32m INFO[0m [2msqlx::postgres::notice[0m[2m:[0m relation ""idx_category_preparation_stats_category"" already exists, skipping"
1769795705477,"[2m2026-01-30T17:55:05.477519Z[0m [32m INFO[0m [2msqlx::postgres::notice[0m[2m:[0m relation ""product_orders"" already exists, skipping"
1769795705479,"[2m2026-01-30T17:55:05.479899Z[0m [32m INFO[0m [2msqlx::postgres::notice[0m[2m:[0m relation ""idx_product_orders_status"" already exists, skipping"
1769795705482,"[2m2026-01-30T17:55:05.482300Z[0m [32m INFO[0m [2msqlx::postgres::notice[0m[2m:[0m relation ""idx_product_orders_provider"" already exists, skipping"
1769795705484,"[2m2026-01-30T17:55:05.484828Z[0m [32m INFO[0m [2msqlx::postgres::notice[0m[2m:[0m relation ""idx_product_orders_delivery"" already exists, skipping"
1769795705487,"[2m2026-01-30T17:55:05.487395Z[0m [32m INFO[0m [2msqlx::postgres::notice[0m[2m:[0m relation ""idx_product_orders_estimated_ready"" already exists, skipping"
1769795705489,"[2m2026-01-30T17:55:05.489680Z[0m [32m INFO[0m [2msqlx::postgres::notice[0m[2m:[0m column ""validation_deadline"" of relation ""product_orders"" already exists, skipping"
1769795705492,"[2m2026-01-30T17:55:05.492641Z[0m [32m INFO[0m [2msqlx::postgres::notice[0m[2m:[0m relation ""idx_product_orders_validation_deadline"" already exists, skipping"
1769795705494,"[2m2026-01-30T17:55:05.494914Z[0m [32m INFO[0m [2msqlx::postgres::notice[0m[2m:[0m relation ""order_cancellations"" already exists, skipping"
1769795705497,"[2m2026-01-30T17:55:05.497318Z[0m [32m INFO[0m [2msqlx::postgres::notice[0m[2m:[0m relation ""idx_order_cancellations_provider"" already exists, skipping"
1769795705499,"[2m2026-01-30T17:55:05.499661Z[0m [32m INFO[0m [2msqlx::postgres::notice[0m[2m:[0m relation ""idx_order_cancellations_service_product"" already exists, skipping"
1769795705502,"[2m2026-01-30T17:55:05.501979Z[0m [32m INFO[0m [2msqlx::postgres::notice[0m[2m:[0m relation ""product_cancellation_stats"" already exists, skipping"
1769795705504,"[2m2026-01-30T17:55:05.504288Z[0m [32m INFO[0m [2msqlx::postgres::notice[0m[2m:[0m relation ""idx_product_cancellation_stats_rate"" already exists, skipping"
1769795705506,"[2m2026-01-30T17:55:05.506659Z[0m [32m INFO[0m [2msqlx::postgres::notice[0m[2m:[0m relation ""courier_verification_codes"" already exists, skipping"
1769795705509,"[2m2026-01-30T17:55:05.508987Z[0m [32m INFO[0m [2msqlx::postgres::notice[0m[2m:[0m relation ""idx_courier_verification_delivery"" already exists, skipping"
1769795705511,"[2m2026-01-30T17:55:05.511409Z[0m [32m INFO[0m [2msqlx::postgres::notice[0m[2m:[0m relation ""idx_courier_verification_code"" already exists, skipping"
1769795705513,"[2m2026-01-30T17:55:05.513763Z[0m [32m INFO[0m [2msqlx::postgres::notice[0m[2m:[0m relation ""idx_courier_verification_courier"" already exists, skipping"
1769795705513,[2m2026-01-30T17:55:05.513813Z[0m [32m INFO[0m [2myukpomnang_backend::migrations::auto_migrate[0m[2m:[0m ✅ Migration auto: order preparation system OK
1769795705513,[2m2026-01-30T17:55:05.513822Z[0m [32m INFO[0m [2myukpomnang_backend::migrations::auto_migrate[0m[2m:[0m 🔍 Vérification du système de gestion de stock...
1769795705516,"[2m2026-01-30T17:55:05.516043Z[0m [32m INFO[0m [2msqlx::postgres::notice[0m[2m:[0m relation ""product_stock_locations"" already exists, skipping"
1769795705518,"[2m2026-01-30T17:55:05.518353Z[0m [32m INFO[0m [2msqlx::postgres::notice[0m[2m:[0m relation ""idx_product_stock_locations_config"" already exists, skipping"
1769795705520,"[2m2026-01-30T17:55:05.520681Z[0m [32m INFO[0m [2msqlx::postgres::notice[0m[2m:[0m relation ""idx_product_stock_locations_available"" already exists, skipping"
1769795705523,"[2m2026-01-30T17:55:05.523043Z[0m [32m INFO[0m [2msqlx::postgres::notice[0m[2m:[0m relation ""stock_reservations"" already exists, skipping"
1769795705525,"[2m2026-01-30T17:55:05.525357Z[0m [32m INFO[0m [2msqlx::postgres::notice[0m[2m:[0m relation ""idx_stock_reservations_order"" already exists, skipping"
1769795705527,"[2m2026-01-30T17:55:05.527656Z[0m [32m INFO[0m [2msqlx::postgres::notice[0m[2m:[0m relation ""idx_stock_reservations_expires"" already exists, skipping"
1769795705527,[2m2026-01-30T17:55:05.527729Z[0m [32m INFO[0m [2myukpomnang_backend::migrations::auto_migrate[0m[2m:[0m ✅ Migration auto: product stock management OK
1769795705527,[2m2026-01-30T17:55:05.527737Z[0m [32m INFO[0m [2myukpomnang_backend::migrations::auto_migrate[0m[2m:[0m 🔍 Vérification de la table delivery_proximity_suggestions...
1769795705530,"[2m2026-01-30T17:55:05.530030Z[0m [32m INFO[0m [2msqlx::postgres::notice[0m[2m:[0m relation ""delivery_proximity_suggestions"" already exists, skipping"
1769795705532,"[2m2026-01-30T17:55:05.532320Z[0m [32m INFO[0m [2msqlx::postgres::notice[0m[2m:[0m relation ""idx_delivery_proximity_suggestions_delivery"" already exists, skipping"
1769795705534,"[2m2026-01-30T17:55:05.534834Z[0m [32m INFO[0m [2msqlx::postgres::notice[0m[2m:[0m relation ""idx_delivery_proximity_suggestions_status"" already exists, skipping"
1769795705537,"[2m2026-01-30T17:55:05.537243Z[0m [32m INFO[0m [2msqlx::postgres::notice[0m[2m:[0m relation ""idx_delivery_proximity_suggestions_created"" already exists, skipping"
1769795705537,[2m2026-01-30T17:55:05.537325Z[0m [32m INFO[0m [2myukpomnang_backend::migrations::auto_migrate[0m[2m:[0m ✅ Migration auto: delivery_proximity_suggestions OK
1769795705537,[2m2026-01-30T17:55:05.537334Z[0m [32m INFO[0m [2myukpomnang_backend::migrations::auto_migrate[0m[2m:[0m 🔍 Vérification de la table negotiated_prices...
1769795705539,"[2m2026-01-30T17:55:05.539673Z[0m [32m INFO[0m [2msqlx::postgres::notice[0m[2m:[0m relation ""negotiated_prices"" already exists, skipping"
1769795705542,"[2m2026-01-30T17:55:05.542241Z[0m [32m INFO[0m [2msqlx::postgres::notice[0m[2m:[0m relation ""idx_negotiated_prices_conversation"" already exists, skipping"
1769795705544,"[2m2026-01-30T17:55:05.544647Z[0m [32m INFO[0m [2msqlx::postgres::notice[0m[2m:[0m relation ""idx_negotiated_prices_service"" already exists, skipping"
1769795705547,"[2m2026-01-30T17:55:05.547039Z[0m [32m INFO[0m [2msqlx::postgres::notice[0m[2m:[0m relation ""idx_negotiated_prices_status"" already exists, skipping"
1769795705549,"[2m2026-01-30T17:55:05.549419Z[0m [32m INFO[0m [2msqlx::postgres::notice[0m[2m:[0m relation ""idx_negotiated_prices_client"" already exists, skipping"
1769795705549,[2m2026-01-30T17:55:05.549482Z[0m [32m INFO[0m [2myukpomnang_backend::migrations::auto_migrate[0m[2m:[0m ✅ Migration auto: negotiated_prices OK
1769795705549,[2m2026-01-30T17:55:05.549491Z[0m [32m INFO[0m [2myukpomnang_backend::migrations::auto_migrate[0m[2m:[0m 🔍 Vérification de la table video_dependencies...
1769795705551,"[2m2026-01-30T17:55:05.551703Z[0m [32m INFO[0m [2msqlx::postgres::notice[0m[2m:[0m relation ""video_dependencies"" already exists, skipping"
1769795705554,"[2m2026-01-30T17:55:05.554036Z[0m [32m INFO[0m [2msqlx::postgres::notice[0m[2m:[0m relation ""idx_video_dependencies_parent"" already exists, skipping"
1769795705556,"[2m2026-01-30T17:55:05.556363Z[0m [32m INFO[0m [2msqlx::postgres::notice[0m[2m:[0m relation ""idx_video_dependencies_child"" already exists, skipping"
1769795705556,[2m2026-01-30T17:55:05.556433Z[0m [32m INFO[0m [2myukpomnang_backend::migrations::auto_migrate[0m[2m:[0m ✅ Migration auto: video_dependencies OK
1769795705556,[2m2026-01-30T17:55:05.556442Z[0m [32m INFO[0m [2myukpomnang_backend::migrations::auto_migrate[0m[2m:[0m 🔍 Vérification de la table merchant_storage_locations...
1769795705558,"[2m2026-01-30T17:55:05.558717Z[0m [32m INFO[0m [2msqlx::postgres::notice[0m[2m:[0m relation ""merchant_storage_locations"" already exists, skipping"
1769795705561,"[2m2026-01-30T17:55:05.561119Z[0m [32m INFO[0m [2msqlx::postgres::notice[0m[2m:[0m relation ""idx_merchant_storage_locations_merchant"" already exists, skipping"
1769795705563,"[2m2026-01-30T17:55:05.563525Z[0m [32m INFO[0m [2msqlx::postgres::notice[0m[2m:[0m relation ""idx_merchant_storage_locations_zone"" already exists, skipping"
1769795705565,"[2m2026-01-30T17:55:05.565762Z[0m [32m INFO[0m [2msqlx::postgres::notice[0m[2m:[0m column ""storage_location_id"" of relation ""product_delivery_config"" already exists, skipping"
1769795705568,"[2m2026-01-30T17:55:05.568642Z[0m [32m INFO[0m [2msqlx::postgres::notice[0m[2m:[0m relation ""idx_product_delivery_config_storage_location"" already exists, skipping"
1769795705568,[2m2026-01-30T17:55:05.568718Z[0m [32m INFO[0m [2myukpomnang_backend::migrations::auto_migrate[0m[2m:[0m ✅ Migration auto: merchant_storage_locations OK
1769795705568,[2m2026-01-30T17:55:05.568727Z[0m [32m INFO[0m [2myukpomnang_backend::migrations::auto_migrate[0m[2m:[0m 🔍 Vérification du type parcel_rejection_reason...
1769795705573,"[2m2026-01-30T17:55:05.573501Z[0m [32m INFO[0m [2msqlx::postgres::notice[0m[2m:[0m column ""rejection_reason"" of relation ""shopping_order_items"" already exists, skipping"
1769795705576,"[2m2026-01-30T17:55:05.576592Z[0m [32m INFO[0m [2msqlx::postgres::notice[0m[2m:[0m relation ""idx_shopping_order_items_rejection_reason"" already exists, skipping"
1769795705576,[2m2026-01-30T17:55:05.576664Z[0m [32m INFO[0m [2myukpomnang_backend::migrations::auto_migrate[0m[2m:[0m ✅ Migration auto: parcel_rejection_reason OK
1769795705576,[2m2026-01-30T17:55:05.576672Z[0m [32m INFO[0m [2myukpomnang_backend::migrations::auto_migrate[0m[2m:[0m 🔍 Vérification de la table delivery_proof_media...
1769795705579,"[2m2026-01-30T17:55:05.579005Z[0m [32m INFO[0m [2msqlx::postgres::notice[0m[2m:[0m relation ""delivery_proof_media"" already exists, skipping"
1769795705581,"[2m2026-01-30T17:55:05.581455Z[0m [32m INFO[0m [2msqlx::postgres::notice[0m[2m:[0m relation ""idx_delivery_proof_media_delivery"" already exists, skipping"
1769795705583,"[2m2026-01-30T17:55:05.583869Z[0m [32m INFO[0m [2msqlx::postgres::notice[0m[2m:[0m relation ""idx_delivery_proof_media_uploaded_by"" already exists, skipping"
1769795705583,[2m2026-01-30T17:55:05.583937Z[0m [32m INFO[0m [2myukpomnang_backend::migrations::auto_migrate[0m[2m:[0m ✅ Migration auto: delivery_proof_media OK
1769795705583,[2m2026-01-30T17:55:05.583945Z[0m [32m INFO[0m [2myukpomnang_backend::migrations::auto_migrate[0m[2m:[0m 🔍 Vérification des colonnes aller-retour dans deliveries...
1769795705586,"[2m2026-01-30T17:55:05.586352Z[0m [32m INFO[0m [2msqlx::postgres::notice[0m[2m:[0m column ""is_round_trip"" of relation ""deliveries"" already exists, skipping"
1769795705586,"[2m2026-01-30T17:55:05.586435Z[0m [32m INFO[0m [2msqlx::postgres::notice[0m[2m:[0m column ""return_delivery_id"" of relation ""deliveries"" already exists, skipping"
1769795705586,"[2m2026-01-30T17:55:05.586445Z[0m [32m INFO[0m [2msqlx::postgres::notice[0m[2m:[0m column ""return_pickup_location"" of relation ""deliveries"" already exists, skipping"
1769795705586,"[2m2026-01-30T17:55:05.586483Z[0m [32m INFO[0m [2msqlx::postgres::notice[0m[2m:[0m column ""return_dropoff_location"" of relation ""deliveries"" already exists, skipping"
1769795705586,"[2m2026-01-30T17:55:05.586490Z[0m [32m INFO[0m [2msqlx::postgres::notice[0m[2m:[0m column ""return_pickup_address"" of relation ""deliveries"" already exists, skipping"
1769795705586,"[2m2026-01-30T17:55:05.586494Z[0m [32m INFO[0m [2msqlx::postgres::notice[0m[2m:[0m column ""return_dropoff_address"" of relation ""deliveries"" already exists, skipping"
1769795705586,"[2m2026-01-30T17:55:05.586498Z[0m [32m INFO[0m [2msqlx::postgres::notice[0m[2m:[0m column ""return_distance_meters"" of relation ""deliveries"" already exists, skipping"
1769795705586,"[2m2026-01-30T17:55:05.586501Z[0m [32m INFO[0m [2msqlx::postgres::notice[0m[2m:[0m column ""return_estimated_duration_seconds"" of relation ""deliveries"" already exists, skipping"
1769795705586,"[2m2026-01-30T17:55:05.586509Z[0m [32m INFO[0m [2msqlx::postgres::notice[0m[2m:[0m column ""return_actual_duration_seconds"" of relation ""deliveries"" already exists, skipping"
1769795705586,"[2m2026-01-30T17:55:05.586514Z[0m [32m INFO[0m [2msqlx::postgres::notice[0m[2m:[0m column ""return_requested_at"" of relation ""deliveries"" already exists, skipping"
1769795705586,"[2m2026-01-30T17:55:05.586519Z[0m [32m INFO[0m [2msqlx::postgres::notice[0m[2m:[0m column ""round_trip_discount_percent"" of relation ""deliveries"" already exists, skipping"
1769795705591,"[2m2026-01-30T17:55:05.591940Z[0m [32m INFO[0m [2msqlx::postgres::notice[0m[2m:[0m relation ""idx_deliveries_return_delivery_id"" already exists, skipping"
1769795705594,"[2m2026-01-30T17:55:05.594384Z[0m [32m INFO[0m [2msqlx::postgres::notice[0m[2m:[0m relation ""idx_deliveries_is_round_trip"" already exists, skipping"
1769795705596,"[2m2026-01-30T17:55:05.596899Z[0m [32m INFO[0m [2msqlx::postgres::notice[0m[2m:[0m relation ""idx_deliveries_return_pickup_location"" already exists, skipping"
1769795705600,"[2m2026-01-30T17:55:05.600603Z[0m [32m INFO[0m [2msqlx::postgres::notice[0m[2m:[0m relation ""idx_deliveries_return_dropoff_location"" already exists, skipping"
1769795705610,[2m2026-01-30T17:55:05.610734Z[0m [31mERROR[0m [2myukpomnang_backend::migrations::auto_migrate[0m[2m:[0m ❌ Erreur migration auto delivery_round_trip_columns: error returned from database: cannot insert multiple commands into a prepared statement
1769795705610,[2m2026-01-30T17:55:05.610778Z[0m [32m INFO[0m [2myukpomnang_backend::migrations::auto_migrate[0m[2m:[0m 🔍 Vérification de la table delivery_media...
1769795705625,"[2m2026-01-30T17:55:05.625312Z[0m [31mERROR[0m [2myukpomnang_backend::migrations::auto_migrate[0m[2m:[0m ❌ Erreur migration auto delivery_media table: error returned from database: foreign key constraint ""delivery_media_parcel_id_fkey"" cannot be implemented"
1769795705625,"[2m2026-01-30T17:55:05.625350Z[0m [32m INFO[0m [2myukpomnang_backend::migrations::auto_migrate[0m[2m:[0m 🔍 Vérification/création des tables sociales vidéo (duets, remixes, stitches, video_reactions)..."
1769795705627,"[2m2026-01-30T17:55:05.627750Z[0m [32m INFO[0m [2msqlx::postgres::notice[0m[2m:[0m relation ""duets"" already exists, skipping"
1769795705630,"[2m2026-01-30T17:55:05.630358Z[0m [32m INFO[0m [2msqlx::postgres::notice[0m[2m:[0m relation ""idx_duets_original_video"" already exists, skipping"
1769795705632,"[2m2026-01-30T17:55:05.632847Z[0m [32m INFO[0m [2msqlx::postgres::notice[0m[2m:[0m relation ""idx_duets_creator"" already exists, skipping"
1769795705635,"[2m2026-01-30T17:55:05.635348Z[0m [32m INFO[0m [2msqlx::postgres::notice[0m[2m:[0m relation ""idx_duets_created_at"" already exists, skipping"
1769795705637,"[2m2026-01-30T17:55:05.637622Z[0m [32m INFO[0m [2msqlx::postgres::notice[0m[2m:[0m relation ""remixes"" already exists, skipping"
1769795705639,"[2m2026-01-30T17:55:05.639933Z[0m [32m INFO[0m [2msqlx::postgres::notice[0m[2m:[0m relation ""idx_remixes_original_video"" already exists, skipping"
1769795705642,"[2m2026-01-30T17:55:05.642401Z[0m [32m INFO[0m [2msqlx::postgres::notice[0m[2m:[0m relation ""idx_remixes_creator"" already exists, skipping"
1769795705644,"[2m2026-01-30T17:55:05.644924Z[0m [32m INFO[0m [2msqlx::postgres::notice[0m[2m:[0m relation ""idx_remixes_type"" already exists, skipping"
1769795705647,"[2m2026-01-30T17:55:05.647226Z[0m [32m INFO[0m [2msqlx::postgres::notice[0m[2m:[0m relation ""idx_remixes_created_at"" already exists, skipping"
1769795705649,"[2m2026-01-30T17:55:05.649548Z[0m [32m INFO[0m [2msqlx::postgres::notice[0m[2m:[0m relation ""stitches"" already exists, skipping"
1769795705651,"[2m2026-01-30T17:55:05.651864Z[0m [32m INFO[0m [2msqlx::postgres::notice[0m[2m:[0m relation ""idx_stitches_original_video"" already exists, skipping"
1769795705654,"[2m2026-01-30T17:55:05.654264Z[0m [32m INFO[0m [2msqlx::postgres::notice[0m[2m:[0m relation ""idx_stitches_creator"" already exists, skipping"
1769795705656,"[2m2026-01-30T17:55:05.656828Z[0m [32m INFO[0m [2msqlx::postgres::notice[0m[2m:[0m relation ""idx_stitches_created_at"" already exists, skipping"
1769795705659,"[2m2026-01-30T17:55:05.659261Z[0m [32m INFO[0m [2msqlx::postgres::notice[0m[2m:[0m relation ""video_reactions"" already exists, skipping"
1769795705661,"[2m2026-01-30T17:55:05.661585Z[0m [32m INFO[0m [2msqlx::postgres::notice[0m[2m:[0m relation ""idx_video_reactions_video"" already exists, skipping"
1769795705663,"[2m2026-01-30T17:55:05.663957Z[0m [32m INFO[0m [2msqlx::postgres::notice[0m[2m:[0m relation ""idx_video_reactions_user"" already exists, skipping"
1769795705666,"[2m2026-01-30T17:55:05.666381Z[0m [32m INFO[0m [2msqlx::postgres::notice[0m[2m:[0m relation ""idx_video_reactions_type"" already exists, skipping"
1769795705668,"[2m2026-01-30T17:55:05.668911Z[0m [32m INFO[0m [2msqlx::postgres::notice[0m[2m:[0m relation ""idx_video_reactions_created_at"" already exists, skipping"
1769795705680,[2m2026-01-30T17:55:05.680229Z[0m [32m INFO[0m [2myukpomnang_backend::migrations::auto_migrate[0m[2m:[0m ✅ Tables sociales vidéo créées
1769795705680,[2m2026-01-30T17:55:05.680300Z[0m [32m INFO[0m [2myukpomnang_backend::migrations::auto_migrate[0m[2m:[0m ✅ Migration auto: social video tables OK
1769795705680,"[2m2026-01-30T17:55:05.680308Z[0m [32m INFO[0m [2myukpomnang_backend::migrations::auto_migrate[0m[2m:[0m 🔍 Vérification/création des tables covoiturage (assurance, QR codes, trajets récurrents)..."
1769795705682,"[2m2026-01-30T17:55:05.682660Z[0m [32m INFO[0m [2msqlx::postgres::notice[0m[2m:[0m relation ""covoiturage_insurance"" already exists, skipping"
1769795705685,"[2m2026-01-30T17:55:05.685006Z[0m [32m INFO[0m [2msqlx::postgres::notice[0m[2m:[0m relation ""reservation_qr_codes"" already exists, skipping"
1769795705687,"[2m2026-01-30T17:55:05.687570Z[0m [32m INFO[0m [2msqlx::postgres::notice[0m[2m:[0m column ""is_recurring"" of relation ""covoiturages"" already exists, skipping"
1769795705687,"[2m2026-01-30T17:55:05.687637Z[0m [32m INFO[0m [2msqlx::postgres::notice[0m[2m:[0m column ""recurrence_type"" of relation ""covoiturages"" already exists, skipping"
1769795705687,"[2m2026-01-30T17:55:05.687702Z[0m [32m INFO[0m [2msqlx::postgres::notice[0m[2m:[0m column ""recurrence_days"" of relation ""covoiturages"" already exists, skipping"
1769795705687,"[2m2026-01-30T17:55:05.687787Z[0m [32m INFO[0m [2msqlx::postgres::notice[0m[2m:[0m column ""recurrence_end_date"" of relation ""covoiturages"" already exists, skipping"
1769795705687,"[2m2026-01-30T17:55:05.687797Z[0m [32m INFO[0m [2msqlx::postgres::notice[0m[2m:[0m column ""parent_trip_id"" of relation ""covoiturages"" already exists, skipping"
1769795705687,"[2m2026-01-30T17:55:05.687806Z[0m [32m INFO[0m [2msqlx::postgres::notice[0m[2m:[0m column ""recurrence_pattern"" of relation ""covoiturages"" already exists, skipping"
1769795705690,"[2m2026-01-30T17:55:05.690672Z[0m [32m INFO[0m [2msqlx::postgres::notice[0m[2m:[0m relation ""recurring_trip_instances"" already exists, skipping"
1769795705693,"[2m2026-01-30T17:55:05.692994Z[0m [32m INFO[0m [2msqlx::postgres::notice[0m[2m:[0m relation ""idx_covoiturage_insurance_reservation"" already exists, skipping"
1769795705695,"[2m2026-01-30T17:55:05.695472Z[0m [32m INFO[0m [2msqlx::postgres::notice[0m[2m:[0m relation ""idx_reservation_qr_codes_reservation"" already exists, skipping"
1769795705697,"[2m2026-01-30T17:55:05.697907Z[0m [32m INFO[0m [2msqlx::postgres::notice[0m[2m:[0m relation ""idx_reservation_qr_codes_qr_code"" already exists, skipping"
1769795705701,"[2m2026-01-30T17:55:05.701603Z[0m [32m INFO[0m [2msqlx::postgres::notice[0m[2m:[0m relation ""idx_recurring_instances_parent"" already exists, skipping"
1769795705704,"[2m2026-01-30T17:55:05.704161Z[0m [32m INFO[0m [2msqlx::postgres::notice[0m[2m:[0m relation ""idx_recurring_instances_date"" already exists, skipping"
1769795705704,[2m2026-01-30T17:55:05.704266Z[0m [32m INFO[0m [2myukpomnang_backend::migrations::auto_migrate[0m[2m:[0m ✅ Tables covoiturage créées
1769795705704,[2m2026-01-30T17:55:05.704288Z[0m [32m INFO[0m [2myukpomnang_backend::migrations::auto_migrate[0m[2m:[0m ✅ Migration auto: covoiturage tables OK
1769795705704,[2m2026-01-30T17:55:05.704318Z[0m [32m INFO[0m [2myukpomnang_backend::migrations::auto_migrate[0m[2m:[0m 🔍 Vérification/création de mv_user_stats et get_user_stats...
1769795705738,[2m2026-01-30T17:55:05.738187Z[0m [32m INFO[0m [2myukpomnang_backend::migrations::auto_migrate[0m[2m:[0m ✅ Vue matérialisée et fonction user_stats créées
1769795705738,[2m2026-01-30T17:55:05.738220Z[0m [32m INFO[0m [2myukpomnang_backend::migrations::auto_migrate[0m[2m:[0m ✅ Migration auto: user_stats objects OK
1769795705738,[2m2026-01-30T17:55:05.738246Z[0m [32m INFO[0m [2myukpomnang_backend::migrations::auto_migrate[0m[2m:[0m 🔍 Vérification/création index optimisé delivery_matching_queue...
1769795705740,"[2m2026-01-30T17:55:05.740627Z[0m [32m INFO[0m [2msqlx::postgres::notice[0m[2m:[0m index ""idx_delivery_matching_queue_status_next_attempt_old"" does not exist, skipping"
1769795705743,"[2m2026-01-30T17:55:05.743214Z[0m [32m INFO[0m [2msqlx::postgres::notice[0m[2m:[0m relation ""idx_delivery_matching_queue_optimized"" already exists, skipping"
1769795705745,"[2m2026-01-30T17:55:05.745896Z[0m [32m INFO[0m [2msqlx::postgres::notice[0m[2m:[0m relation ""idx_delivery_matching_queue_priority_next_attempt"" already exists, skipping"
1769795705752,[2m2026-01-30T17:55:05.751979Z[0m [32m INFO[0m [2myukpomnang_backend::migrations::auto_migrate[0m[2m:[0m ✅ Index delivery_matching_queue optimisé créé
1769795705752,[2m2026-01-30T17:55:05.752049Z[0m [32m INFO[0m [2myukpomnang_backend::migrations::auto_migrate[0m[2m:[0m ✅ Migration auto: delivery_matching_queue index OK
1769795705752,[2m2026-01-30T17:55:05.752057Z[0m [32m INFO[0m [2myukpomnang_backend::migrations::auto_migrate[0m[2m:[0m 🔍 Application migration optimize_product_creation_performance...
1769795705754,"[2m2026-01-30T17:55:05.754734Z[0m [32m INFO[0m [2msqlx::postgres::notice[0m[2m:[0m relation ""idx_services_user_id_created_at_desc_optimized_v2"" already exists, skipping"
1769795705757,"[2m2026-01-30T17:55:05.757248Z[0m [32m INFO[0m [2msqlx::postgres::notice[0m[2m:[0m relation ""idx_services_user_id_active_created_at_desc"" already exists, skipping"
1769795705809,[2m2026-01-30T17:55:05.809026Z[0m [32m INFO[0m [2myukpomnang_backend::migrations::auto_migrate[0m[2m:[0m ✅ Migration optimize_product_creation_performance appliquée
1769795705809,[2m2026-01-30T17:55:05.809105Z[0m [32m INFO[0m [2myukpomnang_backend::migrations::auto_migrate[0m[2m:[0m ✅ Migration auto: optimize_product_creation_performance OK
1769795705809,[2m2026-01-30T17:55:05.809147Z[0m [32m INFO[0m [2myukpomnang_backend::migrations::auto_migrate[0m[2m:[0m 🔍 Application migration fix_add_product_tls_error...
1769795705818,[2m2026-01-30T17:55:05.818770Z[0m [32m INFO[0m [2myukpomnang_backend::migrations::auto_migrate[0m[2m:[0m ✅ Migration fix_add_product_tls_error appliquée
1769795705818,[2m2026-01-30T17:55:05.818818Z[0m [32m INFO[0m [2myukpomnang_backend::migrations::auto_migrate[0m[2m:[0m ✅ Migration auto: fix_add_product_tls_error OK
1769795705818,[2m2026-01-30T17:55:05.818842Z[0m [32m INFO[0m [2myukpomnang_backend::migrations::auto_migrate[0m[2m:[0m 🔍 Application migration fix_product_creation_issues...
1769795705832,[2m2026-01-30T17:55:05.832188Z[0m [32m INFO[0m [2msqlx::postgres::notice[0m[2m:[0m Contrainte UNIQUE unique_autocomplete_characteristic existe déjà
1769795705842,"[2m2026-01-30T17:55:05.842793Z[0m [32m INFO[0m [2msqlx::postgres::notice[0m[2m:[0m relation ""idx_services_id_for_updates"" already exists, skipping"
1769795705845,"[2m2026-01-30T17:55:05.845842Z[0m [32m INFO[0m [2msqlx::postgres::notice[0m[2m:[0m relation ""idx_autocomplete_unique_lookup"" already exists, skipping"
1769795705848,[2m2026-01-30T17:55:05.848824Z[0m [32m INFO[0m [2msqlx::postgres::notice[0m[2m:[0m ✅ Migration terminée avec succès
1769795705848,[2m2026-01-30T17:55:05.848859Z[0m [32m INFO[0m [2myukpomnang_backend::migrations::auto_migrate[0m[2m:[0m ✅ Migration fix_product_creation_issues appliquée
1769795705848,[2m2026-01-30T17:55:05.848881Z[0m [32m INFO[0m [2myukpomnang_backend::migrations::auto_migrate[0m[2m:[0m ✅ Migration auto: fix_product_creation_issues OK
1769795705848,[2m2026-01-30T17:55:05.848894Z[0m [32m INFO[0m [2myukpomnang_backend::migrations::auto_migrate[0m[2m:[0m 🔍 Application migration fix_product_creation_performance_v2...
1769795705861,"[2m2026-01-30T17:55:05.861033Z[0m [32m INFO[0m [2msqlx::postgres::notice[0m[2m:[0m relation ""idx_services_id_for_updates"" already exists, skipping"
1769795705864,"[2m2026-01-30T17:55:05.863953Z[0m [32m INFO[0m [2msqlx::postgres::notice[0m[2m:[0m relation ""idx_services_produits_valeur_gin"" already exists, skipping"
1769795705865,"[2m2026-01-30T17:55:05.865624Z[0m [32m INFO[0m [2msqlx::postgres::notice[0m[2m:[0m relation ""idx_services_data_produits_partial"" already exists, skipping"
1769795705873,[2m2026-01-30T17:55:05.873718Z[0m [32m INFO[0m [2msqlx::postgres::notice[0m[2m:[0m ✅ Migration terminée avec succès
1769795705873,[2m2026-01-30T17:55:05.873792Z[0m [32m INFO[0m [2myukpomnang_backend::migrations::auto_migrate[0m[2m:[0m ✅ Migration fix_product_creation_performance_v2 appliquée
1769795705873,[2m2026-01-30T17:55:05.873831Z[0m [32m INFO[0m [2myukpomnang_backend::migrations::auto_migrate[0m[2m:[0m ✅ Migration auto: fix_product_creation_performance_v2 OK
1769795705873,[2m2026-01-30T17:55:05.873862Z[0m [32m INFO[0m [2myukpomnang_backend::migrations::auto_migrate[0m[2m:[0m 🔍 Application migration fix_product_creation_timeout...
1769795705884,[2m2026-01-30T17:55:05.884088Z[0m [32m INFO[0m [2msqlx::postgres::notice[0m[2m:[0m ✅ Migration fix_product_creation_timeout terminée avec succès
1769795705884,[2m2026-01-30T17:55:05.884176Z[0m [32m INFO[0m [2myukpomnang_backend::migrations::auto_migrate[0m[2m:[0m ✅ Migration fix_product_creation_timeout appliquée
1769795705884,[2m2026-01-30T17:55:05.884209Z[0m [32m INFO[0m [2myukpomnang_backend::migrations::auto_migrate[0m[2m:[0m ✅ Migration auto: fix_product_creation_timeout OK
1769795705884,[2m2026-01-30T17:55:05.884221Z[0m [32m INFO[0m [2myukpomnang_backend::migrations::auto_migrate[0m[2m:[0m 🔍 Application migration optimize_slow_endpoints...
1769795705892,"[2m2026-01-30T17:55:05.892709Z[0m [32m INFO[0m [2msqlx::postgres::notice[0m[2m:[0m relation ""idx_autocomplete_full_vector_tsvector_gin"" already exists, skipping"
1769795705895,"[2m2026-01-30T17:55:05.895232Z[0m [32m INFO[0m [2msqlx::postgres::notice[0m[2m:[0m relation ""idx_autocomplete_characteristic_vector_tsvector_gin"" already exists, skipping"
1769795705897,"[2m2026-01-30T17:55:05.897794Z[0m [32m INFO[0m [2msqlx::postgres::notice[0m[2m:[0m relation ""idx_autocomplete_composite_search"" already exists, skipping"
1769795705900,"[2m2026-01-30T17:55:05.900254Z[0m [32m INFO[0m [2msqlx::postgres::notice[0m[2m:[0m relation ""idx_services_is_active"" already exists, skipping"
1769795705902,"[2m2026-01-30T17:55:05.902666Z[0m [32m INFO[0m [2msqlx::postgres::notice[0m[2m:[0m relation ""idx_services_category"" already exists, skipping"
1769795705903,[2m2026-01-30T17:55:05.903776Z[0m [32m INFO[0m [2myukpomnang_backend::migrations::auto_migrate[0m[2m:[0m ✅ Migration optimize_slow_endpoints appliquée
1769795705903,[2m2026-01-30T17:55:05.903824Z[0m [32m INFO[0m [2myukpomnang_backend::migrations::auto_migrate[0m[2m:[0m ✅ Migration auto: optimize_slow_endpoints OK
1769795705903,[2m2026-01-30T17:55:05.903833Z[0m [32m INFO[0m [2myukpomnang_backend::migrations::auto_migrate[0m[2m:[0m 🔍 Application migration optimize_delivery_indexes...
1769795705906,"[2m2026-01-30T17:55:05.906391Z[0m [32m INFO[0m [2msqlx::postgres::notice[0m[2m:[0m relation ""idx_deliveries_creator_status_requested"" already exists, skipping"
1769795705909,"[2m2026-01-30T17:55:05.909308Z[0m [32m INFO[0m [2msqlx::postgres::notice[0m[2m:[0m relation ""idx_deliveries_recipient_status_requested"" already exists, skipping"
1769795705911,"[2m2026-01-30T17:55:05.911676Z[0m [32m INFO[0m [2msqlx::postgres::notice[0m[2m:[0m relation ""idx_deliveries_courier_id"" already exists, skipping"
1769795705914,"[2m2026-01-30T17:55:05.914114Z[0m [32m INFO[0m [2msqlx::postgres::notice[0m[2m:[0m relation ""idx_deliveries_pickup_location"" already exists, skipping"
1769795705916,"[2m2026-01-30T17:55:05.916517Z[0m [32m INFO[0m [2msqlx::postgres::notice[0m[2m:[0m relation ""idx_deliveries_dropoff_location"" already exists, skipping"
1769795705918,"[2m2026-01-30T17:55:05.918922Z[0m [32m INFO[0m [2msqlx::postgres::notice[0m[2m:[0m relation ""idx_couriers_user_id"" already exists, skipping"
1769795705921,[2m2026-01-30T17:55:05.921504Z[0m [33m WARN[0m [2myukpomnang_backend::migrations::auto_migrate[0m[2m:[0m ⚠️ [MIGRATION CONSOLIDÉE] Erreur lors de l'exécution de la commande SQL:
1769795705921,[2m2026-01-30T17:55:05.921558Z[0m [33m WARN[0m [2myukpomnang_backend::migrations::auto_migrate[0m[2m:[0m    Commande (preview): CREATE INDEX IF NOT EXISTS idx_courier_availability_snapshots_active 
1769795705921,"ON courier_availability_snapshots(captured_at DESC, is_online, active_deliveries, max_capacity)"
1769795705921,WHERE is_online = TRUE AND capture...
1769795705921,[2m2026-01-30T17:55:05.921603Z[0m [33m WARN[0m [2myukpomnang_backend::migrations::auto_migrate[0m[2m:[0m    Erreur: error returned from database: functions in index predicate must be marked IMMUTABLE
1769795705923,"[2m2026-01-30T17:55:05.923938Z[0m [32m INFO[0m [2msqlx::postgres::notice[0m[2m:[0m relation ""idx_courier_availability_snapshots_location"" already exists, skipping"
1769795705926,"[2m2026-01-30T17:55:05.926462Z[0m [32m INFO[0m [2msqlx::postgres::notice[0m[2m:[0m relation ""idx_courier_availability_snapshots_courier"" already exists, skipping"
1769795705928,"[2m2026-01-30T17:55:05.928963Z[0m [32m INFO[0m [2msqlx::postgres::notice[0m[2m:[0m relation ""idx_courier_zone_assignments_active"" already exists, skipping"
1769795705931,[2m2026-01-30T17:55:05.931640Z[0m [33m WARN[0m [2myukpomnang_backend::migrations::auto_migrate[0m[2m:[0m ⚠️ [MIGRATION CONSOLIDÉE] Erreur lors de l'exécution de la commande SQL:
1769795705931,[2m2026-01-30T17:55:05.931664Z[0m [33m WARN[0m [2myukpomnang_backend::migrations::auto_migrate[0m[2m:[0m    Commande (preview): CREATE INDEX IF NOT EXISTS idx_delivery_matching_queue_retry 
1769795705931,"ON delivery_matching_queue(retry_at, status)"
1769795705931,"WHERE status IN ('queued', 'searching');"
1769795705931,"[2m2026-01-30T17:55:05.931692Z[0m [33m WARN[0m [2myukpomnang_backend::migrations::auto_migrate[0m[2m:[0m    Erreur: error returned from database: column ""retry_at"" does not exist"
1769795705933,"[2m2026-01-30T17:55:05.933944Z[0m [32m INFO[0m [2msqlx::postgres::notice[0m[2m:[0m relation ""idx_delivery_matching_queue_delivery"" already exists, skipping"
1769795705934,[2m2026-01-30T17:55:05.934092Z[0m [32m INFO[0m [2myukpomnang_backend::migrations::auto_migrate[0m[2m:[0m ✅ Migration optimize_delivery_indexes appliquée
1769795705934,[2m2026-01-30T17:55:05.934115Z[0m [32m INFO[0m [2myukpomnang_backend::migrations::auto_migrate[0m[2m:[0m ✅ Migration auto: optimize_delivery_indexes OK
1769795705934,[2m2026-01-30T17:55:05.934148Z[0m [32m INFO[0m [2myukpomnang_backend::migrations::auto_migrate[0m[2m:[0m 🔍 Application migration align_parcel_types_with_vehicle_types...
1769795705943,[2m2026-01-30T17:55:05.943863Z[0m [32m INFO[0m [2myukpomnang_backend::migrations::auto_migrate[0m[2m:[0m ✅ Migration align_parcel_types_with_vehicle_types appliquée
1769795705943,[2m2026-01-30T17:55:05.943893Z[0m [32m INFO[0m [2myukpomnang_backend::migrations::auto_migrate[0m[2m:[0m ✅ Migration auto: align_parcel_types_with_vehicle_types OK
1769795705943,[2m2026-01-30T17:55:05.943912Z[0m [32m INFO[0m [2myukpomnang_backend::migrations::auto_migrate[0m[2m:[0m 🔍 Application migration fix_parcel_types_ids...
1769795705954,[2m2026-01-30T17:55:05.954882Z[0m [32m INFO[0m [2myukpomnang_backend::migrations::auto_migrate[0m[2m:[0m ✅ Migration fix_parcel_types_ids appliquée
1769795705954,[2m2026-01-30T17:55:05.954919Z[0m [32m INFO[0m [2myukpomnang_backend::migrations::auto_migrate[0m[2m:[0m ✅ Migration auto: fix_parcel_types_ids OK
1769795705954,[2m2026-01-30T17:55:05.954933Z[0m [32m INFO[0m [2myukpomnang_backend::migrations::auto_migrate[0m[2m:[0m 🔍 Application migration optimize_services_update_performance...
1769795705957,"[2m2026-01-30T17:55:05.957412Z[0m [32m INFO[0m [2msqlx::postgres::notice[0m[2m:[0m relation ""idx_services_id_active"" already exists, skipping"
1769795705959,"[2m2026-01-30T17:55:05.959940Z[0m [32m INFO[0m [2msqlx::postgres::notice[0m[2m:[0m relation ""idx_services_data_gin"" already exists, skipping"
1769795705966,[2m2026-01-30T17:55:05.966012Z[0m [32m INFO[0m [2myukpomnang_backend::migrations::auto_migrate[0m[2m:[0m ✅ Migration optimize_services_update_performance appliquée
1769795705966,[2m2026-01-30T17:55:05.966052Z[0m [32m INFO[0m [2myukpomnang_backend::migrations::auto_migrate[0m[2m:[0m ✅ Migration auto: optimize_services_update_performance OK
1769795705966,[2m2026-01-30T17:55:05.966068Z[0m [32m INFO[0m [2myukpomnang_backend::migrations::auto_migrate[0m[2m:[0m 🔍 Vérification de la table delivery_engine_pricing...
1769795705968,"[2m2026-01-30T17:55:05.968257Z[0m [32m INFO[0m [2msqlx::postgres::notice[0m[2m:[0m relation ""delivery_engine_pricing"" already exists, skipping"
1769795705970,"[2m2026-01-30T17:55:05.970888Z[0m [32m INFO[0m [2msqlx::postgres::notice[0m[2m:[0m relation ""idx_delivery_engine_pricing_type"" already exists, skipping"
1769795705983,[2m2026-01-30T17:55:05.983477Z[0m [32m INFO[0m [2myukpomnang_backend::migrations::auto_migrate[0m[2m:[0m ✅ Migration auto: delivery_engine_pricing OK
1769795705983,[2m2026-01-30T17:55:05.983526Z[0m [32m INFO[0m [2myukpomnang_backend::migrations::auto_migrate[0m[2m:[0m 🔍 Vérification de la table product_delivery_zones...
1769795705985,"[2m2026-01-30T17:55:05.985770Z[0m [32m INFO[0m [2msqlx::postgres::notice[0m[2m:[0m relation ""product_delivery_zones"" already exists, skipping"
1769795705988,"[2m2026-01-30T17:55:05.988594Z[0m [32m INFO[0m [2msqlx::postgres::notice[0m[2m:[0m relation ""idx_product_delivery_zones_service"" already exists, skipping"
1769795705991,"[2m2026-01-30T17:55:05.991080Z[0m [32m INFO[0m [2msqlx::postgres::notice[0m[2m:[0m relation ""idx_product_delivery_zones_zone"" already exists, skipping"
1769795705991,[2m2026-01-30T17:55:05.991231Z[0m [32m INFO[0m [2myukpomnang_backend::migrations::auto_migrate[0m[2m:[0m ✅ Migration auto: product_delivery_zones OK
1769795705991,[2m2026-01-30T17:55:05.991264Z[0m [32m INFO[0m [2myukpomnang_backend::migrations::auto_migrate[0m[2m:[0m 🔍 Vérification des index géographiques...
1769795705993,"[2m2026-01-30T17:55:05.993872Z[0m [32m INFO[0m [2msqlx::postgres::notice[0m[2m:[0m relation ""idx_services_gps_gist"" already exists, skipping"
1769795705996,"[2m2026-01-30T17:55:05.996343Z[0m [32m INFO[0m [2msqlx::postgres::notice[0m[2m:[0m relation ""idx_merchant_storage_locations_location_gist"" already exists, skipping"
1769795705998,"[2m2026-01-30T17:55:05.998759Z[0m [32m INFO[0m [2msqlx::postgres::notice[0m[2m:[0m relation ""idx_african_locations_location_gist"" already exists, skipping"
1769795706005,"[2m2026-01-30T17:55:06.005501Z[0m [32m INFO[0m [2msqlx::postgres::notice[0m[2m:[0m relation ""idx_services_gps_btree"" already exists, skipping"
1769795706009,"[2m2026-01-30T17:55:06.009642Z[0m [32m INFO[0m [2msqlx::postgres::notice[0m[2m:[0m relation ""idx_merchant_storage_locations_merchant_location"" already exists, skipping"
1769795706009,[2m2026-01-30T17:55:06.009790Z[0m [32m INFO[0m [2myukpomnang_backend::migrations::auto_migrate[0m[2m:[0m ✅ Index géographiques créés avec succès
1769795706009,[2m2026-01-30T17:55:06.009836Z[0m [32m INFO[0m [2myukpomnang_backend::migrations::auto_migrate[0m[2m:[0m ✅ Migration auto: geographic indexes OK
1769795706009,[2m2026-01-30T17:55:06.009848Z[0m [32m INFO[0m [2myukpomnang_backend::migrations::auto_migrate[0m[2m:[0m 🔍 Vérification/correction de l'index idx_services_search_optimized...
1769795706025,[2m2026-01-30T17:55:06.025827Z[0m [32m INFO[0m [2myukpomnang_backend::migrations::auto_migrate[0m[2m:[0m ✅ Index idx_services_search_optimized corrigé (sans INCLUDE data)
1769795706025,[2m2026-01-30T17:55:06.025882Z[0m [32m INFO[0m [2myukpomnang_backend::migrations::auto_migrate[0m[2m:[0m ✅ Migration auto: services_search_optimized index fix OK
1769795706025,[2m2026-01-30T17:55:06.025915Z[0m [32m INFO[0m [2myukpomnang_backend::migrations::auto_migrate[0m[2m:[0m 🔍 Vérification/création des fonctions helper GPS...
1769795706049,[2m2026-01-30T17:55:06.049872Z[0m [32m INFO[0m [2myukpomnang_backend::migrations::auto_migrate[0m[2m:[0m ✅ Fonctions helper GPS créées/mises à jour
1769795706049,[2m2026-01-30T17:55:06.049923Z[0m [32m INFO[0m [2myukpomnang_backend::migrations::auto_migrate[0m[2m:[0m ✅ Migration auto: GPS helper functions OK
1769795706049,[2m2026-01-30T17:55:06.049942Z[0m [32m INFO[0m [2myukpomnang_backend::migrations::auto_migrate[0m[2m:[0m 🔍 Vérification/création de search_services_gps_final...
1769795706059,"[2m2026-01-30T17:55:06.059091Z[0m [32m INFO[0m [2msqlx::postgres::notice[0m[2m:[0m function search_services_gps_final(text,text,pg_catalog.int4) does not exist, skipping"
1769795706061,"[2m2026-01-30T17:55:06.061394Z[0m [32m INFO[0m [2msqlx::postgres::notice[0m[2m:[0m function search_services_gps_final(text,text) does not exist, skipping"
1769795706063,"[2m2026-01-30T17:55:06.063716Z[0m [32m INFO[0m [2msqlx::postgres::notice[0m[2m:[0m function search_services_gps_final(text) does not exist, skipping"
1769795706066,"[2m2026-01-30T17:55:06.065998Z[0m [32m INFO[0m [2msqlx::postgres::notice[0m[2m:[0m function search_services_gps_final() does not exist, skipping"
1769795706076,[2m2026-01-30T17:55:06.076184Z[0m [32m INFO[0m [2myukpomnang_backend::migrations::auto_migrate[0m[2m:[0m ✅ Fonction search_services_gps_final créée/mise à jour
1769795706076,[2m2026-01-30T17:55:06.076258Z[0m [32m INFO[0m [2myukpomnang_backend::migrations::auto_migrate[0m[2m:[0m ✅ Migration auto: search_services_gps_final OK
1769795706076,[2m2026-01-30T17:55:06.076267Z[0m [32m INFO[0m [2myukpomnang_backend::migrations::auto_migrate[0m[2m:[0m 🔍 Vérification/création de hybrid_image_search...
1769795706082,[2m2026-01-30T17:55:06.082463Z[0m [32m INFO[0m [2myukpomnang_backend::migrations::auto_migrate[0m[2m:[0m ✅ Fonction hybrid_image_search créée/mise à jour (version de base - migration SQLx complétera)
1769795706082,[2m2026-01-30T17:55:06.082510Z[0m [32m INFO[0m [2myukpomnang_backend::migrations::auto_migrate[0m[2m:[0m ✅ Migration auto: hybrid_image_search OK
1769795706082,[2m2026-01-30T17:55:06.082518Z[0m [32m INFO[0m [2myukpomnang_backend::migrations::auto_migrate[0m[2m:[0m 🔍 Application migration hybrid_image_search_fallback...
1769795706085,[2m2026-01-30T17:55:06.085396Z[0m [33m WARN[0m [2myukpomnang_backend::migrations::auto_migrate[0m[2m:[0m ⚠️ [MIGRATION CONSOLIDÉE] Erreur lors de l'exécution de la commande SQL:
1769795706085,[2m2026-01-30T17:55:06.085430Z[0m [33m WARN[0m [2myukpomnang_backend::migrations::auto_migrate[0m[2m:[0m    Commande (preview): CREATE OR REPLACE FUNCTION hybrid_image_search(
1769795706085,"    search_tags TEXT[],"
1769795706085,"    search_category TEXT DEFAULT NULL,"
1769795706085,"    search_marque TEXT DEFAULT NULL,"
1769795706085,"    search_couleur TEXT DEFAULT NULL,"
1769795706085,    search_que...
1769795706085,[2m2026-01-30T17:55:06.085448Z[0m [33m WARN[0m [2myukpomnang_backend::migrations::auto_migrate[0m[2m:[0m    Erreur: error returned from database: cannot change return type of existing function
1769795706085,[2m2026-01-30T17:55:06.085467Z[0m [33m WARN[0m [2myukpomnang_backend::migrations::auto_migrate[0m[2m:[0m ⚠️ Erreur lors de l'exécution SQL (continuation): error returned from database: cannot change return type of existing function
1769795706088,[2m2026-01-30T17:55:06.088349Z[0m [32m INFO[0m [2myukpomnang_backend::migrations::auto_migrate[0m[2m:[0m ✅ Migration hybrid_image_search_fallback appliquée
1769795706088,[2m2026-01-30T17:55:06.088378Z[0m [32m INFO[0m [2myukpomnang_backend::migrations::auto_migrate[0m[2m:[0m ✅ Migration auto: hybrid_image_search_fallback OK
1769795706088,[2m2026-01-30T17:55:06.088393Z[0m [32m INFO[0m [2myukpomnang_backend::migrations::auto_migrate[0m[2m:[0m 🔍 Application migration hybrid_image_search_relevance...
1769795706091,[2m2026-01-30T17:55:06.091278Z[0m [33m WARN[0m [2myukpomnang_backend::migrations::auto_migrate[0m[2m:[0m ⚠️ [MIGRATION CONSOLIDÉE] Erreur lors de l'exécution de la commande SQL:
1769795706091,[2m2026-01-30T17:55:06.091287Z[0m [33m WARN[0m [2myukpomnang_backend::migrations::auto_migrate[0m[2m:[0m    Commande (preview): CREATE OR REPLACE FUNCTION hybrid_image_search(
1769795706091,"    search_tags TEXT[],"
1769795706091,"    search_category TEXT DEFAULT NULL,"
1769795706091,"    search_marque TEXT DEFAULT NULL,"
1769795706091,"    search_couleur TEXT DEFAULT NULL,"
1769795706091,    search_que...
1769795706091,[2m2026-01-30T17:55:06.091291Z[0m [33m WARN[0m [2myukpomnang_backend::migrations::auto_migrate[0m[2m:[0m    Erreur: error returned from database: cannot change return type of existing function
1769795706091,[2m2026-01-30T17:55:06.091311Z[0m [33m WARN[0m [2myukpomnang_backend::migrations::auto_migrate[0m[2m:[0m ⚠️ Erreur lors de l'exécution SQL (continuation): error returned from database: cannot change return type of existing function
1769795706094,[2m2026-01-30T17:55:06.094255Z[0m [32m INFO[0m [2myukpomnang_backend::migrations::auto_migrate[0m[2m:[0m ✅ Migration hybrid_image_search_relevance appliquée
1769795706094,[2m2026-01-30T17:55:06.094295Z[0m [32m INFO[0m [2myukpomnang_backend::migrations::auto_migrate[0m[2m:[0m ✅ Migration auto: hybrid_image_search_relevance OK
1769795706094,[2m2026-01-30T17:55:06.094319Z[0m [32m INFO[0m [2myukpomnang_backend::migrations::auto_migrate[0m[2m:[0m 🔍 Application migration hybrid_image_search_language_and_relevance...
1769795706096,"[2m2026-01-30T17:55:06.096811Z[0m [32m INFO[0m [2msqlx::postgres::notice[0m[2m:[0m function hybrid_image_search(text[],text,text,text,text,pg_catalog.float8,pg_catalog.float8,pg_catalog.int4,pg_catalog.int4,text) does not exist, skipping"
1769795706104,[2m2026-01-30T17:55:06.104175Z[0m [33m WARN[0m [2myukpomnang_backend::migrations::auto_migrate[0m[2m:[0m ⚠️ [MIGRATION CONSOLIDÉE] Erreur lors de l'exécution de la commande SQL:
1769795706104,[2m2026-01-30T17:55:06.104208Z[0m [33m WARN[0m [2myukpomnang_backend::migrations::auto_migrate[0m[2m:[0m    Commande (preview): COMMENT ON FUNCTION hybrid_image_search IS 'Recherche hybride améliorée avec langue dynamique et scoring priorisant ILIKE (gestion accents) - 2025-12-24';
1769795706104,"[2m2026-01-30T17:55:06.104227Z[0m [33m WARN[0m [2myukpomnang_backend::migrations::auto_migrate[0m[2m:[0m    Erreur: error returned from database: function name ""hybrid_image_search"" is not unique"
1769795706104,"[2m2026-01-30T17:55:06.104248Z[0m [33m WARN[0m [2myukpomnang_backend::migrations::auto_migrate[0m[2m:[0m ⚠️ Erreur lors de l'exécution SQL (continuation): error returned from database: function name ""hybrid_image_search"" is not unique"
1769795706104,[2m2026-01-30T17:55:06.104266Z[0m [32m INFO[0m [2myukpomnang_backend::migrations::auto_migrate[0m[2m:[0m ✅ Migration hybrid_image_search_language_and_relevance appliquée
1769795706104,[2m2026-01-30T17:55:06.104276Z[0m [32m INFO[0m [2myukpomnang_backend::migrations::auto_migrate[0m[2m:[0m ✅ Migration auto: hybrid_image_search_language_and_relevance OK
1769795706104,[2m2026-01-30T17:55:06.104287Z[0m [32m INFO[0m [2myukpomnang_backend::migrations::auto_migrate[0m[2m:[0m 🔍 Application migration hybrid_image_search_relevance_and_performance...
1769795706114,[2m2026-01-30T17:55:06.114698Z[0m [33m WARN[0m [2myukpomnang_backend::migrations::auto_migrate[0m[2m:[0m ⚠️ [MIGRATION CONSOLIDÉE] Erreur lors de l'exécution de la commande SQL:
1769795706114,[2m2026-01-30T17:55:06.114764Z[0m [33m WARN[0m [2myukpomnang_backend::migrations::auto_migrate[0m[2m:[0m    Commande (preview): COMMENT ON FUNCTION hybrid_image_search IS 'Recherche hybride améliorée avec seuil strict (150.0) et scoring priorisant correspondances exactes - 2025-12-24';
1769795706114,"[2m2026-01-30T17:55:06.114773Z[0m [33m WARN[0m [2myukpomnang_backend::migrations::auto_migrate[0m[2m:[0m    Erreur: error returned from database: function name ""hybrid_image_search"" is not unique"
1769795706114,"[2m2026-01-30T17:55:06.114821Z[0m [33m WARN[0m [2myukpomnang_backend::migrations::auto_migrate[0m[2m:[0m ⚠️ Erreur lors de l'exécution SQL (continuation): error returned from database: function name ""hybrid_image_search"" is not unique"
1769795706114,[2m2026-01-30T17:55:06.114860Z[0m [32m INFO[0m [2myukpomnang_backend::migrations::auto_migrate[0m[2m:[0m ✅ Migration hybrid_image_search_relevance_and_performance appliquée
1769795706114,[2m2026-01-30T17:55:06.114868Z[0m [32m INFO[0m [2myukpomnang_backend::migrations::auto_migrate[0m[2m:[0m ✅ Migration auto: hybrid_image_search_relevance_and_performance OK
1769795706114,[2m2026-01-30T17:55:06.114872Z[0m [32m INFO[0m [2myukpomnang_backend::migrations::auto_migrate[0m[2m:[0m 🔍 Application migration hybrid_image_search_generic_products...
1769795706126,[2m2026-01-30T17:55:06.126591Z[0m [33m WARN[0m [2myukpomnang_backend::migrations::auto_migrate[0m[2m:[0m ⚠️ [MIGRATION CONSOLIDÉE] Erreur lors de l'exécution de la commande SQL:
1769795706126,[2m2026-01-30T17:55:06.126639Z[0m [33m WARN[0m [2myukpomnang_backend::migrations::auto_migrate[0m[2m:[0m    Commande (preview): COMMENT ON FUNCTION hybrid_image_search IS 'Recherche hybride avec matching strict: exige correspondance sur tags OU query semantic (catégorie seule insuffisante) - seuil 200.0 - 2025-12-27';
1769795706126,"[2m2026-01-30T17:55:06.126668Z[0m [33m WARN[0m [2myukpomnang_backend::migrations::auto_migrate[0m[2m:[0m    Erreur: error returned from database: function name ""hybrid_image_search"" is not unique"
1769795706126,"[2m2026-01-30T17:55:06.126708Z[0m [33m WARN[0m [2myukpomnang_backend::migrations::auto_migrate[0m[2m:[0m ⚠️ Erreur lors de l'exécution SQL (continuation): error returned from database: function name ""hybrid_image_search"" is not unique"
1769795706126,[2m2026-01-30T17:55:06.126743Z[0m [32m INFO[0m [2myukpomnang_backend::migrations::auto_migrate[0m[2m:[0m ✅ Migration hybrid_image_search_generic_products appliquée
1769795706126,[2m2026-01-30T17:55:06.126770Z[0m [32m INFO[0m [2myukpomnang_backend::migrations::auto_migrate[0m[2m:[0m ✅ Migration auto: hybrid_image_search_generic_products OK
1769795706126,[2m2026-01-30T17:55:06.126799Z[0m [32m INFO[0m [2myukpomnang_backend::migrations::auto_migrate[0m[2m:[0m 🔍 Application migration optimize_slow_queries_critical...
1769795706129,"[2m2026-01-30T17:55:06.129396Z[0m [32m INFO[0m [2msqlx::postgres::notice[0m[2m:[0m relation ""idx_pharmacies_service_id_active"" already exists, skipping"
1769795706132,"[2m2026-01-30T17:55:06.132698Z[0m [32m INFO[0m [2msqlx::postgres::notice[0m[2m:[0m relation ""idx_services_id_active"" already exists, skipping"
1769795706135,"[2m2026-01-30T17:55:06.135307Z[0m [32m INFO[0m [2msqlx::postgres::notice[0m[2m:[0m relation ""idx_pharmacies_on_duty_service_active"" already exists, skipping"
1769795706137,"[2m2026-01-30T17:55:06.137893Z[0m [32m INFO[0m [2msqlx::postgres::notice[0m[2m:[0m relation ""idx_deliveries_pickup_location_gist"" already exists, skipping"
1769795706140,"[2m2026-01-30T17:55:06.140213Z[0m [32m INFO[0m [2msqlx::postgres::notice[0m[2m:[0m relation ""idx_deliveries_dropoff_location_gist"" already exists, skipping"
1769795706142,"[2m2026-01-30T17:55:06.142905Z[0m [32m INFO[0m [2msqlx::postgres::notice[0m[2m:[0m relation ""idx_deliveries_store_location_gist"" already exists, skipping"
1769795706145,"[2m2026-01-30T17:55:06.145434Z[0m [32m INFO[0m [2msqlx::postgres::notice[0m[2m:[0m relation ""idx_deliveries_recipient_dropoff_gist"" already exists, skipping"
1769795706148,"[2m2026-01-30T17:55:06.148328Z[0m [32m INFO[0m [2msqlx::postgres::notice[0m[2m:[0m relation ""idx_deliveries_id_status"" already exists, skipping"
1769795706150,"[2m2026-01-30T17:55:06.150702Z[0m [32m INFO[0m [2msqlx::postgres::notice[0m[2m:[0m relation ""idx_courier_availability_snapshots_location_gist"" already exists, skipping"
1769795706153,"[2m2026-01-30T17:55:06.153367Z[0m [32m INFO[0m [2msqlx::postgres::notice[0m[2m:[0m relation ""idx_courier_availability_snapshots_online_load"" already exists, skipping"
1769795706156,"[2m2026-01-30T17:55:06.156193Z[0m [32m INFO[0m [2msqlx::postgres::notice[0m[2m:[0m relation ""idx_courier_assets_primary"" already exists, skipping"
1769795706158,"[2m2026-01-30T17:55:06.158861Z[0m [32m INFO[0m [2msqlx::postgres::notice[0m[2m:[0m relation ""idx_delivery_matching_queue_pending_optimized"" already exists, skipping"
1769795706161,"[2m2026-01-30T17:55:06.161550Z[0m [32m INFO[0m [2msqlx::postgres::notice[0m[2m:[0m relation ""idx_delivery_matching_queue_delivery_id"" already exists, skipping"
1769795706175,"[2m2026-01-30T17:55:06.174995Z[0m [32m INFO[0m [2msqlx::postgres::notice[0m[2m:[0m relation ""idx_services_is_active"" already exists, skipping"
1769795706184,[2m2026-01-30T17:55:06.183980Z[0m [32m INFO[0m [2myukpomnang_backend::migrations::auto_migrate[0m[2m:[0m ✅ Migration optimize_slow_queries_critical appliquée
1769795706184,[2m2026-01-30T17:55:06.184007Z[0m [32m INFO[0m [2myukpomnang_backend::migrations::auto_migrate[0m[2m:[0m ✅ Migration auto: optimize_slow_queries_critical OK
1769795706184,[2m2026-01-30T17:55:06.184024Z[0m [32m INFO[0m [2myukpomnang_backend::migrations::auto_migrate[0m[2m:[0m 🔍 Application migration optimize_delivery_queries_additional...
1769795706186,"[2m2026-01-30T17:55:06.186544Z[0m [32m INFO[0m [2msqlx::postgres::notice[0m[2m:[0m relation ""idx_deliveries_return_pickup_location_gist"" already exists, skipping"
1769795706189,"[2m2026-01-30T17:55:06.189012Z[0m [32m INFO[0m [2msqlx::postgres::notice[0m[2m:[0m relation ""idx_deliveries_return_dropoff_location_gist"" already exists, skipping"
1769795706191,"[2m2026-01-30T17:55:06.191302Z[0m [32m INFO[0m [2msqlx::postgres::notice[0m[2m:[0m relation ""idx_deliveries_round_trip"" already exists, skipping"
1769795706194,"[2m2026-01-30T17:55:06.194024Z[0m [32m INFO[0m [2msqlx::postgres::notice[0m[2m:[0m relation ""idx_courier_availability_snapshots_recent"" already exists, skipping"
1769795706196,"[2m2026-01-30T17:55:06.196582Z[0m [32m INFO[0m [2msqlx::postgres::notice[0m[2m:[0m relation ""idx_courier_availability_snapshots_user_courier"" already exists, skipping"
1769795706199,"[2m2026-01-30T17:55:06.199185Z[0m [32m INFO[0m [2msqlx::postgres::notice[0m[2m:[0m relation ""idx_delivery_matching_queue_delivery_id_status"" already exists, skipping"
1769795706201,"[2m2026-01-30T17:55:06.201748Z[0m [32m INFO[0m [2msqlx::postgres::notice[0m[2m:[0m relation ""idx_delivery_matching_queue_next_attempt"" already exists, skipping"
1769795706204,"[2m2026-01-30T17:55:06.204370Z[0m [32m INFO[0m [2msqlx::postgres::notice[0m[2m:[0m relation ""idx_deliveries_creator_id"" already exists, skipping"
1769795706207,"[2m2026-01-30T17:55:06.206969Z[0m [32m INFO[0m [2msqlx::postgres::notice[0m[2m:[0m relation ""idx_deliveries_courier_id"" already exists, skipping"
1769795706209,"[2m2026-01-30T17:55:06.209642Z[0m [32m INFO[0m [2msqlx::postgres::notice[0m[2m:[0m relation ""idx_deliveries_recipient_user_id"" already exists, skipping"
1769795706212,"[2m2026-01-30T17:55:06.212015Z[0m [32m INFO[0m [2msqlx::postgres::notice[0m[2m:[0m relation ""idx_deliveries_tracking_token"" already exists, skipping"
1769795706214,"[2m2026-01-30T17:55:06.214299Z[0m [32m INFO[0m [2msqlx::postgres::notice[0m[2m:[0m relation ""idx_deliveries_recipient_tracking_token"" already exists, skipping"
1769795706214,[2m2026-01-30T17:55:06.214436Z[0m [32m INFO[0m [2myukpomnang_backend::migrations::auto_migrate[0m[2m:[0m ✅ Migration optimize_delivery_queries_additional appliquée
1769795706214,[2m2026-01-30T17:55:06.214460Z[0m [32m INFO[0m [2myukpomnang_backend::migrations::auto_migrate[0m[2m:[0m ✅ Migration auto: optimize_delivery_queries_additional OK
1769795706214,[2m2026-01-30T17:55:06.214485Z[0m [32m INFO[0m [2myukpomnang_backend::migrations::auto_migrate[0m[2m:[0m 🔍 Application migration optimize_search_performance...
1769795706216,"[2m2026-01-30T17:55:06.216960Z[0m [32m INFO[0m [2msqlx::postgres::notice[0m[2m:[0m relation ""idx_publicites_active_filter"" already exists, skipping"
1769795706219,"[2m2026-01-30T17:55:06.219392Z[0m [32m INFO[0m [2msqlx::postgres::notice[0m[2m:[0m relation ""idx_publicites_status"" already exists, skipping"
1769795706221,"[2m2026-01-30T17:55:06.221956Z[0m [32m INFO[0m [2msqlx::postgres::notice[0m[2m:[0m relation ""idx_delivery_matching_queue_delivery_id"" already exists, skipping"
1769795706224,"[2m2026-01-30T17:55:06.224790Z[0m [32m INFO[0m [2msqlx::postgres::notice[0m[2m:[0m relation ""idx_deliveries_parcel_id"" already exists, skipping"
1769795706227,"[2m2026-01-30T17:55:06.227112Z[0m [32m INFO[0m [2msqlx::postgres::notice[0m[2m:[0m relation ""idx_delivery_parcels_id"" already exists, skipping"
1769795706229,"[2m2026-01-30T17:55:06.229469Z[0m [32m INFO[0m [2msqlx::postgres::notice[0m[2m:[0m relation ""idx_service_products_service_id_active"" already exists, skipping"
1769795706231,[2m2026-01-30T17:55:06.231876Z[0m [32m INFO[0m [2msqlx::postgres::notice[0m[2m:[0m ✅ Migration 20260114_optimize_search_performance appliquée avec succès
1769795706232,[2m2026-01-30T17:55:06.232027Z[0m [32m INFO[0m [2msqlx::postgres::notice[0m[2m:[0m Index créés:
1769795706232,[2m2026-01-30T17:55:06.232035Z[0m [32m INFO[0m [2msqlx::postgres::notice[0m[2m:[0m   - idx_publicites_active_filter
1769795706232,[2m2026-01-30T17:55:06.232038Z[0m [32m INFO[0m [2msqlx::postgres::notice[0m[2m:[0m   - idx_publicites_status
1769795706232,[2m2026-01-30T17:55:06.232041Z[0m [32m INFO[0m [2msqlx::postgres::notice[0m[2m:[0m   - idx_delivery_matching_queue_delivery_id
1769795706232,[2m2026-01-30T17:55:06.232067Z[0m [32m INFO[0m [2msqlx::postgres::notice[0m[2m:[0m   - idx_deliveries_parcel_id
1769795706232,[2m2026-01-30T17:55:06.232082Z[0m [32m INFO[0m [2msqlx::postgres::notice[0m[2m:[0m   - idx_delivery_parcels_id
1769795706232,[2m2026-01-30T17:55:06.232102Z[0m [32m INFO[0m [2msqlx::postgres::notice[0m[2m:[0m   - idx_service_products_service_id_active
1769795706232,[2m2026-01-30T17:55:06.232131Z[0m [32m INFO[0m [2myukpomnang_backend::migrations::auto_migrate[0m[2m:[0m ✅ Migration optimize_search_performance appliquée
1769795706232,[2m2026-01-30T17:55:06.232148Z[0m [32m INFO[0m [2myukpomnang_backend::migrations::auto_migrate[0m[2m:[0m ✅ Migration auto: optimize_search_performance OK
1769795706232,[2m2026-01-30T17:55:06.232164Z[0m [32m INFO[0m [2myukpomnang_backend::migrations::auto_migrate[0m[2m:[0m 🔍 Vérification/création des fonctions de recherche avec planification...
1769795706242,[2m2026-01-30T17:55:06.241969Z[0m [32m INFO[0m [2myukpomnang_backend::migrations::auto_migrate[0m[2m:[0m ✅ Fonctions de recherche avec planification créées/mises à jour
1769795706242,[2m2026-01-30T17:55:06.242019Z[0m [32m INFO[0m [2myukpomnang_backend::migrations::auto_migrate[0m[2m:[0m ✅ Migration auto: scheduling search functions OK
1769795706242,[2m2026-01-30T17:55:06.242036Z[0m [32m INFO[0m [2myukpomnang_backend::migrations::auto_migrate[0m[2m:[0m 🔍 Vérification et création des tables services spécialisés...
1769795706260,[2m2026-01-30T17:55:06.260647Z[0m [32m INFO[0m [2myukpomnang_backend::migrations::auto_migrate[0m[2m:[0m ✅ Toutes les tables services spécialisés déjà présentes
1769795706263,[2m2026-01-30T17:55:06.263663Z[0m [32m INFO[0m [2myukpomnang_backend::migrations::auto_migrate[0m[2m:[0m ✅ Migration auto: specialized services tables OK
1769795706263,[2m2026-01-30T17:55:06.263721Z[0m [32m INFO[0m [2myukpomnang_backend::migrations::auto_migrate[0m[2m:[0m 🔍 Vérification/création du champ specialized_type dans services...
1769795706269,[2m2026-01-30T17:55:06.269445Z[0m [32m INFO[0m [2myukpomnang_backend::migrations::auto_migrate[0m[2m:[0m ✅ Colonne specialized_type déjà présente
1769795706328,"[2m2026-01-30T17:55:06.328354Z[0m [32m INFO[0m [2msqlx::postgres::notice[0m[2m:[0m relation ""idx_services_specialized_type"" already exists, skipping"
1769795706328,[2m2026-01-30T17:55:06.328476Z[0m [32m INFO[0m [2myukpomnang_backend::migrations::auto_migrate[0m[2m:[0m ✅ Migration specialized_type terminée
1769795706328,[2m2026-01-30T17:55:06.328509Z[0m [32m INFO[0m [2myukpomnang_backend::migrations::auto_migrate[0m[2m:[0m ✅ Migration auto: services specialized_type OK
1769795706328,[2m2026-01-30T17:55:06.328521Z[0m [32m INFO[0m [2myukpomnang_backend::migrations::auto_migrate[0m[2m:[0m 🔍 Vérification/création des triggers specialized_type...
1769795706390,[2m2026-01-30T17:55:06.390344Z[0m [32m INFO[0m [2myukpomnang_backend::migrations::auto_migrate[0m[2m:[0m ✅ Triggers specialized_type créés
1769795706390,[2m2026-01-30T17:55:06.390385Z[0m [32m INFO[0m [2myukpomnang_backend::migrations::auto_migrate[0m[2m:[0m ✅ Migration auto: specialized_type triggers OK
1769795706390,[2m2026-01-30T17:55:06.390417Z[0m [32m INFO[0m [2myukpomnang_backend::migrations::auto_migrate[0m[2m:[0m 🔍 Vérification/application des contraintes de validation services spécialisés...
1769795706507,[2m2026-01-30T17:55:06.507474Z[0m [32m INFO[0m [2myukpomnang_backend::migrations::auto_migrate[0m[2m:[0m ✅ Contraintes de validation services spécialisés appliquées
1769795706507,[2m2026-01-30T17:55:06.507498Z[0m [32m INFO[0m [2myukpomnang_backend::migrations::auto_migrate[0m[2m:[0m ✅ Migration auto: specialized services constraints OK
1769795706507,[2m2026-01-30T17:55:06.507578Z[0m [32m INFO[0m [2myukpomnang_backend::migrations::auto_migrate[0m[2m:[0m 🔍 Vérification/création de la table specialized_services_drafts...
1769795706509,"[2m2026-01-30T17:55:06.509905Z[0m [32m INFO[0m [2msqlx::postgres::notice[0m[2m:[0m relation ""specialized_services_drafts"" already exists, skipping"
1769795706512,"[2m2026-01-30T17:55:06.512274Z[0m [32m INFO[0m [2msqlx::postgres::notice[0m[2m:[0m relation ""idx_drafts_user_id"" already exists, skipping"
1769795706514,"[2m2026-01-30T17:55:06.514692Z[0m [32m INFO[0m [2msqlx::postgres::notice[0m[2m:[0m relation ""idx_drafts_type"" already exists, skipping"
1769795706517,"[2m2026-01-30T17:55:06.517070Z[0m [32m INFO[0m [2msqlx::postgres::notice[0m[2m:[0m relation ""idx_drafts_updated_at"" already exists, skipping"
1769795706520,[2m2026-01-30T17:55:06.520006Z[0m [32m INFO[0m [2myukpomnang_backend::migrations::auto_migrate[0m[2m:[0m ✅ Table specialized_services_drafts créée
1769795706520,[2m2026-01-30T17:55:06.520056Z[0m [32m INFO[0m [2myukpomnang_backend::migrations::auto_migrate[0m[2m:[0m ✅ Migration auto: specialized services drafts table OK
1769795706520,[2m2026-01-30T17:55:06.520084Z[0m [32m INFO[0m [2myukpomnang_backend::migrations::auto_migrate[0m[2m:[0m 🔍 Vérification/création des tables search_history et saved_searches...
1769795706522,"[2m2026-01-30T17:55:06.522478Z[0m [32m INFO[0m [2msqlx::postgres::notice[0m[2m:[0m relation ""search_history"" already exists, skipping"
1769795706524,"[2m2026-01-30T17:55:06.524950Z[0m [32m INFO[0m [2msqlx::postgres::notice[0m[2m:[0m relation ""idx_search_history_user_id"" already exists, skipping"
1769795706527,"[2m2026-01-30T17:55:06.527317Z[0m [32m INFO[0m [2msqlx::postgres::notice[0m[2m:[0m relation ""idx_search_history_searched_at"" already exists, skipping"
1769795706529,"[2m2026-01-30T17:55:06.529684Z[0m [32m INFO[0m [2msqlx::postgres::notice[0m[2m:[0m relation ""idx_search_history_type"" already exists, skipping"
1769795706535,"[2m2026-01-30T17:55:06.535109Z[0m [32m INFO[0m [2msqlx::postgres::notice[0m[2m:[0m relation ""saved_searches"" already exists, skipping"
1769795706537,"[2m2026-01-30T17:55:06.537586Z[0m [32m INFO[0m [2msqlx::postgres::notice[0m[2m:[0m relation ""idx_saved_searches_user_id"" already exists, skipping"
1769795706539,"[2m2026-01-30T17:55:06.539889Z[0m [32m INFO[0m [2msqlx::postgres::notice[0m[2m:[0m relation ""idx_saved_searches_type"" already exists, skipping"
1769795706542,[2m2026-01-30T17:55:06.542921Z[0m [32m INFO[0m [2myukpomnang_backend::migrations::auto_migrate[0m[2m:[0m ✅ Tables search_history et saved_searches créées
1769795706542,[2m2026-01-30T17:55:06.542955Z[0m [32m INFO[0m [2myukpomnang_backend::migrations::auto_migrate[0m[2m:[0m ✅ Migration auto: search history tables OK
1769795706543,[2m2026-01-30T17:55:06.542988Z[0m [32m INFO[0m [2myukpomnang_backend::migrations::auto_migrate[0m[2m:[0m 🔍 Vérification/création des index de scalabilité Taxi/Covoiturage...
1769795706545,"[2m2026-01-30T17:55:06.545426Z[0m [32m INFO[0m [2msqlx::postgres::notice[0m[2m:[0m relation ""idx_taxis_available_composite"" already exists, skipping"
1769795706547,"[2m2026-01-30T17:55:06.547920Z[0m [32m INFO[0m [2msqlx::postgres::notice[0m[2m:[0m relation ""idx_taxis_gps_active"" already exists, skipping"
1769795706550,"[2m2026-01-30T17:55:06.550353Z[0m [32m INFO[0m [2msqlx::postgres::notice[0m[2m:[0m relation ""idx_taxis_type_vehicule"" already exists, skipping"
1769795706552,"[2m2026-01-30T17:55:06.552929Z[0m [32m INFO[0m [2msqlx::postgres::notice[0m[2m:[0m relation ""idx_covoit_depart_dest_date"" already exists, skipping"
1769795706555,"[2m2026-01-30T17:55:06.555165Z[0m [32m INFO[0m [2msqlx::postgres::notice[0m[2m:[0m relation ""idx_covoit_date_future"" already exists, skipping"
1769795706557,"[2m2026-01-30T17:55:06.557667Z[0m [32m INFO[0m [2msqlx::postgres::notice[0m[2m:[0m relation ""idx_covoit_places_available"" already exists, skipping"
1769795706560,"[2m2026-01-30T17:55:06.560371Z[0m [32m INFO[0m [2msqlx::postgres::notice[0m[2m:[0m relation ""idx_covoit_prix_date"" already exists, skipping"
1769795706562,"[2m2026-01-30T17:55:06.562870Z[0m [32m INFO[0m [2msqlx::postgres::notice[0m[2m:[0m relation ""idx_covoit_user_date"" already exists, skipping"
1769795706591,[2m2026-01-30T17:55:06.591655Z[0m [32m INFO[0m [2myukpomnang_backend::migrations::auto_migrate[0m[2m:[0m ✅ Index de scalabilité Taxi/Covoiturage créés
1769795706591,[2m2026-01-30T17:55:06.591698Z[0m [32m INFO[0m [2myukpomnang_backend::migrations::auto_migrate[0m[2m:[0m ✅ Migration auto: taxi/covoit scalability indexes OK
1769795706591,[2m2026-01-30T17:55:06.591729Z[0m [32m INFO[0m [2myukpomnang_backend::migrations::auto_migrate[0m[2m:[0m 🔍 Vérification/création des index de scalabilité Hôpitaux/Laboratoires...
1769795706594,"[2m2026-01-30T17:55:06.594189Z[0m [32m INFO[0m [2msqlx::postgres::notice[0m[2m:[0m relation ""idx_hospitals_gps_active"" already exists, skipping"
1769795706596,"[2m2026-01-30T17:55:06.596898Z[0m [32m INFO[0m [2msqlx::postgres::notice[0m[2m:[0m relation ""idx_hospitals_prestations_gin"" already exists, skipping"
1769795706599,"[2m2026-01-30T17:55:06.599511Z[0m [32m INFO[0m [2msqlx::postgres::notice[0m[2m:[0m relation ""idx_hospitals_urgences"" already exists, skipping"
1769795706602,"[2m2026-01-30T17:55:06.602129Z[0m [32m INFO[0m [2msqlx::postgres::notice[0m[2m:[0m relation ""idx_hospitals_ville_quartier"" already exists, skipping"
1769795706604,"[2m2026-01-30T17:55:06.604668Z[0m [32m INFO[0m [2msqlx::postgres::notice[0m[2m:[0m relation ""idx_hospitals_type_etablissement"" already exists, skipping"
1769795706607,"[2m2026-01-30T17:55:06.607113Z[0m [32m INFO[0m [2msqlx::postgres::notice[0m[2m:[0m relation ""idx_hospitals_available_composite"" already exists, skipping"
1769795706609,"[2m2026-01-30T17:55:06.609764Z[0m [32m INFO[0m [2msqlx::postgres::notice[0m[2m:[0m relation ""idx_labs_gps_active"" already exists, skipping"
1769795706612,"[2m2026-01-30T17:55:06.612157Z[0m [32m INFO[0m [2msqlx::postgres::notice[0m[2m:[0m relation ""idx_labs_analyses_gin"" already exists, skipping"
1769795706614,"[2m2026-01-30T17:55:06.614563Z[0m [32m INFO[0m [2msqlx::postgres::notice[0m[2m:[0m relation ""idx_labs_imagerie_gin"" already exists, skipping"
1769795706617,"[2m2026-01-30T17:55:06.617098Z[0m [32m INFO[0m [2msqlx::postgres::notice[0m[2m:[0m relation ""idx_labs_ville_quartier"" already exists, skipping"
1769795706619,"[2m2026-01-30T17:55:06.619507Z[0m [32m INFO[0m [2msqlx::postgres::notice[0m[2m:[0m relation ""idx_labs_type_laboratoire"" already exists, skipping"
1769795706621,"[2m2026-01-30T17:55:06.621961Z[0m [32m INFO[0m [2msqlx::postgres::notice[0m[2m:[0m relation ""idx_labs_available_composite"" already exists, skipping"
1769795706662,[2m2026-01-30T17:55:06.662550Z[0m [32m INFO[0m [2myukpomnang_backend::migrations::auto_migrate[0m[2m:[0m ✅ Index de scalabilité Hôpitaux/Laboratoires créés
1769795706662,[2m2026-01-30T17:55:06.662590Z[0m [32m INFO[0m [2myukpomnang_backend::migrations::auto_migrate[0m[2m:[0m ✅ Migration auto: hospital/lab scalability indexes OK
1769795706662,"[2m2026-01-30T17:55:06.662609Z[0m [32m INFO[0m [2myukpomnang_backend::migrations::auto_migrate[0m[2m:[0m 🔍 Vérification/création des tables avancées hôpitaux (consultations, urgences, créneaux, analytics)..."
1769795706665,"[2m2026-01-30T17:55:06.665335Z[0m [32m INFO[0m [2msqlx::postgres::notice[0m[2m:[0m relation ""hospital_consultations"" already exists, skipping"
1769795706668,"[2m2026-01-30T17:55:06.667969Z[0m [32m INFO[0m [2msqlx::postgres::notice[0m[2m:[0m relation ""idx_hospital_consultations_hospital"" already exists, skipping"
1769795706670,"[2m2026-01-30T17:55:06.670494Z[0m [32m INFO[0m [2msqlx::postgres::notice[0m[2m:[0m relation ""idx_hospital_consultations_user"" already exists, skipping"
1769795706674,"[2m2026-01-30T17:55:06.673982Z[0m [32m INFO[0m [2msqlx::postgres::notice[0m[2m:[0m relation ""idx_hospital_consultations_service"" already exists, skipping"
1769795706677,"[2m2026-01-30T17:55:06.677112Z[0m [32m INFO[0m [2msqlx::postgres::notice[0m[2m:[0m relation ""idx_hospital_consultations_date"" already exists, skipping"
1769795706680,"[2m2026-01-30T17:55:06.680340Z[0m [32m INFO[0m [2msqlx::postgres::notice[0m[2m:[0m relation ""idx_hospital_consultations_status"" already exists, skipping"
1769795706683,"[2m2026-01-30T17:55:06.683185Z[0m [32m INFO[0m [2msqlx::postgres::notice[0m[2m:[0m relation ""idx_hospital_consultations_specialty"" already exists, skipping"
1769795706686,"[2m2026-01-30T17:55:06.686051Z[0m [32m INFO[0m [2msqlx::postgres::notice[0m[2m:[0m relation ""hospital_emergencies"" already exists, skipping"
1769795706689,"[2m2026-01-30T17:55:06.689467Z[0m [32m INFO[0m [2msqlx::postgres::notice[0m[2m:[0m relation ""idx_hospital_emergencies_hospital"" already exists, skipping"
1769795706693,"[2m2026-01-30T17:55:06.693768Z[0m [32m INFO[0m [2msqlx::postgres::notice[0m[2m:[0m relation ""idx_hospital_emergencies_user"" already exists, skipping"
1769795706701,"[2m2026-01-30T17:55:06.701207Z[0m [32m INFO[0m [2msqlx::postgres::notice[0m[2m:[0m relation ""idx_hospital_emergencies_status"" already exists, skipping"
1769795706705,"[2m2026-01-30T17:55:06.705595Z[0m [32m INFO[0m [2msqlx::postgres::notice[0m[2m:[0m relation ""idx_hospital_emergencies_severity"" already exists, skipping"
1769795706708,"[2m2026-01-30T17:55:06.708544Z[0m [32m INFO[0m [2msqlx::postgres::notice[0m[2m:[0m relation ""idx_hospital_emergencies_arrival"" already exists, skipping"
1769795706711,"[2m2026-01-30T17:55:06.711014Z[0m [32m INFO[0m [2msqlx::postgres::notice[0m[2m:[0m relation ""idx_hospital_emergencies_pending"" already exists, skipping"
1769795706713,"[2m2026-01-30T17:55:06.713855Z[0m [32m INFO[0m [2msqlx::postgres::notice[0m[2m:[0m relation ""hospital_slots"" already exists, skipping"
1769795706717,"[2m2026-01-30T17:55:06.717429Z[0m [32m INFO[0m [2msqlx::postgres::notice[0m[2m:[0m relation ""idx_hospital_slots_hospital"" already exists, skipping"
1769795706722,"[2m2026-01-30T17:55:06.722576Z[0m [32m INFO[0m [2msqlx::postgres::notice[0m[2m:[0m relation ""idx_hospital_slots_service"" already exists, skipping"
1769795706726,"[2m2026-01-30T17:55:06.726400Z[0m [32m INFO[0m [2msqlx::postgres::notice[0m[2m:[0m relation ""idx_hospital_slots_date"" already exists, skipping"
1769795706731,"[2m2026-01-30T17:55:06.731082Z[0m [32m INFO[0m [2msqlx::postgres::notice[0m[2m:[0m relation ""idx_hospital_slots_status"" already exists, skipping"
1769795706735,"[2m2026-01-30T17:55:06.735910Z[0m [32m INFO[0m [2msqlx::postgres::notice[0m[2m:[0m relation ""idx_hospital_slots_specialty"" already exists, skipping"
1769795706738,"[2m2026-01-30T17:55:06.738791Z[0m [32m INFO[0m [2msqlx::postgres::notice[0m[2m:[0m relation ""idx_hospital_slots_available"" already exists, skipping"
1769795706743,"[2m2026-01-30T17:55:06.743628Z[0m [32m INFO[0m [2msqlx::postgres::notice[0m[2m:[0m relation ""hospital_analytics"" already exists, skipping"
1769795706746,"[2m2026-01-30T17:55:06.746549Z[0m [32m INFO[0m [2msqlx::postgres::notice[0m[2m:[0m relation ""idx_hospital_analytics_hospital"" already exists, skipping"
1769795706749,"[2m2026-01-30T17:55:06.749047Z[0m [32m INFO[0m [2msqlx::postgres::notice[0m[2m:[0m relation ""idx_hospital_analytics_date"" already exists, skipping"
1769795706751,"[2m2026-01-30T17:55:06.751588Z[0m [32m INFO[0m [2msqlx::postgres::notice[0m[2m:[0m relation ""idx_hospital_analytics_service"" already exists, skipping"
1769795706765,"[2m2026-01-30T17:55:06.765505Z[0m [32m INFO[0m [2msqlx::postgres::notice[0m[2m:[0m relation ""idx_hospital_slots_available_search"" already exists, skipping"
1769795706768,"[2m2026-01-30T17:55:06.768363Z[0m [32m INFO[0m [2msqlx::postgres::notice[0m[2m:[0m relation ""idx_hospital_emergencies_waiting"" already exists, skipping"
1769795706782,[2m2026-01-30T17:55:06.782245Z[0m [32m INFO[0m [2myukpomnang_backend::migrations::auto_migrate[0m[2m:[0m ✅ Tables avancées hôpitaux créées
1769795706782,[2m2026-01-30T17:55:06.782290Z[0m [32m INFO[0m [2myukpomnang_backend::migrations::auto_migrate[0m[2m:[0m ✅ Migration auto: hospital advanced tables OK
1769795706782,[2m2026-01-30T17:55:06.782297Z[0m [32m INFO[0m [2myukpomnang_backend::migrations::auto_migrate[0m[2m:[0m 🔍 Vérification/création de la table pharmacy_products...
1769795706786,"[2m2026-01-30T17:55:06.786017Z[0m [32m INFO[0m [2msqlx::postgres::notice[0m[2m:[0m relation ""pharmacy_products"" already exists, skipping"
1769795706789,"[2m2026-01-30T17:55:06.789050Z[0m [32m INFO[0m [2msqlx::postgres::notice[0m[2m:[0m relation ""idx_pharmacy_products_service_id"" already exists, skipping"
1769795706792,"[2m2026-01-30T17:55:06.792055Z[0m [32m INFO[0m [2msqlx::postgres::notice[0m[2m:[0m relation ""idx_pharmacy_products_nom"" already exists, skipping"
1769795706794,"[2m2026-01-30T17:55:06.794948Z[0m [32m INFO[0m [2msqlx::postgres::notice[0m[2m:[0m relation ""idx_pharmacy_products_disponible"" already exists, skipping"
1769795706797,"[2m2026-01-30T17:55:06.797500Z[0m [32m INFO[0m [2msqlx::postgres::notice[0m[2m:[0m relation ""idx_pharmacy_products_categorie"" already exists, skipping"
1769795706803,"[2m2026-01-30T17:55:06.803068Z[0m [32m INFO[0m [2msqlx::postgres::notice[0m[2m:[0m relation ""idx_pharmacy_products_prix"" already exists, skipping"
1769795706811,"[2m2026-01-30T17:55:06.811034Z[0m [32m INFO[0m [2msqlx::postgres::notice[0m[2m:[0m relation ""idx_pharmacy_products_search"" already exists, skipping"
1769795706839,[2m2026-01-30T17:55:06.839696Z[0m [32m INFO[0m [2myukpomnang_backend::migrations::auto_migrate[0m[2m:[0m ✅ Table pharmacy_products créée
1769795706839,[2m2026-01-30T17:55:06.839735Z[0m [32m INFO[0m [2myukpomnang_backend::migrations::auto_migrate[0m[2m:[0m ✅ Migration auto: pharmacy_products table OK
1769795706839,"[2m2026-01-30T17:55:06.839780Z[0m [32m INFO[0m [2myukpomnang_backend::migrations::auto_migrate[0m[2m:[0m 🔍 Vérification/création des tables avancées pharmacies (commandes, réservations, analytics)..."
1769795706842,"[2m2026-01-30T17:55:06.842511Z[0m [32m INFO[0m [2msqlx::postgres::notice[0m[2m:[0m relation ""pharmacy_orders"" already exists, skipping"
1769795706845,"[2m2026-01-30T17:55:06.845712Z[0m [32m INFO[0m [2msqlx::postgres::notice[0m[2m:[0m relation ""idx_pharmacy_orders_pharmacy"" already exists, skipping"
1769795706849,"[2m2026-01-30T17:55:06.849029Z[0m [32m INFO[0m [2msqlx::postgres::notice[0m[2m:[0m relation ""idx_pharmacy_orders_user"" already exists, skipping"
1769795706851,"[2m2026-01-30T17:55:06.851921Z[0m [32m INFO[0m [2msqlx::postgres::notice[0m[2m:[0m relation ""idx_pharmacy_orders_status"" already exists, skipping"
1769795706854,"[2m2026-01-30T17:55:06.854631Z[0m [32m INFO[0m [2msqlx::postgres::notice[0m[2m:[0m relation ""idx_pharmacy_orders_created"" already exists, skipping"
1769795706857,"[2m2026-01-30T17:55:06.857209Z[0m [32m INFO[0m [2msqlx::postgres::notice[0m[2m:[0m relation ""pharmacy_order_items"" already exists, skipping"
1769795706859,[2m2026-01-30T17:55:06.859887Z[0m [33m WARN[0m [2myukpomnang_backend::migrations::auto_migrate[0m[2m:[0m ⚠️ [MIGRATION CONSOLIDÉE] Erreur lors de l'exécution de la commande SQL:
1769795706859,[2m2026-01-30T17:55:06.859898Z[0m [33m WARN[0m [2myukpomnang_backend::migrations::auto_migrate[0m[2m:[0m    Commande (preview): CREATE INDEX IF NOT EXISTS idx_pharmacy_order_items_order ON pharmacy_order_items(order_id);
1769795706859,"[2m2026-01-30T17:55:06.859902Z[0m [33m WARN[0m [2myukpomnang_backend::migrations::auto_migrate[0m[2m:[0m    Erreur: error returned from database: column ""order_id"" does not exist"
1769795706862,[2m2026-01-30T17:55:06.862318Z[0m [33m WARN[0m [2myukpomnang_backend::migrations::auto_migrate[0m[2m:[0m ⚠️ [MIGRATION CONSOLIDÉE] Erreur lors de l'exécution de la commande SQL:
1769795706862,[2m2026-01-30T17:55:06.862329Z[0m [33m WARN[0m [2myukpomnang_backend::migrations::auto_migrate[0m[2m:[0m    Commande (preview): CREATE INDEX IF NOT EXISTS idx_pharmacy_order_items_medication ON pharmacy_order_items(medication_id);
1769795706862,"[2m2026-01-30T17:55:06.862333Z[0m [33m WARN[0m [2myukpomnang_backend::migrations::auto_migrate[0m[2m:[0m    Erreur: error returned from database: column ""medication_id"" does not exist"
1769795706865,"[2m2026-01-30T17:55:06.864970Z[0m [32m INFO[0m [2msqlx::postgres::notice[0m[2m:[0m relation ""pharmacy_reservations"" already exists, skipping"
1769795706867,[2m2026-01-30T17:55:06.867791Z[0m [33m WARN[0m [2myukpomnang_backend::migrations::auto_migrate[0m[2m:[0m ⚠️ [MIGRATION CONSOLIDÉE] Erreur lors de l'exécution de la commande SQL:
1769795706867,[2m2026-01-30T17:55:06.867802Z[0m [33m WARN[0m [2myukpomnang_backend::migrations::auto_migrate[0m[2m:[0m    Commande (preview): CREATE INDEX IF NOT EXISTS idx_pharmacy_reservations_pharmacy ON pharmacy_reservations(pharmacy_id);
1769795706867,"[2m2026-01-30T17:55:06.867861Z[0m [33m WARN[0m [2myukpomnang_backend::migrations::auto_migrate[0m[2m:[0m    Erreur: error returned from database: column ""pharmacy_id"" does not exist"
1769795706871,[2m2026-01-30T17:55:06.871136Z[0m [33m WARN[0m [2myukpomnang_backend::migrations::auto_migrate[0m[2m:[0m ⚠️ [MIGRATION CONSOLIDÉE] Erreur lors de l'exécution de la commande SQL:
1769795706871,[2m2026-01-30T17:55:06.871191Z[0m [33m WARN[0m [2myukpomnang_backend::migrations::auto_migrate[0m[2m:[0m    Commande (preview): CREATE INDEX IF NOT EXISTS idx_pharmacy_reservations_user ON pharmacy_reservations(user_id);
1769795706871,"[2m2026-01-30T17:55:06.871224Z[0m [33m WARN[0m [2myukpomnang_backend::migrations::auto_migrate[0m[2m:[0m    Erreur: error returned from database: column ""user_id"" does not exist"
1769795706874,[2m2026-01-30T17:55:06.874283Z[0m [33m WARN[0m [2myukpomnang_backend::migrations::auto_migrate[0m[2m:[0m ⚠️ [MIGRATION CONSOLIDÉE] Erreur lors de l'exécution de la commande SQL:
1769795706874,[2m2026-01-30T17:55:06.874322Z[0m [33m WARN[0m [2myukpomnang_backend::migrations::auto_migrate[0m[2m:[0m    Commande (preview): CREATE INDEX IF NOT EXISTS idx_pharmacy_reservations_medication ON pharmacy_reservations(medication_id);
1769795706874,"[2m2026-01-30T17:55:06.874352Z[0m [33m WARN[0m [2myukpomnang_backend::migrations::auto_migrate[0m[2m:[0m    Erreur: error returned from database: column ""medication_id"" does not exist"
1769795706877,[2m2026-01-30T17:55:06.877370Z[0m [33m WARN[0m [2myukpomnang_backend::migrations::auto_migrate[0m[2m:[0m ⚠️ [MIGRATION CONSOLIDÉE] Erreur lors de l'exécution de la commande SQL:
1769795706877,[2m2026-01-30T17:55:06.877406Z[0m [33m WARN[0m [2myukpomnang_backend::migrations::auto_migrate[0m[2m:[0m    Commande (preview): CREATE INDEX IF NOT EXISTS idx_pharmacy_reservations_status ON pharmacy_reservations(status);
1769795706877,"[2m2026-01-30T17:55:06.877434Z[0m [33m WARN[0m [2myukpomnang_backend::migrations::auto_migrate[0m[2m:[0m    Erreur: error returned from database: column ""status"" does not exist"
1769795706879,[2m2026-01-30T17:55:06.879940Z[0m [33m WARN[0m [2myukpomnang_backend::migrations::auto_migrate[0m[2m:[0m ⚠️ [MIGRATION CONSOLIDÉE] Erreur lors de l'exécution de la commande SQL:
1769795706879,[2m2026-01-30T17:55:06.879977Z[0m [33m WARN[0m [2myukpomnang_backend::migrations::auto_migrate[0m[2m:[0m    Commande (preview): CREATE INDEX IF NOT EXISTS idx_pharmacy_reservations_expiry ON pharmacy_reservations(expiry_time) WHERE status = 'pending';
1769795706880,"[2m2026-01-30T17:55:06.880002Z[0m [33m WARN[0m [2myukpomnang_backend::migrations::auto_migrate[0m[2m:[0m    Erreur: error returned from database: column ""status"" does not exist"
1769795706884,"[2m2026-01-30T17:55:06.884699Z[0m [32m INFO[0m [2msqlx::postgres::notice[0m[2m:[0m relation ""pharmacy_analytics"" already exists, skipping"
1769795706887,"[2m2026-01-30T17:55:06.887947Z[0m [32m INFO[0m [2msqlx::postgres::notice[0m[2m:[0m relation ""idx_pharmacy_analytics_pharmacy"" already exists, skipping"
1769795706891,"[2m2026-01-30T17:55:06.891302Z[0m [32m INFO[0m [2msqlx::postgres::notice[0m[2m:[0m relation ""idx_pharmacy_analytics_date"" already exists, skipping"
1769795706909,[2m2026-01-30T17:55:06.909331Z[0m [32m INFO[0m [2myukpomnang_backend::migrations::auto_migrate[0m[2m:[0m ✅ Tables avancées pharmacies créées
1769795706909,[2m2026-01-30T17:55:06.909374Z[0m [32m INFO[0m [2myukpomnang_backend::migrations::auto_migrate[0m[2m:[0m ✅ Migration auto: pharmacy advanced tables OK
1769795706909,"[2m2026-01-30T17:55:06.909401Z[0m [32m INFO[0m [2myukpomnang_backend::migrations::auto_migrate[0m[2m:[0m 🔍 Vérification/création des tables avancées laboratoires (examens, types, analytics)..."
1769795706911,"[2m2026-01-30T17:55:06.911941Z[0m [32m INFO[0m [2msqlx::postgres::notice[0m[2m:[0m relation ""lab_examination_types"" already exists, skipping"
1769795706914,"[2m2026-01-30T17:55:06.914458Z[0m [32m INFO[0m [2msqlx::postgres::notice[0m[2m:[0m relation ""idx_lab_examination_types_lab"" already exists, skipping"
1769795706917,"[2m2026-01-30T17:55:06.917324Z[0m [32m INFO[0m [2msqlx::postgres::notice[0m[2m:[0m relation ""idx_lab_examination_types_category"" already exists, skipping"
1769795706919,"[2m2026-01-30T17:55:06.919922Z[0m [32m INFO[0m [2msqlx::postgres::notice[0m[2m:[0m relation ""idx_lab_examination_types_available"" already exists, skipping"
1769795706923,"[2m2026-01-30T17:55:06.923878Z[0m [32m INFO[0m [2msqlx::postgres::notice[0m[2m:[0m relation ""lab_examinations"" already exists, skipping"
1769795706927,"[2m2026-01-30T17:55:06.927664Z[0m [32m INFO[0m [2msqlx::postgres::notice[0m[2m:[0m relation ""idx_lab_examinations_lab"" already exists, skipping"
1769795706930,"[2m2026-01-30T17:55:06.930585Z[0m [32m INFO[0m [2msqlx::postgres::notice[0m[2m:[0m relation ""idx_lab_examinations_user"" already exists, skipping"
1769795706934,"[2m2026-01-30T17:55:06.934768Z[0m [32m INFO[0m [2msqlx::postgres::notice[0m[2m:[0m relation ""idx_lab_examinations_type"" already exists, skipping"
1769795706944,"[2m2026-01-30T17:55:06.944551Z[0m [32m INFO[0m [2msqlx::postgres::notice[0m[2m:[0m relation ""idx_lab_examinations_status"" already exists, skipping"
1769795706946,"[2m2026-01-30T17:55:06.946964Z[0m [32m INFO[0m [2msqlx::postgres::notice[0m[2m:[0m relation ""idx_lab_examinations_date"" already exists, skipping"
1769795706949,"[2m2026-01-30T17:55:06.949492Z[0m [32m INFO[0m [2msqlx::postgres::notice[0m[2m:[0m relation ""idx_lab_examinations_results_available"" already exists, skipping"
1769795706952,"[2m2026-01-30T17:55:06.951969Z[0m [32m INFO[0m [2msqlx::postgres::notice[0m[2m:[0m relation ""lab_analytics"" already exists, skipping"
1769795706954,"[2m2026-01-30T17:55:06.954391Z[0m [32m INFO[0m [2msqlx::postgres::notice[0m[2m:[0m relation ""idx_lab_analytics_lab"" already exists, skipping"
1769795706956,"[2m2026-01-30T17:55:06.956847Z[0m [32m INFO[0m [2msqlx::postgres::notice[0m[2m:[0m relation ""idx_lab_analytics_date"" already exists, skipping"
1769795706971,[2m2026-01-30T17:55:06.971797Z[0m [32m INFO[0m [2myukpomnang_backend::migrations::auto_migrate[0m[2m:[0m ✅ Tables avancées laboratoires créées
1769795706971,[2m2026-01-30T17:55:06.971834Z[0m [32m INFO[0m [2myukpomnang_backend::migrations::auto_migrate[0m[2m:[0m ✅ Migration auto: lab advanced tables OK
1769795706971,"[2m2026-01-30T17:55:06.971850Z[0m [32m INFO[0m [2myukpomnang_backend::migrations::auto_migrate[0m[2m:[0m 🔍 Vérification/création des tables avancées bourse du livre (échanges, recommandations IA, prix, analytics)..."
1769795706974,"[2m2026-01-30T17:55:06.974148Z[0m [32m INFO[0m [2msqlx::postgres::notice[0m[2m:[0m extension ""postgis"" already exists, skipping"
1769795706976,"[2m2026-01-30T17:55:06.976558Z[0m [32m INFO[0m [2msqlx::postgres::notice[0m[2m:[0m relation ""book_exchanges"" already exists, skipping"
1769795706979,"[2m2026-01-30T17:55:06.979130Z[0m [32m INFO[0m [2msqlx::postgres::notice[0m[2m:[0m relation ""idx_book_exchanges_livre_offert"" already exists, skipping"
1769795706981,"[2m2026-01-30T17:55:06.981634Z[0m [32m INFO[0m [2msqlx::postgres::notice[0m[2m:[0m relation ""idx_book_exchanges_livre_souhaite"" already exists, skipping"
1769795706984,"[2m2026-01-30T17:55:06.984084Z[0m [32m INFO[0m [2msqlx::postgres::notice[0m[2m:[0m relation ""idx_book_exchanges_initiateur"" already exists, skipping"
1769795706986,"[2m2026-01-30T17:55:06.986550Z[0m [32m INFO[0m [2msqlx::postgres::notice[0m[2m:[0m relation ""idx_book_exchanges_participant"" already exists, skipping"
1769795706989,"[2m2026-01-30T17:55:06.989050Z[0m [32m INFO[0m [2msqlx::postgres::notice[0m[2m:[0m relation ""idx_book_exchanges_statut"" already exists, skipping"
1769795706991,"[2m2026-01-30T17:55:06.991938Z[0m [32m INFO[0m [2msqlx::postgres::notice[0m[2m:[0m relation ""idx_book_exchanges_troc"" already exists, skipping"
1769795706994,"[2m2026-01-30T17:55:06.994359Z[0m [32m INFO[0m [2msqlx::postgres::notice[0m[2m:[0m relation ""book_recommendations"" already exists, skipping"
1769795706997,"[2m2026-01-30T17:55:06.997031Z[0m [32m INFO[0m [2msqlx::postgres::notice[0m[2m:[0m relation ""idx_book_recommendations_user"" already exists, skipping"
1769795707000,"[2m2026-01-30T17:55:07.000035Z[0m [32m INFO[0m [2msqlx::postgres::notice[0m[2m:[0m relation ""idx_book_recommendations_livre"" already exists, skipping"
1769795707002,"[2m2026-01-30T17:55:07.002853Z[0m [32m INFO[0m [2msqlx::postgres::notice[0m[2m:[0m relation ""idx_book_recommendations_score"" already exists, skipping"
1769795707005,"[2m2026-01-30T17:55:07.005447Z[0m [32m INFO[0m [2msqlx::postgres::notice[0m[2m:[0m relation ""idx_book_recommendations_expires"" already exists, skipping"
1769795707012,"[2m2026-01-30T17:55:07.012132Z[0m [32m INFO[0m [2msqlx::postgres::notice[0m[2m:[0m relation ""book_price_history"" already exists, skipping"
1769795707014,"[2m2026-01-30T17:55:07.014761Z[0m [32m INFO[0m [2msqlx::postgres::notice[0m[2m:[0m relation ""idx_book_price_history_livre"" already exists, skipping"
1769795707020,"[2m2026-01-30T17:55:07.020614Z[0m [32m INFO[0m [2msqlx::postgres::notice[0m[2m:[0m relation ""idx_book_price_history_isbn"" already exists, skipping"
1769795707023,"[2m2026-01-30T17:55:07.023266Z[0m [32m INFO[0m [2msqlx::postgres::notice[0m[2m:[0m relation ""idx_book_price_history_classe_matiere"" already exists, skipping"
1769795707026,"[2m2026-01-30T17:55:07.025979Z[0m [32m INFO[0m [2msqlx::postgres::notice[0m[2m:[0m relation ""idx_book_price_history_ville"" already exists, skipping"
1769795707028,"[2m2026-01-30T17:55:07.028576Z[0m [32m INFO[0m [2msqlx::postgres::notice[0m[2m:[0m relation ""idx_book_price_history_date"" already exists, skipping"
1769795707031,"[2m2026-01-30T17:55:07.031121Z[0m [32m INFO[0m [2msqlx::postgres::notice[0m[2m:[0m relation ""idx_book_price_history_verified"" already exists, skipping"
1769795707033,"[2m2026-01-30T17:55:07.033707Z[0m [32m INFO[0m [2msqlx::postgres::notice[0m[2m:[0m relation ""book_analytics"" already exists, skipping"
1769795707036,"[2m2026-01-30T17:55:07.036285Z[0m [32m INFO[0m [2msqlx::postgres::notice[0m[2m:[0m relation ""idx_book_analytics_user"" already exists, skipping"
1769795707038,"[2m2026-01-30T17:55:07.038765Z[0m [32m INFO[0m [2msqlx::postgres::notice[0m[2m:[0m relation ""idx_book_analytics_livre"" already exists, skipping"
1769795707041,"[2m2026-01-30T17:55:07.041119Z[0m [32m INFO[0m [2msqlx::postgres::notice[0m[2m:[0m relation ""idx_book_analytics_periode"" already exists, skipping"
1769795707092,[2m2026-01-30T17:55:07.092006Z[0m [32m INFO[0m [2myukpomnang_backend::migrations::auto_migrate[0m[2m:[0m ✅ Tables avancées bourse du livre créées
1769795707092,[2m2026-01-30T17:55:07.092063Z[0m [32m INFO[0m [2myukpomnang_backend::migrations::auto_migrate[0m[2m:[0m ✅ Migration auto: bourse livre advanced tables OK
1769795707092,"[2m2026-01-30T17:55:07.092082Z[0m [32m INFO[0m [2myukpomnang_backend::migrations::auto_migrate[0m[2m:[0m 🔍 Vérification/création des tables avancées orientation scolaire (profils, recommandations IA, comparaisons, analytics)..."
1769795707094,"[2m2026-01-30T17:55:07.094541Z[0m [32m INFO[0m [2msqlx::postgres::notice[0m[2m:[0m extension ""postgis"" already exists, skipping"
1769795707097,"[2m2026-01-30T17:55:07.097299Z[0m [32m INFO[0m [2msqlx::postgres::notice[0m[2m:[0m relation ""student_profiles"" already exists, skipping"
1769795707100,"[2m2026-01-30T17:55:07.100062Z[0m [32m INFO[0m [2msqlx::postgres::notice[0m[2m:[0m relation ""idx_student_profiles_user"" already exists, skipping"
1769795707102,"[2m2026-01-30T17:55:07.102889Z[0m [32m INFO[0m [2msqlx::postgres::notice[0m[2m:[0m relation ""idx_student_profiles_niveau"" already exists, skipping"
1769795707105,"[2m2026-01-30T17:55:07.105816Z[0m [32m INFO[0m [2msqlx::postgres::notice[0m[2m:[0m relation ""idx_student_profiles_location"" already exists, skipping"
1769795707110,"[2m2026-01-30T17:55:07.110625Z[0m [32m INFO[0m [2msqlx::postgres::notice[0m[2m:[0m relation ""idx_student_profiles_complete"" already exists, skipping"
1769795707113,"[2m2026-01-30T17:55:07.112989Z[0m [32m INFO[0m [2msqlx::postgres::notice[0m[2m:[0m relation ""program_recommendations"" already exists, skipping"
1769795707115,"[2m2026-01-30T17:55:07.115530Z[0m [32m INFO[0m [2msqlx::postgres::notice[0m[2m:[0m relation ""idx_program_recommendations_profile"" already exists, skipping"
1769795707118,"[2m2026-01-30T17:55:07.117993Z[0m [32m INFO[0m [2msqlx::postgres::notice[0m[2m:[0m relation ""idx_program_recommendations_etablissement"" already exists, skipping"
1769795707120,"[2m2026-01-30T17:55:07.120386Z[0m [32m INFO[0m [2msqlx::postgres::notice[0m[2m:[0m relation ""idx_program_recommendations_score"" already exists, skipping"
1769795707122,"[2m2026-01-30T17:55:07.122943Z[0m [32m INFO[0m [2msqlx::postgres::notice[0m[2m:[0m relation ""idx_program_recommendations_type"" already exists, skipping"
1769795707125,"[2m2026-01-30T17:55:07.125440Z[0m [32m INFO[0m [2msqlx::postgres::notice[0m[2m:[0m relation ""idx_program_recommendations_expires"" already exists, skipping"
1769795707127,"[2m2026-01-30T17:55:07.127869Z[0m [32m INFO[0m [2msqlx::postgres::notice[0m[2m:[0m relation ""program_comparisons"" already exists, skipping"
1769795707130,"[2m2026-01-30T17:55:07.130267Z[0m [32m INFO[0m [2msqlx::postgres::notice[0m[2m:[0m relation ""idx_program_comparisons_profile"" already exists, skipping"
1769795707132,"[2m2026-01-30T17:55:07.132711Z[0m [32m INFO[0m [2msqlx::postgres::notice[0m[2m:[0m relation ""idx_program_comparisons_etablissement_1"" already exists, skipping"
1769795707135,"[2m2026-01-30T17:55:07.135244Z[0m [32m INFO[0m [2msqlx::postgres::notice[0m[2m:[0m relation ""idx_program_comparisons_etablissement_2"" already exists, skipping"
1769795707137,"[2m2026-01-30T17:55:07.137534Z[0m [32m INFO[0m [2msqlx::postgres::notice[0m[2m:[0m relation ""idx_program_comparisons_expires"" already exists, skipping"
1769795707139,"[2m2026-01-30T17:55:07.139881Z[0m [32m INFO[0m [2msqlx::postgres::notice[0m[2m:[0m relation ""orientation_analytics"" already exists, skipping"
1769795707142,"[2m2026-01-30T17:55:07.142272Z[0m [32m INFO[0m [2msqlx::postgres::notice[0m[2m:[0m relation ""idx_orientation_analytics_etablissement"" already exists, skipping"
1769795707144,"[2m2026-01-30T17:55:07.144836Z[0m [32m INFO[0m [2msqlx::postgres::notice[0m[2m:[0m relation ""idx_orientation_analytics_user"" already exists, skipping"
1769795707147,"[2m2026-01-30T17:55:07.147449Z[0m [32m INFO[0m [2msqlx::postgres::notice[0m[2m:[0m relation ""idx_orientation_analytics_periode"" already exists, skipping"
1769795707189,[2m2026-01-30T17:55:07.189661Z[0m [32m INFO[0m [2myukpomnang_backend::migrations::auto_migrate[0m[2m:[0m ✅ Tables avancées orientation scolaire créées
1769795707189,[2m2026-01-30T17:55:07.189687Z[0m [32m INFO[0m [2myukpomnang_backend::migrations::auto_migrate[0m[2m:[0m ✅ Migration auto: orientation scolaire advanced tables OK
1769795707189,"[2m2026-01-30T17:55:07.189696Z[0m [32m INFO[0m [2myukpomnang_backend::migrations::auto_migrate[0m[2m:[0m 🔍 Vérification/création des tables avancées offres d'emploi (matching IA, analyse CV, prédictions, formations)..."
1769795707192,"[2m2026-01-30T17:55:07.192134Z[0m [32m INFO[0m [2msqlx::postgres::notice[0m[2m:[0m extension ""postgis"" already exists, skipping"
1769795707199,"[2m2026-01-30T17:55:07.199590Z[0m [32m INFO[0m [2msqlx::postgres::notice[0m[2m:[0m relation ""idx_matching_ai_score"" already exists, skipping"
1769795707202,"[2m2026-01-30T17:55:07.202057Z[0m [32m INFO[0m [2msqlx::postgres::notice[0m[2m:[0m relation ""cv_ai_analyses"" already exists, skipping"
1769795707204,"[2m2026-01-30T17:55:07.204576Z[0m [32m INFO[0m [2msqlx::postgres::notice[0m[2m:[0m relation ""idx_cv_ai_analyses_candidat"" already exists, skipping"
1769795707207,"[2m2026-01-30T17:55:07.206999Z[0m [32m INFO[0m [2msqlx::postgres::notice[0m[2m:[0m relation ""idx_cv_ai_analyses_profil"" already exists, skipping"
1769795707209,"[2m2026-01-30T17:55:07.209462Z[0m [32m INFO[0m [2msqlx::postgres::notice[0m[2m:[0m relation ""idx_cv_ai_analyses_score"" already exists, skipping"
1769795707211,"[2m2026-01-30T17:55:07.211817Z[0m [32m INFO[0m [2msqlx::postgres::notice[0m[2m:[0m relation ""idx_cv_ai_analyses_expires"" already exists, skipping"
1769795707214,"[2m2026-01-30T17:55:07.214124Z[0m [32m INFO[0m [2msqlx::postgres::notice[0m[2m:[0m relation ""salary_predictions"" already exists, skipping"
1769795707216,"[2m2026-01-30T17:55:07.216506Z[0m [32m INFO[0m [2msqlx::postgres::notice[0m[2m:[0m relation ""idx_salary_predictions_offre"" already exists, skipping"
1769795707218,"[2m2026-01-30T17:55:07.218825Z[0m [32m INFO[0m [2msqlx::postgres::notice[0m[2m:[0m relation ""idx_salary_predictions_candidat"" already exists, skipping"
1769795707221,"[2m2026-01-30T17:55:07.221263Z[0m [32m INFO[0m [2msqlx::postgres::notice[0m[2m:[0m relation ""idx_salary_predictions_titre_secteur"" already exists, skipping"
1769795707223,"[2m2026-01-30T17:55:07.223603Z[0m [32m INFO[0m [2msqlx::postgres::notice[0m[2m:[0m relation ""idx_salary_predictions_expires"" already exists, skipping"
1769795707226,"[2m2026-01-30T17:55:07.225960Z[0m [32m INFO[0m [2msqlx::postgres::notice[0m[2m:[0m relation ""formation_suggestions"" already exists, skipping"
1769795707228,"[2m2026-01-30T17:55:07.228355Z[0m [32m INFO[0m [2msqlx::postgres::notice[0m[2m:[0m relation ""idx_formation_suggestions_candidat"" already exists, skipping"
1769795707230,"[2m2026-01-30T17:55:07.230634Z[0m [32m INFO[0m [2msqlx::postgres::notice[0m[2m:[0m relation ""idx_formation_suggestions_offre"" already exists, skipping"
1769795707233,"[2m2026-01-30T17:55:07.232981Z[0m [32m INFO[0m [2msqlx::postgres::notice[0m[2m:[0m relation ""idx_formation_suggestions_expires"" already exists, skipping"
1769795707235,"[2m2026-01-30T17:55:07.235417Z[0m [32m INFO[0m [2msqlx::postgres::notice[0m[2m:[0m relation ""emploi_analytics_advanced"" already exists, skipping"
1769795707237,"[2m2026-01-30T17:55:07.237746Z[0m [32m INFO[0m [2msqlx::postgres::notice[0m[2m:[0m relation ""idx_emploi_analytics_advanced_offre"" already exists, skipping"
1769795707240,"[2m2026-01-30T17:55:07.240072Z[0m [32m INFO[0m [2msqlx::postgres::notice[0m[2m:[0m relation ""idx_emploi_analytics_advanced_entreprise"" already exists, skipping"
1769795707242,"[2m2026-01-30T17:55:07.242361Z[0m [32m INFO[0m [2msqlx::postgres::notice[0m[2m:[0m relation ""idx_emploi_analytics_advanced_periode"" already exists, skipping"
1769795707285,[2m2026-01-30T17:55:07.285676Z[0m [32m INFO[0m [2myukpomnang_backend::migrations::auto_migrate[0m[2m:[0m ✅ Tables avancées offres d'emploi créées
1769795707285,[2m2026-01-30T17:55:07.285711Z[0m [32m INFO[0m [2myukpomnang_backend::migrations::auto_migrate[0m[2m:[0m ✅ Migration auto: offres emploi advanced tables OK
1769795707285,"[2m2026-01-30T17:55:07.285719Z[0m [32m INFO[0m [2myukpomnang_backend::migrations::auto_migrate[0m[2m:[0m 🔍 Vérification/création des tables immobilier complet (vente/location, terrains, décoration, déménagement)..."
1769795707288,"[2m2026-01-30T17:55:07.288495Z[0m [32m INFO[0m [2msqlx::postgres::notice[0m[2m:[0m relation ""real_estate_properties"" already exists, skipping"
1769795707290,"[2m2026-01-30T17:55:07.290919Z[0m [32m INFO[0m [2msqlx::postgres::notice[0m[2m:[0m relation ""idx_real_estate_user_id"" already exists, skipping"
1769795707293,"[2m2026-01-30T17:55:07.293361Z[0m [32m INFO[0m [2msqlx::postgres::notice[0m[2m:[0m relation ""idx_real_estate_service_id"" already exists, skipping"
1769795707295,"[2m2026-01-30T17:55:07.295794Z[0m [32m INFO[0m [2msqlx::postgres::notice[0m[2m:[0m relation ""idx_real_estate_is_active"" already exists, skipping"
1769795707298,"[2m2026-01-30T17:55:07.298136Z[0m [32m INFO[0m [2msqlx::postgres::notice[0m[2m:[0m relation ""idx_real_estate_type_bien"" already exists, skipping"
1769795707300,"[2m2026-01-30T17:55:07.300549Z[0m [32m INFO[0m [2msqlx::postgres::notice[0m[2m:[0m relation ""idx_real_estate_statut"" already exists, skipping"
1769795707303,"[2m2026-01-30T17:55:07.302994Z[0m [32m INFO[0m [2msqlx::postgres::notice[0m[2m:[0m relation ""idx_real_estate_ville"" already exists, skipping"
1769795707305,"[2m2026-01-30T17:55:07.305689Z[0m [32m INFO[0m [2msqlx::postgres::notice[0m[2m:[0m relation ""idx_real_estate_quartier"" already exists, skipping"
1769795707308,"[2m2026-01-30T17:55:07.308230Z[0m [32m INFO[0m [2msqlx::postgres::notice[0m[2m:[0m relation ""idx_real_estate_prix_vente"" already exists, skipping"
1769795707310,"[2m2026-01-30T17:55:07.310757Z[0m [32m INFO[0m [2msqlx::postgres::notice[0m[2m:[0m relation ""idx_real_estate_prix_location"" already exists, skipping"
1769795707313,"[2m2026-01-30T17:55:07.313310Z[0m [32m INFO[0m [2msqlx::postgres::notice[0m[2m:[0m relation ""idx_real_estate_superficie"" already exists, skipping"
1769795707315,"[2m2026-01-30T17:55:07.315795Z[0m [32m INFO[0m [2msqlx::postgres::notice[0m[2m:[0m relation ""idx_real_estate_nb_chambres"" already exists, skipping"
1769795707318,"[2m2026-01-30T17:55:07.318130Z[0m [32m INFO[0m [2msqlx::postgres::notice[0m[2m:[0m relation ""idx_real_estate_available_now"" already exists, skipping"
1769795707320,"[2m2026-01-30T17:55:07.320466Z[0m [32m INFO[0m [2msqlx::postgres::notice[0m[2m:[0m relation ""property_visits"" already exists, skipping"
1769795707322,"[2m2026-01-30T17:55:07.322771Z[0m [32m INFO[0m [2msqlx::postgres::notice[0m[2m:[0m relation ""idx_property_visits_property_id"" already exists, skipping"
1769795707325,"[2m2026-01-30T17:55:07.325123Z[0m [32m INFO[0m [2msqlx::postgres::notice[0m[2m:[0m relation ""idx_property_visits_user_id"" already exists, skipping"
1769795707328,"[2m2026-01-30T17:55:07.328390Z[0m [32m INFO[0m [2msqlx::postgres::notice[0m[2m:[0m relation ""idx_property_visits_date"" already exists, skipping"
1769795707331,"[2m2026-01-30T17:55:07.331490Z[0m [32m INFO[0m [2msqlx::postgres::notice[0m[2m:[0m relation ""idx_property_visits_status"" already exists, skipping"
1769795707335,"[2m2026-01-30T17:55:07.335141Z[0m [32m INFO[0m [2msqlx::postgres::notice[0m[2m:[0m relation ""property_photos"" already exists, skipping"
1769795707338,"[2m2026-01-30T17:55:07.338639Z[0m [32m INFO[0m [2msqlx::postgres::notice[0m[2m:[0m relation ""idx_property_photos_property_id"" already exists, skipping"
1769795707341,"[2m2026-01-30T17:55:07.341509Z[0m [32m INFO[0m [2msqlx::postgres::notice[0m[2m:[0m relation ""idx_property_photos_ordre"" already exists, skipping"
1769795707344,"[2m2026-01-30T17:55:07.344350Z[0m [32m INFO[0m [2msqlx::postgres::notice[0m[2m:[0m relation ""property_availability"" already exists, skipping"
1769795707348,"[2m2026-01-30T17:55:07.348023Z[0m [32m INFO[0m [2msqlx::postgres::notice[0m[2m:[0m relation ""idx_property_availability_property_id"" already exists, skipping"
1769795707350,"[2m2026-01-30T17:55:07.350427Z[0m [32m INFO[0m [2msqlx::postgres::notice[0m[2m:[0m relation ""idx_property_availability_dates"" already exists, skipping"
1769795707353,"[2m2026-01-30T17:55:07.353086Z[0m [32m INFO[0m [2msqlx::postgres::notice[0m[2m:[0m relation ""idx_property_availability_disponible"" already exists, skipping"
1769795707355,"[2m2026-01-30T17:55:07.355348Z[0m [32m INFO[0m [2msqlx::postgres::notice[0m[2m:[0m relation ""real_estate_analytics"" already exists, skipping"
1769795707357,"[2m2026-01-30T17:55:07.357692Z[0m [32m INFO[0m [2msqlx::postgres::notice[0m[2m:[0m relation ""idx_real_estate_analytics_property_id"" already exists, skipping"
1769795707360,"[2m2026-01-30T17:55:07.360070Z[0m [32m INFO[0m [2msqlx::postgres::notice[0m[2m:[0m relation ""idx_real_estate_analytics_date"" already exists, skipping"
1769795707362,"[2m2026-01-30T17:55:07.362413Z[0m [32m INFO[0m [2msqlx::postgres::notice[0m[2m:[0m relation ""land_properties"" already exists, skipping"
1769795707364,"[2m2026-01-30T17:55:07.364839Z[0m [32m INFO[0m [2msqlx::postgres::notice[0m[2m:[0m relation ""idx_land_user_id"" already exists, skipping"
1769795707367,"[2m2026-01-30T17:55:07.367232Z[0m [32m INFO[0m [2msqlx::postgres::notice[0m[2m:[0m relation ""idx_land_service_id"" already exists, skipping"
1769795707370,"[2m2026-01-30T17:55:07.370171Z[0m [32m INFO[0m [2msqlx::postgres::notice[0m[2m:[0m relation ""idx_land_is_active"" already exists, skipping"
1769795707372,"[2m2026-01-30T17:55:07.372592Z[0m [32m INFO[0m [2msqlx::postgres::notice[0m[2m:[0m relation ""idx_land_type_terrain"" already exists, skipping"
1769795707374,"[2m2026-01-30T17:55:07.374940Z[0m [32m INFO[0m [2msqlx::postgres::notice[0m[2m:[0m relation ""idx_land_ville"" already exists, skipping"
1769795707377,"[2m2026-01-30T17:55:07.377350Z[0m [32m INFO[0m [2msqlx::postgres::notice[0m[2m:[0m relation ""idx_land_quartier"" already exists, skipping"
1769795707379,"[2m2026-01-30T17:55:07.379792Z[0m [32m INFO[0m [2msqlx::postgres::notice[0m[2m:[0m relation ""idx_land_prix"" already exists, skipping"
1769795707382,"[2m2026-01-30T17:55:07.382261Z[0m [32m INFO[0m [2msqlx::postgres::notice[0m[2m:[0m relation ""idx_land_superficie"" already exists, skipping"
1769795707384,"[2m2026-01-30T17:55:07.384565Z[0m [32m INFO[0m [2msqlx::postgres::notice[0m[2m:[0m relation ""land_visits"" already exists, skipping"
1769795707386,"[2m2026-01-30T17:55:07.386907Z[0m [32m INFO[0m [2msqlx::postgres::notice[0m[2m:[0m relation ""idx_land_visits_land_id"" already exists, skipping"
1769795707389,"[2m2026-01-30T17:55:07.389273Z[0m [32m INFO[0m [2msqlx::postgres::notice[0m[2m:[0m relation ""idx_land_visits_user_id"" already exists, skipping"
1769795707391,"[2m2026-01-30T17:55:07.391614Z[0m [32m INFO[0m [2msqlx::postgres::notice[0m[2m:[0m relation ""idx_land_visits_date"" already exists, skipping"
1769795707394,"[2m2026-01-30T17:55:07.394003Z[0m [32m INFO[0m [2msqlx::postgres::notice[0m[2m:[0m relation ""land_documents"" already exists, skipping"
1769795707396,"[2m2026-01-30T17:55:07.396463Z[0m [32m INFO[0m [2msqlx::postgres::notice[0m[2m:[0m relation ""idx_land_documents_land_id"" already exists, skipping"
1769795707398,"[2m2026-01-30T17:55:07.398807Z[0m [32m INFO[0m [2msqlx::postgres::notice[0m[2m:[0m relation ""idx_land_documents_type"" already exists, skipping"
1769795707401,"[2m2026-01-30T17:55:07.401125Z[0m [32m INFO[0m [2msqlx::postgres::notice[0m[2m:[0m relation ""land_analytics"" already exists, skipping"
1769795707403,"[2m2026-01-30T17:55:07.403477Z[0m [32m INFO[0m [2msqlx::postgres::notice[0m[2m:[0m relation ""idx_land_analytics_land_id"" already exists, skipping"
1769795707405,"[2m2026-01-30T17:55:07.405864Z[0m [32m INFO[0m [2msqlx::postgres::notice[0m[2m:[0m relation ""idx_land_analytics_date"" already exists, skipping"
1769795707408,"[2m2026-01-30T17:55:07.408234Z[0m [32m INFO[0m [2msqlx::postgres::notice[0m[2m:[0m relation ""interior_design_projects"" already exists, skipping"
1769795707410,"[2m2026-01-30T17:55:07.410640Z[0m [32m INFO[0m [2msqlx::postgres::notice[0m[2m:[0m relation ""idx_design_user_id"" already exists, skipping"
1769795707413,"[2m2026-01-30T17:55:07.413427Z[0m [32m INFO[0m [2msqlx::postgres::notice[0m[2m:[0m relation ""idx_design_service_id"" already exists, skipping"
1769795707415,"[2m2026-01-30T17:55:07.415849Z[0m [32m INFO[0m [2msqlx::postgres::notice[0m[2m:[0m relation ""idx_design_is_active"" already exists, skipping"
1769795707418,"[2m2026-01-30T17:55:07.418678Z[0m [32m INFO[0m [2msqlx::postgres::notice[0m[2m:[0m relation ""idx_design_type_projet"" already exists, skipping"
1769795707422,"[2m2026-01-30T17:55:07.422639Z[0m [32m INFO[0m [2msqlx::postgres::notice[0m[2m:[0m relation ""idx_design_style"" already exists, skipping"
1769795707427,"[2m2026-01-30T17:55:07.427449Z[0m [32m INFO[0m [2msqlx::postgres::notice[0m[2m:[0m relation ""idx_design_ville"" already exists, skipping"
1769795707430,"[2m2026-01-30T17:55:07.430315Z[0m [32m INFO[0m [2msqlx::postgres::notice[0m[2m:[0m relation ""design_consultations"" already exists, skipping"
1769795707432,"[2m2026-01-30T17:55:07.432695Z[0m [32m INFO[0m [2msqlx::postgres::notice[0m[2m:[0m relation ""idx_design_consultations_project_id"" already exists, skipping"
1769795707435,"[2m2026-01-30T17:55:07.435190Z[0m [32m INFO[0m [2msqlx::postgres::notice[0m[2m:[0m relation ""idx_design_consultations_user_id"" already exists, skipping"
1769795707437,"[2m2026-01-30T17:55:07.437630Z[0m [32m INFO[0m [2msqlx::postgres::notice[0m[2m:[0m relation ""idx_design_consultations_date"" already exists, skipping"
1769795707441,"[2m2026-01-30T17:55:07.441056Z[0m [32m INFO[0m [2msqlx::postgres::notice[0m[2m:[0m relation ""design_portfolio"" already exists, skipping"
1769795707443,"[2m2026-01-30T17:55:07.443444Z[0m [32m INFO[0m [2msqlx::postgres::notice[0m[2m:[0m relation ""idx_design_portfolio_project_id"" already exists, skipping"
1769795707446,"[2m2026-01-30T17:55:07.446036Z[0m [32m INFO[0m [2msqlx::postgres::notice[0m[2m:[0m relation ""idx_design_portfolio_type"" already exists, skipping"
1769795707448,"[2m2026-01-30T17:55:07.448465Z[0m [32m INFO[0m [2msqlx::postgres::notice[0m[2m:[0m relation ""idx_design_portfolio_ordre"" already exists, skipping"
1769795707450,"[2m2026-01-30T17:55:07.450940Z[0m [32m INFO[0m [2msqlx::postgres::notice[0m[2m:[0m relation ""design_analytics"" already exists, skipping"
1769795707454,"[2m2026-01-30T17:55:07.454036Z[0m [32m INFO[0m [2msqlx::postgres::notice[0m[2m:[0m relation ""idx_design_analytics_project_id"" already exists, skipping"
1769795707456,"[2m2026-01-30T17:55:07.456324Z[0m [32m INFO[0m [2msqlx::postgres::notice[0m[2m:[0m relation ""idx_design_analytics_date"" already exists, skipping"
1769795707459,"[2m2026-01-30T17:55:07.459592Z[0m [32m INFO[0m [2msqlx::postgres::notice[0m[2m:[0m relation ""moving_quotes"" already exists, skipping"
1769795707462,"[2m2026-01-30T17:55:07.462371Z[0m [32m INFO[0m [2msqlx::postgres::notice[0m[2m:[0m relation ""idx_moving_quotes_service_id"" already exists, skipping"
1769795707465,"[2m2026-01-30T17:55:07.465516Z[0m [32m INFO[0m [2msqlx::postgres::notice[0m[2m:[0m relation ""idx_moving_quotes_user_id"" already exists, skipping"
1769795707469,"[2m2026-01-30T17:55:07.468994Z[0m [32m INFO[0m [2msqlx::postgres::notice[0m[2m:[0m relation ""idx_moving_quotes_date"" already exists, skipping"
1769795707472,"[2m2026-01-30T17:55:07.472183Z[0m [32m INFO[0m [2msqlx::postgres::notice[0m[2m:[0m relation ""idx_moving_quotes_status"" already exists, skipping"
1769795707474,"[2m2026-01-30T17:55:07.474734Z[0m [32m INFO[0m [2msqlx::postgres::notice[0m[2m:[0m relation ""moving_bookings"" already exists, skipping"
1769795707477,"[2m2026-01-30T17:55:07.477220Z[0m [32m INFO[0m [2msqlx::postgres::notice[0m[2m:[0m relation ""idx_moving_bookings_service_id"" already exists, skipping"
1769795707479,"[2m2026-01-30T17:55:07.479633Z[0m [32m INFO[0m [2msqlx::postgres::notice[0m[2m:[0m relation ""idx_moving_bookings_user_id"" already exists, skipping"
1769795707482,"[2m2026-01-30T17:55:07.481976Z[0m [32m INFO[0m [2msqlx::postgres::notice[0m[2m:[0m relation ""idx_moving_bookings_date"" already exists, skipping"
1769795707491,"[2m2026-01-30T17:55:07.490986Z[0m [32m INFO[0m [2msqlx::postgres::notice[0m[2m:[0m relation ""idx_moving_bookings_status"" already exists, skipping"
1769795707493,"[2m2026-01-30T17:55:07.493539Z[0m [32m INFO[0m [2msqlx::postgres::notice[0m[2m:[0m relation ""moving_tracking"" already exists, skipping"
1769795707495,"[2m2026-01-30T17:55:07.495830Z[0m [32m INFO[0m [2msqlx::postgres::notice[0m[2m:[0m relation ""idx_moving_tracking_booking_id"" already exists, skipping"
1769795707498,"[2m2026-01-30T17:55:07.498196Z[0m [32m INFO[0m [2msqlx::postgres::notice[0m[2m:[0m relation ""idx_moving_tracking_timestamp"" already exists, skipping"
1769795707501,"[2m2026-01-30T17:55:07.501380Z[0m [32m INFO[0m [2msqlx::postgres::notice[0m[2m:[0m relation ""moving_inventory"" already exists, skipping"
1769795707503,"[2m2026-01-30T17:55:07.503738Z[0m [32m INFO[0m [2msqlx::postgres::notice[0m[2m:[0m relation ""idx_moving_inventory_booking_id"" already exists, skipping"
1769795707506,"[2m2026-01-30T17:55:07.506211Z[0m [32m INFO[0m [2msqlx::postgres::notice[0m[2m:[0m relation ""idx_moving_inventory_status"" already exists, skipping"
1769795707508,"[2m2026-01-30T17:55:07.508703Z[0m [32m INFO[0m [2msqlx::postgres::notice[0m[2m:[0m relation ""moving_analytics"" already exists, skipping"
1769795707511,"[2m2026-01-30T17:55:07.511124Z[0m [32m INFO[0m [2msqlx::postgres::notice[0m[2m:[0m relation ""idx_moving_analytics_service_id"" already exists, skipping"
1769795707513,"[2m2026-01-30T17:55:07.513425Z[0m [32m INFO[0m [2msqlx::postgres::notice[0m[2m:[0m relation ""idx_moving_analytics_date"" already exists, skipping"
1769795707515,"[2m2026-01-30T17:55:07.515876Z[0m [32m INFO[0m [2msqlx::postgres::notice[0m[2m:[0m relation ""property_favorites"" already exists, skipping"
1769795707518,"[2m2026-01-30T17:55:07.518385Z[0m [32m INFO[0m [2msqlx::postgres::notice[0m[2m:[0m relation ""idx_property_favorites_user_id"" already exists, skipping"
1769795707520,"[2m2026-01-30T17:55:07.520709Z[0m [32m INFO[0m [2msqlx::postgres::notice[0m[2m:[0m relation ""idx_property_favorites_property_id"" already exists, skipping"
1769795707523,"[2m2026-01-30T17:55:07.523011Z[0m [32m INFO[0m [2msqlx::postgres::notice[0m[2m:[0m relation ""property_price_alerts"" already exists, skipping"
1769795707525,"[2m2026-01-30T17:55:07.525362Z[0m [32m INFO[0m [2msqlx::postgres::notice[0m[2m:[0m relation ""idx_property_price_alerts_user_id"" already exists, skipping"
1769795707527,"[2m2026-01-30T17:55:07.527751Z[0m [32m INFO[0m [2msqlx::postgres::notice[0m[2m:[0m relation ""idx_property_price_alerts_property_id"" already exists, skipping"
1769795707530,"[2m2026-01-30T17:55:07.530060Z[0m [32m INFO[0m [2msqlx::postgres::notice[0m[2m:[0m relation ""idx_property_price_alerts_active"" already exists, skipping"
1769795707532,"[2m2026-01-30T17:55:07.532356Z[0m [32m INFO[0m [2msqlx::postgres::notice[0m[2m:[0m relation ""property_comparisons"" already exists, skipping"
1769795707534,"[2m2026-01-30T17:55:07.534771Z[0m [32m INFO[0m [2msqlx::postgres::notice[0m[2m:[0m relation ""idx_property_comparisons_user_id"" already exists, skipping"
1769795707537,"[2m2026-01-30T17:55:07.537091Z[0m [32m INFO[0m [2msqlx::postgres::notice[0m[2m:[0m relation ""idx_property_comparisons_property_ids"" already exists, skipping"
1769795707539,"[2m2026-01-30T17:55:07.539390Z[0m [32m INFO[0m [2msqlx::postgres::notice[0m[2m:[0m relation ""property_virtual_tours"" already exists, skipping"
1769795707541,"[2m2026-01-30T17:55:07.541723Z[0m [32m INFO[0m [2msqlx::postgres::notice[0m[2m:[0m relation ""idx_property_virtual_tours_property_id"" already exists, skipping"
1769795707544,"[2m2026-01-30T17:55:07.544024Z[0m [32m INFO[0m [2msqlx::postgres::notice[0m[2m:[0m relation ""idx_property_virtual_tours_type"" already exists, skipping"
1769795707546,"[2m2026-01-30T17:55:07.546291Z[0m [32m INFO[0m [2msqlx::postgres::notice[0m[2m:[0m relation ""property_views"" already exists, skipping"
1769795707549,"[2m2026-01-30T17:55:07.549139Z[0m [32m INFO[0m [2msqlx::postgres::notice[0m[2m:[0m relation ""idx_property_views_property_id"" already exists, skipping"
1769795707551,"[2m2026-01-30T17:55:07.551544Z[0m [32m INFO[0m [2msqlx::postgres::notice[0m[2m:[0m relation ""idx_property_views_user_id"" already exists, skipping"
1769795707554,"[2m2026-01-30T17:55:07.553980Z[0m [32m INFO[0m [2msqlx::postgres::notice[0m[2m:[0m relation ""idx_property_views_created_at"" already exists, skipping"
1769795707556,"[2m2026-01-30T17:55:07.556339Z[0m [32m INFO[0m [2msqlx::postgres::notice[0m[2m:[0m relation ""property_shares"" already exists, skipping"
1769795707558,"[2m2026-01-30T17:55:07.558634Z[0m [32m INFO[0m [2msqlx::postgres::notice[0m[2m:[0m relation ""idx_property_shares_property_id"" already exists, skipping"
1769795707560,"[2m2026-01-30T17:55:07.560945Z[0m [32m INFO[0m [2msqlx::postgres::notice[0m[2m:[0m relation ""idx_property_shares_token"" already exists, skipping"
1769795707627,[2m2026-01-30T17:55:07.627492Z[0m [32m INFO[0m [2myukpomnang_backend::migrations::auto_migrate[0m[2m:[0m ✅ Tables immobilier complet créées
1769795707627,[2m2026-01-30T17:55:07.627508Z[0m [32m INFO[0m [2myukpomnang_backend::migrations::auto_migrate[0m[2m:[0m ✅ Migration auto: immobilier complete tables OK
1769795707627,[2m2026-01-30T17:55:07.627512Z[0m [32m INFO[0m [2myukpomnang_backend::migrations::auto_migrate[0m[2m:[0m 🔍 Vérification/création des tables planification menus...
1769795707630,"[2m2026-01-30T17:55:07.630006Z[0m [32m INFO[0m [2msqlx::postgres::notice[0m[2m:[0m relation ""family_profiles"" already exists, skipping"
1769795707632,"[2m2026-01-30T17:55:07.632310Z[0m [32m INFO[0m [2msqlx::postgres::notice[0m[2m:[0m relation ""recipes"" already exists, skipping"
1769795707634,"[2m2026-01-30T17:55:07.634578Z[0m [32m INFO[0m [2msqlx::postgres::notice[0m[2m:[0m relation ""menu_plans"" already exists, skipping"
1769795707636,"[2m2026-01-30T17:55:07.636876Z[0m [32m INFO[0m [2msqlx::postgres::notice[0m[2m:[0m relation ""planned_meals"" already exists, skipping"
1769795707639,"[2m2026-01-30T17:55:07.639099Z[0m [32m INFO[0m [2msqlx::postgres::notice[0m[2m:[0m relation ""recipe_favorites"" already exists, skipping"
1769795707641,"[2m2026-01-30T17:55:07.641341Z[0m [32m INFO[0m [2msqlx::postgres::notice[0m[2m:[0m relation ""shopping_lists"" already exists, skipping"
1769795707642,"[2m2026-01-30T17:55:07.642940Z[0m [32m INFO[0m [2msqlx::postgres::notice[0m[2m:[0m relation ""shopping_list_items"" already exists, skipping"
1769795707644,"[2m2026-01-30T17:55:07.644561Z[0m [32m INFO[0m [2msqlx::postgres::notice[0m[2m:[0m relation ""nutrition_analytics"" already exists, skipping"
1769795707646,"[2m2026-01-30T17:55:07.646941Z[0m [32m INFO[0m [2msqlx::postgres::notice[0m[2m:[0m relation ""idx_menu_plans_user_week"" already exists, skipping"
1769795707649,"[2m2026-01-30T17:55:07.649406Z[0m [32m INFO[0m [2msqlx::postgres::notice[0m[2m:[0m relation ""idx_planned_meals_menu_plan"" already exists, skipping"
1769795707651,"[2m2026-01-30T17:55:07.651756Z[0m [32m INFO[0m [2msqlx::postgres::notice[0m[2m:[0m relation ""idx_shopping_lists_user_week"" already exists, skipping"
1769795707654,"[2m2026-01-30T17:55:07.654123Z[0m [32m INFO[0m [2msqlx::postgres::notice[0m[2m:[0m relation ""idx_recipes_tags"" already exists, skipping"
1769795707656,"[2m2026-01-30T17:55:07.656542Z[0m [32m INFO[0m [2msqlx::postgres::notice[0m[2m:[0m relation ""idx_recipes_cuisine"" already exists, skipping"
1769795707659,"[2m2026-01-30T17:55:07.658982Z[0m [32m INFO[0m [2msqlx::postgres::notice[0m[2m:[0m relation ""idx_shopping_list_items_list"" already exists, skipping"
1769795707661,"[2m2026-01-30T17:55:07.661378Z[0m [32m INFO[0m [2msqlx::postgres::notice[0m[2m:[0m relation ""idx_family_profiles_user"" already exists, skipping"
1769795707663,"[2m2026-01-30T17:55:07.663880Z[0m [32m INFO[0m [2msqlx::postgres::notice[0m[2m:[0m relation ""idx_recipe_favorites_user"" already exists, skipping"
1769795707666,"[2m2026-01-30T17:55:07.666244Z[0m [32m INFO[0m [2msqlx::postgres::notice[0m[2m:[0m relation ""idx_nutrition_analytics_user_week"" already exists, skipping"
1769795707685,[2m2026-01-30T17:55:07.685146Z[0m [32m INFO[0m [2myukpomnang_backend::migrations::auto_migrate[0m[2m:[0m ✅ Tables planification menus créées
1769795707685,[2m2026-01-30T17:55:07.685157Z[0m [32m INFO[0m [2myukpomnang_backend::migrations::auto_migrate[0m[2m:[0m ✅ Migration auto: menu planning tables OK
1769795707685,[2m2026-01-30T17:55:07.685162Z[0m [32m INFO[0m [2myukpomnang_backend::migrations::auto_migrate[0m[2m:[0m 🔍 Vérification/création des tables plugin marketplace...
1769795707687,"[2m2026-01-30T17:55:07.687508Z[0m [32m INFO[0m [2msqlx::postgres::notice[0m[2m:[0m relation ""plugin_marketplace"" already exists, skipping"
1769795707689,"[2m2026-01-30T17:55:07.689798Z[0m [32m INFO[0m [2msqlx::postgres::notice[0m[2m:[0m relation ""idx_plugin_marketplace_category"" already exists, skipping"
1769795707692,"[2m2026-01-30T17:55:07.692156Z[0m [32m INFO[0m [2msqlx::postgres::notice[0m[2m:[0m relation ""idx_plugin_marketplace_tags"" already exists, skipping"
1769795707694,"[2m2026-01-30T17:55:07.694556Z[0m [32m INFO[0m [2msqlx::postgres::notice[0m[2m:[0m relation ""idx_plugin_marketplace_featured"" already exists, skipping"
1769795707697,"[2m2026-01-30T17:55:07.696978Z[0m [32m INFO[0m [2msqlx::postgres::notice[0m[2m:[0m relation ""idx_plugin_marketplace_rating"" already exists, skipping"
1769795707699,"[2m2026-01-30T17:55:07.699302Z[0m [32m INFO[0m [2msqlx::postgres::notice[0m[2m:[0m relation ""idx_plugin_marketplace_downloads"" already exists, skipping"
1769795707707,"[2m2026-01-30T17:55:07.707090Z[0m [32m INFO[0m [2msqlx::postgres::notice[0m[2m:[0m relation ""plugin_dependencies"" already exists, skipping"
1769795707709,"[2m2026-01-30T17:55:07.709526Z[0m [32m INFO[0m [2msqlx::postgres::notice[0m[2m:[0m relation ""idx_plugin_dependencies_plugin"" already exists, skipping"
1769795707712,"[2m2026-01-30T17:55:07.712055Z[0m [32m INFO[0m [2msqlx::postgres::notice[0m[2m:[0m relation ""idx_plugin_dependencies_dep"" already exists, skipping"
1769795707713,"[2m2026-01-30T17:55:07.713568Z[0m [32m INFO[0m [2msqlx::postgres::notice[0m[2m:[0m relation ""plugin_permissions"" already exists, skipping"
1769795707716,"[2m2026-01-30T17:55:07.716052Z[0m [32m INFO[0m [2msqlx::postgres::notice[0m[2m:[0m relation ""idx_plugin_permissions_plugin"" already exists, skipping"
1769795707718,"[2m2026-01-30T17:55:07.718558Z[0m [32m INFO[0m [2msqlx::postgres::notice[0m[2m:[0m relation ""plugin_reviews"" already exists, skipping"
1769795707720,"[2m2026-01-30T17:55:07.720849Z[0m [32m INFO[0m [2msqlx::postgres::notice[0m[2m:[0m relation ""idx_plugin_reviews_plugin"" already exists, skipping"
1769795707723,"[2m2026-01-30T17:55:07.723143Z[0m [32m INFO[0m [2msqlx::postgres::notice[0m[2m:[0m relation ""idx_plugin_reviews_user"" already exists, skipping"
1769795707725,"[2m2026-01-30T17:55:07.725566Z[0m [32m INFO[0m [2msqlx::postgres::notice[0m[2m:[0m relation ""idx_plugin_reviews_rating"" already exists, skipping"
1769795707731,[2m2026-01-30T17:55:07.731017Z[0m [32m INFO[0m [2myukpomnang_backend::migrations::auto_migrate[0m[2m:[0m ✅ Tables plugin marketplace créées
1769795707731,[2m2026-01-30T17:55:07.731028Z[0m [32m INFO[0m [2myukpomnang_backend::migrations::auto_migrate[0m[2m:[0m ✅ Migration auto: plugin marketplace tables OK
1769795707731,[2m2026-01-30T17:55:07.731032Z[0m [32m INFO[0m [2myukpomnang_backend::migrations::auto_migrate[0m[2m:[0m 🔍 Vérification/création des tables livres scolaires et troc...
1769795707733,"[2m2026-01-30T17:55:07.733756Z[0m [32m INFO[0m [2msqlx::postgres::notice[0m[2m:[0m relation ""livres_scolaires"" already exists, skipping"
1769795707736,"[2m2026-01-30T17:55:07.736654Z[0m [32m INFO[0m [2msqlx::postgres::notice[0m[2m:[0m relation ""troc_livres_scolaires"" already exists, skipping"
1769795707738,"[2m2026-01-30T17:55:07.738950Z[0m [32m INFO[0m [2msqlx::postgres::notice[0m[2m:[0m relation ""chaines_troc_livres"" already exists, skipping"
1769795707741,"[2m2026-01-30T17:55:07.741732Z[0m [32m INFO[0m [2msqlx::postgres::notice[0m[2m:[0m relation ""idx_livres_classe_actuelle"" already exists, skipping"
1769795707744,"[2m2026-01-30T17:55:07.744602Z[0m [32m INFO[0m [2msqlx::postgres::notice[0m[2m:[0m relation ""idx_livres_classe_souhaitee"" already exists, skipping"
1769795707746,"[2m2026-01-30T17:55:07.746952Z[0m [32m INFO[0m [2msqlx::postgres::notice[0m[2m:[0m relation ""idx_livres_matching"" already exists, skipping"
1769795707749,"[2m2026-01-30T17:55:07.749349Z[0m [32m INFO[0m [2msqlx::postgres::notice[0m[2m:[0m relation ""idx_livres_gps_btree"" already exists, skipping"
1769795707751,"[2m2026-01-30T17:55:07.751904Z[0m [32m INFO[0m [2msqlx::postgres::notice[0m[2m:[0m relation ""idx_livres_gps_gist"" already exists, skipping"
1769795707754,"[2m2026-01-30T17:55:07.754278Z[0m [32m INFO[0m [2msqlx::postgres::notice[0m[2m:[0m relation ""idx_livres_ville_quartier"" already exists, skipping"
1769795707757,"[2m2026-01-30T17:55:07.757090Z[0m [32m INFO[0m [2msqlx::postgres::notice[0m[2m:[0m relation ""idx_livres_matiere_niveau"" already exists, skipping"
1769795707760,"[2m2026-01-30T17:55:07.760005Z[0m [32m INFO[0m [2msqlx::postgres::notice[0m[2m:[0m relation ""idx_livres_etat"" already exists, skipping"
1769795707762,"[2m2026-01-30T17:55:07.762472Z[0m [32m INFO[0m [2msqlx::postgres::notice[0m[2m:[0m relation ""idx_livres_user_id"" already exists, skipping"
1769795707764,"[2m2026-01-30T17:55:07.764940Z[0m [32m INFO[0m [2msqlx::postgres::notice[0m[2m:[0m relation ""idx_livres_titre_trgm"" already exists, skipping"
1769795707765,"[2m2026-01-30T17:55:07.765005Z[0m [32m INFO[0m [2msqlx::postgres::notice[0m[2m:[0m relation ""idx_livres_auteur_trgm"" already exists, skipping"
1769795707767,"[2m2026-01-30T17:55:07.767496Z[0m [32m INFO[0m [2msqlx::postgres::notice[0m[2m:[0m relation ""idx_troc_statut"" already exists, skipping"
1769795707770,"[2m2026-01-30T17:55:07.770062Z[0m [32m INFO[0m [2msqlx::postgres::notice[0m[2m:[0m relation ""idx_troc_initiateur"" already exists, skipping"
1769795707772,"[2m2026-01-30T17:55:07.772407Z[0m [32m INFO[0m [2msqlx::postgres::notice[0m[2m:[0m relation ""idx_troc_participant"" already exists, skipping"
1769795707774,"[2m2026-01-30T17:55:07.774739Z[0m [32m INFO[0m [2msqlx::postgres::notice[0m[2m:[0m relation ""idx_troc_chaine"" already exists, skipping"
1769795707777,"[2m2026-01-30T17:55:07.777072Z[0m [32m INFO[0m [2msqlx::postgres::notice[0m[2m:[0m relation ""idx_troc_livre_offert"" already exists, skipping"
1769795707779,"[2m2026-01-30T17:55:07.779829Z[0m [32m INFO[0m [2msqlx::postgres::notice[0m[2m:[0m relation ""idx_troc_livre_souhaite"" already exists, skipping"
1769795707782,"[2m2026-01-30T17:55:07.782425Z[0m [32m INFO[0m [2msqlx::postgres::notice[0m[2m:[0m relation ""idx_troc_date_echange"" already exists, skipping"
1769795707785,"[2m2026-01-30T17:55:07.785271Z[0m [32m INFO[0m [2msqlx::postgres::notice[0m[2m:[0m relation ""idx_chaines_statut"" already exists, skipping"
1769795707788,"[2m2026-01-30T17:55:07.788049Z[0m [32m INFO[0m [2msqlx::postgres::notice[0m[2m:[0m relation ""idx_chaines_score_proximite"" already exists, skipping"
1769795707790,"[2m2026-01-30T17:55:07.790312Z[0m [32m INFO[0m [2msqlx::postgres::notice[0m[2m:[0m relation ""idx_chaines_participants_gin"" already exists, skipping"
1769795707838,[2m2026-01-30T17:55:07.838171Z[0m [32m INFO[0m [2myukpomnang_backend::migrations::auto_migrate[0m[2m:[0m ✅ Tables livres scolaires et troc créées
1769795707838,[2m2026-01-30T17:55:07.838257Z[0m [32m INFO[0m [2myukpomnang_backend::migrations::auto_migrate[0m[2m:[0m ✅ Migration auto: livres scolaires tables OK
1769795707838,[2m2026-01-30T17:55:07.838265Z[0m [32m INFO[0m [2myukpomnang_backend::migrations::auto_migrate[0m[2m:[0m 🔍 Vérification/création des tables offres d'emploi...
1769795707840,"[2m2026-01-30T17:55:07.840125Z[0m [32m INFO[0m [2msqlx::postgres::notice[0m[2m:[0m extension ""postgis"" already exists, skipping"
1769795707842,"[2m2026-01-30T17:55:07.842735Z[0m [32m INFO[0m [2msqlx::postgres::notice[0m[2m:[0m relation ""offres_emploi"" already exists, skipping"
1769795707845,[2m2026-01-30T17:55:07.845459Z[0m [33m WARN[0m [2myukpomnang_backend::migrations::auto_migrate[0m[2m:[0m ⚠️ [MIGRATION CONSOLIDÉE] Erreur lors de l'exécution de la commande SQL:
1769795707845,[2m2026-01-30T17:55:07.845502Z[0m [33m WARN[0m [2myukpomnang_backend::migrations::auto_migrate[0m[2m:[0m    Commande (preview): CREATE INDEX IF NOT EXISTS idx_offres_location ON offres_emploi USING GIST(location_point);
1769795707845,"[2m2026-01-30T17:55:07.845512Z[0m [33m WARN[0m [2myukpomnang_backend::migrations::auto_migrate[0m[2m:[0m    Erreur: error returned from database: column ""location_point"" does not exist"
1769795707847,[2m2026-01-30T17:55:07.847850Z[0m [33m WARN[0m [2myukpomnang_backend::migrations::auto_migrate[0m[2m:[0m ⚠️ [MIGRATION CONSOLIDÉE] Erreur lors de l'exécution de la commande SQL:
1769795707847,"[2m2026-01-30T17:55:07.847887Z[0m [33m WARN[0m [2myukpomnang_backend::migrations::auto_migrate[0m[2m:[0m    Commande (preview): CREATE INDEX IF NOT EXISTS idx_offres_statut_active ON offres_emploi(statut, is_active, date_limite_candidature) WHERE statut = 'active' AND is_active = true;"
1769795707847,"[2m2026-01-30T17:55:07.847917Z[0m [33m WARN[0m [2myukpomnang_backend::migrations::auto_migrate[0m[2m:[0m    Erreur: error returned from database: column ""statut"" does not exist"
1769795707850,[2m2026-01-30T17:55:07.850218Z[0m [33m WARN[0m [2myukpomnang_backend::migrations::auto_migrate[0m[2m:[0m ⚠️ [MIGRATION CONSOLIDÉE] Erreur lors de l'exécution de la commande SQL:
1769795707850,"[2m2026-01-30T17:55:07.850254Z[0m [33m WARN[0m [2myukpomnang_backend::migrations::auto_migrate[0m[2m:[0m    Commande (preview): CREATE INDEX IF NOT EXISTS idx_offres_secteur ON offres_emploi(secteur, domaine, statut) WHERE statut = 'active';"
1769795707850,"[2m2026-01-30T17:55:07.850283Z[0m [33m WARN[0m [2myukpomnang_backend::migrations::auto_migrate[0m[2m:[0m    Erreur: error returned from database: column ""statut"" does not exist"
1769795707852,[2m2026-01-30T17:55:07.852646Z[0m [33m WARN[0m [2myukpomnang_backend::migrations::auto_migrate[0m[2m:[0m ⚠️ [MIGRATION CONSOLIDÉE] Erreur lors de l'exécution de la commande SQL:
1769795707852,"[2m2026-01-30T17:55:07.852683Z[0m [33m WARN[0m [2myukpomnang_backend::migrations::auto_migrate[0m[2m:[0m    Commande (preview): CREATE INDEX IF NOT EXISTS idx_offres_type_contrat ON offres_emploi(type_contrat, statut) WHERE statut = 'active';"
1769795707852,"[2m2026-01-30T17:55:07.852706Z[0m [33m WARN[0m [2myukpomnang_backend::migrations::auto_migrate[0m[2m:[0m    Erreur: error returned from database: column ""statut"" does not exist"
1769795707854,"[2m2026-01-30T17:55:07.854924Z[0m [32m INFO[0m [2msqlx::postgres::notice[0m[2m:[0m relation ""idx_offres_competences"" already exists, skipping"
1769795707857,[2m2026-01-30T17:55:07.857310Z[0m [33m WARN[0m [2myukpomnang_backend::migrations::auto_migrate[0m[2m:[0m ⚠️ [MIGRATION CONSOLIDÉE] Erreur lors de l'exécution de la commande SQL:
1769795707857,[2m2026-01-30T17:55:07.857352Z[0m [33m WARN[0m [2myukpomnang_backend::migrations::auto_migrate[0m[2m:[0m    Commande (preview): CREATE INDEX IF NOT EXISTS idx_offres_tags ON offres_emploi USING GIN(tags);
1769795707857,"[2m2026-01-30T17:55:07.857361Z[0m [33m WARN[0m [2myukpomnang_backend::migrations::auto_migrate[0m[2m:[0m    Erreur: error returned from database: column ""tags"" does not exist"
1769795707859,[2m2026-01-30T17:55:07.859623Z[0m [33m WARN[0m [2myukpomnang_backend::migrations::auto_migrate[0m[2m:[0m ⚠️ [MIGRATION CONSOLIDÉE] Erreur lors de l'exécution de la commande SQL:
1769795707859,"[2m2026-01-30T17:55:07.859658Z[0m [33m WARN[0m [2myukpomnang_backend::migrations::auto_migrate[0m[2m:[0m    Commande (preview): CREATE INDEX IF NOT EXISTS idx_offres_date_limite ON offres_emploi(date_limite_candidature, statut) WHERE date_limite_candidature >= CURRENT_DATE AND statut = 'active';"
1769795707859,"[2m2026-01-30T17:55:07.859686Z[0m [33m WARN[0m [2myukpomnang_backend::migrations::auto_migrate[0m[2m:[0m    Erreur: error returned from database: column ""statut"" does not exist"
1769795707862,[2m2026-01-30T17:55:07.861984Z[0m [33m WARN[0m [2myukpomnang_backend::migrations::auto_migrate[0m[2m:[0m ⚠️ [MIGRATION CONSOLIDÉE] Erreur lors de l'exécution de la commande SQL:
1769795707862,"[2m2026-01-30T17:55:07.862019Z[0m [33m WARN[0m [2myukpomnang_backend::migrations::auto_migrate[0m[2m:[0m    Commande (preview): CREATE INDEX IF NOT EXISTS idx_offres_entreprise ON offres_emploi(entreprise_id, statut);"
1769795707862,"[2m2026-01-30T17:55:07.862048Z[0m [33m WARN[0m [2myukpomnang_backend::migrations::auto_migrate[0m[2m:[0m    Erreur: error returned from database: column ""statut"" does not exist"
1769795707864,"[2m2026-01-30T17:55:07.864355Z[0m [32m INFO[0m [2msqlx::postgres::notice[0m[2m:[0m relation ""profils_candidats"" already exists, skipping"
1769795707866,"[2m2026-01-30T17:55:07.866772Z[0m [32m INFO[0m [2msqlx::postgres::notice[0m[2m:[0m relation ""idx_profils_user"" already exists, skipping"
1769795707869,"[2m2026-01-30T17:55:07.869206Z[0m [32m INFO[0m [2msqlx::postgres::notice[0m[2m:[0m relation ""idx_profils_secteur"" already exists, skipping"
1769795707871,"[2m2026-01-30T17:55:07.871496Z[0m [32m INFO[0m [2msqlx::postgres::notice[0m[2m:[0m relation ""idx_profils_competences"" already exists, skipping"
1769795707873,"[2m2026-01-30T17:55:07.873817Z[0m [32m INFO[0m [2msqlx::postgres::notice[0m[2m:[0m relation ""idx_profils_location"" already exists, skipping"
1769795707876,"[2m2026-01-30T17:55:07.876254Z[0m [32m INFO[0m [2msqlx::postgres::notice[0m[2m:[0m relation ""idx_profils_disponible"" already exists, skipping"
1769795707878,"[2m2026-01-30T17:55:07.878547Z[0m [32m INFO[0m [2msqlx::postgres::notice[0m[2m:[0m relation ""candidatures"" already exists, skipping"
1769795707880,"[2m2026-01-30T17:55:07.880914Z[0m [32m INFO[0m [2msqlx::postgres::notice[0m[2m:[0m relation ""idx_candidatures_offre"" already exists, skipping"
1769795707883,"[2m2026-01-30T17:55:07.883311Z[0m [32m INFO[0m [2msqlx::postgres::notice[0m[2m:[0m relation ""idx_candidatures_candidat"" already exists, skipping"
1769795707886,"[2m2026-01-30T17:55:07.886417Z[0m [32m INFO[0m [2msqlx::postgres::notice[0m[2m:[0m relation ""idx_candidatures_date"" already exists, skipping"
1769795707889,"[2m2026-01-30T17:55:07.888964Z[0m [32m INFO[0m [2msqlx::postgres::notice[0m[2m:[0m relation ""idx_candidatures_score"" already exists, skipping"
1769795707891,"[2m2026-01-30T17:55:07.891454Z[0m [32m INFO[0m [2msqlx::postgres::notice[0m[2m:[0m relation ""matching_offres_candidats"" already exists, skipping"
1769795707893,"[2m2026-01-30T17:55:07.893883Z[0m [32m INFO[0m [2msqlx::postgres::notice[0m[2m:[0m relation ""idx_matching_offre"" already exists, skipping"
1769795707896,"[2m2026-01-30T17:55:07.896186Z[0m [32m INFO[0m [2msqlx::postgres::notice[0m[2m:[0m relation ""idx_matching_candidat"" already exists, skipping"
1769795707898,"[2m2026-01-30T17:55:07.898656Z[0m [32m INFO[0m [2msqlx::postgres::notice[0m[2m:[0m relation ""idx_matching_score"" already exists, skipping"
1769795707901,"[2m2026-01-30T17:55:07.901316Z[0m [32m INFO[0m [2msqlx::postgres::notice[0m[2m:[0m relation ""idx_matching_score"" already exists, skipping"
1769795707903,"[2m2026-01-30T17:55:07.903719Z[0m [32m INFO[0m [2msqlx::postgres::notice[0m[2m:[0m relation ""idx_matching_score"" already exists, skipping"
1769795707906,"[2m2026-01-30T17:55:07.906131Z[0m [32m INFO[0m [2msqlx::postgres::notice[0m[2m:[0m relation ""idx_alertes_candidat"" already exists, skipping"
1769795707908,"[2m2026-01-30T17:55:07.908700Z[0m [32m INFO[0m [2msqlx::postgres::notice[0m[2m:[0m relation ""idx_matching_score"" already exists, skipping"
1769795707911,"[2m2026-01-30T17:55:07.911003Z[0m [32m INFO[0m [2msqlx::postgres::notice[0m[2m:[0m relation ""idx_alertes_candidat"" already exists, skipping"
1769795707913,"[2m2026-01-30T17:55:07.913448Z[0m [32m INFO[0m [2msqlx::postgres::notice[0m[2m:[0m relation ""idx_alertes_frequence"" already exists, skipping"
1769795707916,"[2m2026-01-30T17:55:07.916102Z[0m [32m INFO[0m [2msqlx::postgres::notice[0m[2m:[0m relation ""idx_matching_score"" already exists, skipping"
1769795707918,"[2m2026-01-30T17:55:07.918630Z[0m [32m INFO[0m [2msqlx::postgres::notice[0m[2m:[0m relation ""idx_alertes_candidat"" already exists, skipping"
1769795707921,"[2m2026-01-30T17:55:07.921014Z[0m [32m INFO[0m [2msqlx::postgres::notice[0m[2m:[0m relation ""idx_alertes_frequence"" already exists, skipping"
1769795707923,"[2m2026-01-30T17:55:07.923563Z[0m [32m INFO[0m [2msqlx::postgres::notice[0m[2m:[0m relation ""idx_matching_score"" already exists, skipping"
1769795707926,"[2m2026-01-30T17:55:07.926052Z[0m [32m INFO[0m [2msqlx::postgres::notice[0m[2m:[0m relation ""idx_alertes_candidat"" already exists, skipping"
1769795707928,"[2m2026-01-30T17:55:07.928353Z[0m [32m INFO[0m [2msqlx::postgres::notice[0m[2m:[0m relation ""idx_alertes_frequence"" already exists, skipping"
1769795707930,"[2m2026-01-30T17:55:07.930605Z[0m [32m INFO[0m [2msqlx::postgres::notice[0m[2m:[0m relation ""idx_stats_offre"" already exists, skipping"
1769795707932,[2m2026-01-30T17:55:07.932346Z[0m [33m WARN[0m [2myukpomnang_backend::migrations::auto_migrate[0m[2m:[0m ⚠️ [MIGRATION CONSOLIDÉE] Erreur lors de l'exécution de la commande SQL:
1769795707932,[2m2026-01-30T17:55:07.932382Z[0m [33m WARN[0m [2myukpomnang_backend::migrations::auto_migrate[0m[2m:[0m    Commande (preview): CREATE INDEX IF NOT EXISTS idx_matching_score ON matching_offres_candidats(score_total DESC) WHERE score_total >= 70; -- Seuil minimum
1769795707932,CREATE INDEX IF NOT EXISTS idx_matching_notified ON matching_offr...
1769795707932,[2m2026-01-30T17:55:07.932402Z[0m [33m WARN[0m [2myukpomnang_backend::migrations::auto_migrate[0m[2m:[0m    Erreur: error returned from database: cannot insert multiple commands into a prepared statement
1769795707955,[2m2026-01-30T17:55:07.955514Z[0m [32m INFO[0m [2myukpomnang_backend::migrations::auto_migrate[0m[2m:[0m ✅ Tables offres d'emploi créées
1769795707955,[2m2026-01-30T17:55:07.955564Z[0m [32m INFO[0m [2myukpomnang_backend::migrations::auto_migrate[0m[2m:[0m ✅ Migration auto: offres d'emploi tables OK
1769795707955,[2m2026-01-30T17:55:07.955581Z[0m [32m INFO[0m [2myukpomnang_backend::migrations::auto_migrate[0m[2m:[0m 🔍 Vérification/création des tables orientation scolaire...
1769795707957,"[2m2026-01-30T17:55:07.957908Z[0m [32m INFO[0m [2msqlx::postgres::notice[0m[2m:[0m extension ""postgis"" already exists, skipping"
1769795707960,"[2m2026-01-30T17:55:07.960265Z[0m [32m INFO[0m [2msqlx::postgres::notice[0m[2m:[0m relation ""etablissements_scolaires"" already exists, skipping"
1769795707962,"[2m2026-01-30T17:55:07.962687Z[0m [32m INFO[0m [2msqlx::postgres::notice[0m[2m:[0m relation ""idx_etablissements_location"" already exists, skipping"
1769795707965,"[2m2026-01-30T17:55:07.965137Z[0m [32m INFO[0m [2msqlx::postgres::notice[0m[2m:[0m relation ""idx_etablissements_type_ville"" already exists, skipping"
1769795707967,"[2m2026-01-30T17:55:07.967535Z[0m [32m INFO[0m [2msqlx::postgres::notice[0m[2m:[0m relation ""idx_etablissements_filieres"" already exists, skipping"
1769795707969,"[2m2026-01-30T17:55:07.969891Z[0m [32m INFO[0m [2msqlx::postgres::notice[0m[2m:[0m relation ""idx_etablissements_specialites"" already exists, skipping"
1769795707972,"[2m2026-01-30T17:55:07.972292Z[0m [32m INFO[0m [2msqlx::postgres::notice[0m[2m:[0m relation ""idx_etablissements_active"" already exists, skipping"
1769795707974,"[2m2026-01-30T17:55:07.974680Z[0m [32m INFO[0m [2msqlx::postgres::notice[0m[2m:[0m relation ""idx_etablissements_type_ville_active"" already exists, skipping"
1769795707977,"[2m2026-01-30T17:55:07.976985Z[0m [32m INFO[0m [2msqlx::postgres::notice[0m[2m:[0m relation ""idx_etablissements_stats"" already exists, skipping"
1769795707988,[2m2026-01-30T17:55:07.988368Z[0m [33m WARN[0m [2myukpomnang_backend::migrations::auto_migrate[0m[2m:[0m ⚠️ [MIGRATION CONSOLIDÉE] Erreur lors de l'exécution de la commande SQL:
1769795707988,[2m2026-01-30T17:55:07.988405Z[0m [33m WARN[0m [2myukpomnang_backend::migrations::auto_migrate[0m[2m:[0m    Commande (preview): CREATE TABLE IF NOT EXISTS programmes_scolaires (
1769795707988,"    id SERIAL PRIMARY KEY,"
1769795707988,"    etablissement_id INTEGER NOT NULL REFERENCES etablissements_scolaires(id) ON DELETE CASCADE,"
1769795707988,    
1769795707988,    -- Identification...
1769795707988,"[2m2026-01-30T17:55:07.988427Z[0m [33m WARN[0m [2myukpomnang_backend::migrations::auto_migrate[0m[2m:[0m    Erreur: error returned from database: syntax error at or near "")"""
1769795707990,[2m2026-01-30T17:55:07.990632Z[0m [33m WARN[0m [2myukpomnang_backend::migrations::auto_migrate[0m[2m:[0m ⚠️ [MIGRATION CONSOLIDÉE] Erreur lors de l'exécution de la commande SQL:
1769795707990,"[2m2026-01-30T17:55:07.990702Z[0m [33m WARN[0m [2myukpomnang_backend::migrations::auto_migrate[0m[2m:[0m    Commande (preview): CREATE INDEX IF NOT EXISTS idx_programmes_etablissement ON programmes_scolaires(etablissement_id, is_active);"
1769795707990,"[2m2026-01-30T17:55:07.990710Z[0m [33m WARN[0m [2myukpomnang_backend::migrations::auto_migrate[0m[2m:[0m    Erreur: error returned from database: relation ""programmes_scolaires"" does not exist"
1769795707992,[2m2026-01-30T17:55:07.992945Z[0m [33m WARN[0m [2myukpomnang_backend::migrations::auto_migrate[0m[2m:[0m ⚠️ [MIGRATION CONSOLIDÉE] Erreur lors de l'exécution de la commande SQL:
1769795707993,"[2m2026-01-30T17:55:07.993006Z[0m [33m WARN[0m [2myukpomnang_backend::migrations::auto_migrate[0m[2m:[0m    Commande (preview): CREATE INDEX IF NOT EXISTS idx_programmes_type_niveau ON programmes_scolaires(type_etablissement, niveau);"
1769795707993,"[2m2026-01-30T17:55:07.993014Z[0m [33m WARN[0m [2myukpomnang_backend::migrations::auto_migrate[0m[2m:[0m    Erreur: error returned from database: relation ""programmes_scolaires"" does not exist"
1769795707995,[2m2026-01-30T17:55:07.995231Z[0m [33m WARN[0m [2myukpomnang_backend::migrations::auto_migrate[0m[2m:[0m ⚠️ [MIGRATION CONSOLIDÉE] Erreur lors de l'exécution de la commande SQL:
1769795707995,[2m2026-01-30T17:55:07.995274Z[0m [33m WARN[0m [2myukpomnang_backend::migrations::auto_migrate[0m[2m:[0m    Commande (preview): CREATE INDEX IF NOT EXISTS idx_programmes_annee ON programmes_scolaires(annee_scolaire);
1769795707995,"[2m2026-01-30T17:55:07.995293Z[0m [33m WARN[0m [2myukpomnang_backend::migrations::auto_migrate[0m[2m:[0m    Erreur: error returned from database: relation ""programmes_scolaires"" does not exist"
1769795707997,"[2m2026-01-30T17:55:07.997570Z[0m [32m INFO[0m [2msqlx::postgres::notice[0m[2m:[0m relation ""fournitures_scolaires"" already exists, skipping"
1769795708000,"[2m2026-01-30T17:55:08.000022Z[0m [32m INFO[0m [2msqlx::postgres::notice[0m[2m:[0m relation ""idx_fournitures_etablissement"" already exists, skipping"
1769795708002,"[2m2026-01-30T17:55:08.002647Z[0m [32m INFO[0m [2msqlx::postgres::notice[0m[2m:[0m relation ""idx_fournitures_type_niveau"" already exists, skipping"
1769795708005,"[2m2026-01-30T17:55:08.005044Z[0m [32m INFO[0m [2msqlx::postgres::notice[0m[2m:[0m relation ""concours_entree"" already exists, skipping"
1769795708007,"[2m2026-01-30T17:55:08.007509Z[0m [32m INFO[0m [2msqlx::postgres::notice[0m[2m:[0m relation ""idx_concours_etablissement"" already exists, skipping"
1769795708010,"[2m2026-01-30T17:55:08.009989Z[0m [32m INFO[0m [2msqlx::postgres::notice[0m[2m:[0m relation ""idx_concours_dates"" already exists, skipping"
1769795708012,"[2m2026-01-30T17:55:08.012379Z[0m [32m INFO[0m [2msqlx::postgres::notice[0m[2m:[0m relation ""idx_concours_filiere"" already exists, skipping"
1769795708014,"[2m2026-01-30T17:55:08.014709Z[0m [32m INFO[0m [2msqlx::postgres::notice[0m[2m:[0m relation ""experiences_anciens_etudiants"" already exists, skipping"
1769795708017,"[2m2026-01-30T17:55:08.017075Z[0m [32m INFO[0m [2msqlx::postgres::notice[0m[2m:[0m relation ""idx_experiences_etablissement"" already exists, skipping"
1769795708019,"[2m2026-01-30T17:55:08.019493Z[0m [32m INFO[0m [2msqlx::postgres::notice[0m[2m:[0m relation ""idx_experiences_filiere"" already exists, skipping"
1769795708021,"[2m2026-01-30T17:55:08.021931Z[0m [32m INFO[0m [2msqlx::postgres::notice[0m[2m:[0m relation ""idx_experiences_user"" already exists, skipping"
1769795708024,"[2m2026-01-30T17:55:08.024302Z[0m [32m INFO[0m [2msqlx::postgres::notice[0m[2m:[0m relation ""conferences_lives_scolaires"" already exists, skipping"
1769795708026,"[2m2026-01-30T17:55:08.026847Z[0m [32m INFO[0m [2msqlx::postgres::notice[0m[2m:[0m relation ""idx_conferences_etablissement"" already exists, skipping"
1769795708029,"[2m2026-01-30T17:55:08.029484Z[0m [32m INFO[0m [2msqlx::postgres::notice[0m[2m:[0m relation ""idx_conferences_date"" already exists, skipping"
1769795708031,"[2m2026-01-30T17:55:08.031832Z[0m [32m INFO[0m [2msqlx::postgres::notice[0m[2m:[0m relation ""idx_conferences_type"" already exists, skipping"
1769795708034,"[2m2026-01-30T17:55:08.034218Z[0m [32m INFO[0m [2msqlx::postgres::notice[0m[2m:[0m relation ""suggestions_orientation"" already exists, skipping"
1769795708036,"[2m2026-01-30T17:55:08.036630Z[0m [32m INFO[0m [2msqlx::postgres::notice[0m[2m:[0m relation ""idx_suggestions_criteres"" already exists, skipping"
1769795708039,"[2m2026-01-30T17:55:08.039004Z[0m [32m INFO[0m [2msqlx::postgres::notice[0m[2m:[0m relation ""idx_suggestions_expires"" already exists, skipping"
1769795708041,"[2m2026-01-30T17:55:08.041377Z[0m [32m INFO[0m [2msqlx::postgres::notice[0m[2m:[0m relation ""idx_suggestions_domain_filiere"" already exists, skipping"
1769795708052,[2m2026-01-30T17:55:08.052498Z[0m [33m WARN[0m [2myukpomnang_backend::migrations::auto_migrate[0m[2m:[0m ⚠️ [MIGRATION CONSOLIDÉE] Erreur lors de l'exécution de la commande SQL:
1769795708052,[2m2026-01-30T17:55:08.052510Z[0m [33m WARN[0m [2myukpomnang_backend::migrations::auto_migrate[0m[2m:[0m    Commande (preview): DO $$
1769795708052,                    BEGIN
1769795708052,                        IF NOT EXISTS (
1769795708052,                            SELECT 1 FROM pg_trigger WHERE tgname = 'trigger_update_programmes_scolaires_updated_at'
1769795708052,           ...
1769795708052,"[2m2026-01-30T17:55:08.052515Z[0m [33m WARN[0m [2myukpomnang_backend::migrations::auto_migrate[0m[2m:[0m    Erreur: error returned from database: relation ""programmes_scolaires"" does not exist"
1769795708074,[2m2026-01-30T17:55:08.074163Z[0m [32m INFO[0m [2myukpomnang_backend::migrations::auto_migrate[0m[2m:[0m ✅ Tables orientation scolaire créées
1769795708074,[2m2026-01-30T17:55:08.074240Z[0m [32m INFO[0m [2myukpomnang_backend::migrations::auto_migrate[0m[2m:[0m ✅ Migration auto: orientation scolaire tables OK
1769795708074,[2m2026-01-30T17:55:08.074248Z[0m [32m INFO[0m [2myukpomnang_backend::migrations::auto_migrate[0m[2m:[0m 🔍 Vérification/création des tables chat de livraison et gamification...
1769795708076,"[2m2026-01-30T17:55:08.076602Z[0m [32m INFO[0m [2msqlx::postgres::notice[0m[2m:[0m relation ""delivery_chat_messages"" already exists, skipping"
1769795708078,"[2m2026-01-30T17:55:08.078284Z[0m [32m INFO[0m [2msqlx::postgres::notice[0m[2m:[0m relation ""idx_delivery_chat_messages_delivery_id"" already exists, skipping"
1769795708080,"[2m2026-01-30T17:55:08.080654Z[0m [32m INFO[0m [2msqlx::postgres::notice[0m[2m:[0m relation ""idx_delivery_chat_messages_sender_id"" already exists, skipping"
1769795708083,"[2m2026-01-30T17:55:08.083042Z[0m [32m INFO[0m [2msqlx::postgres::notice[0m[2m:[0m relation ""idx_delivery_chat_messages_created_at"" already exists, skipping"
1769795708085,"[2m2026-01-30T17:55:08.085463Z[0m [32m INFO[0m [2msqlx::postgres::notice[0m[2m:[0m relation ""idx_delivery_chat_messages_delivery_created"" already exists, skipping"
1769795708087,"[2m2026-01-30T17:55:08.087720Z[0m [32m INFO[0m [2msqlx::postgres::notice[0m[2m:[0m relation ""delivery_gamification_stats"" already exists, skipping"
1769795708090,"[2m2026-01-30T17:55:08.090176Z[0m [32m INFO[0m [2msqlx::postgres::notice[0m[2m:[0m relation ""idx_delivery_gamification_stats_points"" already exists, skipping"
1769795708092,"[2m2026-01-30T17:55:08.092609Z[0m [32m INFO[0m [2msqlx::postgres::notice[0m[2m:[0m relation ""idx_delivery_gamification_stats_level"" already exists, skipping"
1769795708094,"[2m2026-01-30T17:55:08.094216Z[0m [32m INFO[0m [2msqlx::postgres::notice[0m[2m:[0m relation ""idx_delivery_gamification_stats_deliveries"" already exists, skipping"
1769795708095,"[2m2026-01-30T17:55:08.095794Z[0m [32m INFO[0m [2msqlx::postgres::notice[0m[2m:[0m relation ""delivery_badges"" already exists, skipping"
1769795708097,"[2m2026-01-30T17:55:08.097306Z[0m [32m INFO[0m [2msqlx::postgres::notice[0m[2m:[0m relation ""idx_delivery_badges_user_id"" already exists, skipping"
1769795708099,"[2m2026-01-30T17:55:08.099607Z[0m [32m INFO[0m [2msqlx::postgres::notice[0m[2m:[0m relation ""idx_delivery_badges_type"" already exists, skipping"
1769795708101,"[2m2026-01-30T17:55:08.101922Z[0m [32m INFO[0m [2msqlx::postgres::notice[0m[2m:[0m relation ""idx_delivery_badges_earned_at"" already exists, skipping"
1769795708104,"[2m2026-01-30T17:55:08.104298Z[0m [32m INFO[0m [2msqlx::postgres::notice[0m[2m:[0m relation ""delivery_points_history"" already exists, skipping"
1769795708106,"[2m2026-01-30T17:55:08.106672Z[0m [32m INFO[0m [2msqlx::postgres::notice[0m[2m:[0m relation ""idx_delivery_points_history_user_id"" already exists, skipping"
1769795708109,"[2m2026-01-30T17:55:08.108967Z[0m [32m INFO[0m [2msqlx::postgres::notice[0m[2m:[0m relation ""idx_delivery_points_history_created_at"" already exists, skipping"
1769795708110,"[2m2026-01-30T17:55:08.110572Z[0m [32m INFO[0m [2msqlx::postgres::notice[0m[2m:[0m relation ""idx_delivery_points_history_delivery_id"" already exists, skipping"
1769795708112,"[2m2026-01-30T17:55:08.112833Z[0m [32m INFO[0m [2msqlx::postgres::notice[0m[2m:[0m relation ""delivery_product_suggestions"" already exists, skipping"
1769795708115,"[2m2026-01-30T17:55:08.115106Z[0m [32m INFO[0m [2msqlx::postgres::notice[0m[2m:[0m relation ""idx_delivery_product_suggestions_delivery_id"" already exists, skipping"
1769795708116,"[2m2026-01-30T17:55:08.116686Z[0m [32m INFO[0m [2msqlx::postgres::notice[0m[2m:[0m relation ""idx_delivery_product_suggestions_user_id"" already exists, skipping"
1769795708119,"[2m2026-01-30T17:55:08.118967Z[0m [32m INFO[0m [2msqlx::postgres::notice[0m[2m:[0m relation ""idx_delivery_product_suggestions_created_at"" already exists, skipping"
1769795708120,"[2m2026-01-30T17:55:08.120497Z[0m [32m INFO[0m [2msqlx::postgres::notice[0m[2m:[0m relation ""idx_delivery_product_suggestions_accepted"" already exists, skipping"
1769795708134,[2m2026-01-30T17:55:08.134569Z[0m [32m INFO[0m [2myukpomnang_backend::migrations::auto_migrate[0m[2m:[0m ✅ Tables chat de livraison et gamification créées
1769795708134,[2m2026-01-30T17:55:08.134581Z[0m [32m INFO[0m [2myukpomnang_backend::migrations::auto_migrate[0m[2m:[0m ✅ Migration auto: delivery chat et gamification tables OK
1769795708134,[2m2026-01-30T17:55:08.134585Z[0m [32m INFO[0m [2myukpomnang_backend::migrations::auto_migrate[0m[2m:[0m 🔍 Vérification/création de la table user_documents...
1769795708136,"[2m2026-01-30T17:55:08.136876Z[0m [32m INFO[0m [2msqlx::postgres::notice[0m[2m:[0m relation ""user_documents"" already exists, skipping"
1769795708139,"[2m2026-01-30T17:55:08.139232Z[0m [32m INFO[0m [2msqlx::postgres::notice[0m[2m:[0m relation ""idx_user_documents_user_id"" already exists, skipping"
1769795708141,"[2m2026-01-30T17:55:08.141631Z[0m [32m INFO[0m [2msqlx::postgres::notice[0m[2m:[0m relation ""idx_user_documents_status"" already exists, skipping"
1769795708143,"[2m2026-01-30T17:55:08.143954Z[0m [32m INFO[0m [2msqlx::postgres::notice[0m[2m:[0m relation ""idx_user_documents_type"" already exists, skipping"
1769795708146,"[2m2026-01-30T17:55:08.146335Z[0m [32m INFO[0m [2msqlx::postgres::notice[0m[2m:[0m relation ""idx_user_documents_user_status"" already exists, skipping"
1769795708166,[2m2026-01-30T17:55:08.166015Z[0m [32m INFO[0m [2myukpomnang_backend::migrations::auto_migrate[0m[2m:[0m ✅ Table user_documents créée
1769795708166,[2m2026-01-30T17:55:08.166067Z[0m [32m INFO[0m [2myukpomnang_backend::migrations::auto_migrate[0m[2m:[0m ✅ Migration user_documents réussie
1769795708166,[2m2026-01-30T17:55:08.166098Z[0m [32m INFO[0m [2myukpomnang_backend::migrations::auto_migrate[0m[2m:[0m 🔍 Vérification/création des tables assurance + QR code covoiturage...
1769795708168,"[2m2026-01-30T17:55:08.168473Z[0m [32m INFO[0m [2msqlx::postgres::notice[0m[2m:[0m relation ""covoiturage_insurance"" already exists, skipping"
1769795708170,"[2m2026-01-30T17:55:08.170824Z[0m [32m INFO[0m [2msqlx::postgres::notice[0m[2m:[0m relation ""idx_covoiturage_insurance_reservation"" already exists, skipping"
1769795708173,"[2m2026-01-30T17:55:08.173217Z[0m [32m INFO[0m [2msqlx::postgres::notice[0m[2m:[0m relation ""idx_covoiturage_insurance_passenger"" already exists, skipping"
1769795708175,"[2m2026-01-30T17:55:08.175634Z[0m [32m INFO[0m [2msqlx::postgres::notice[0m[2m:[0m relation ""idx_covoiturage_insurance_status"" already exists, skipping"
1769795708178,"[2m2026-01-30T17:55:08.177976Z[0m [32m INFO[0m [2msqlx::postgres::notice[0m[2m:[0m relation ""idx_covoiturage_insurance_dates"" already exists, skipping"
1769795708180,"[2m2026-01-30T17:55:08.180280Z[0m [32m INFO[0m [2msqlx::postgres::notice[0m[2m:[0m relation ""reservation_qr_codes"" already exists, skipping"
1769795708182,"[2m2026-01-30T17:55:08.182676Z[0m [32m INFO[0m [2msqlx::postgres::notice[0m[2m:[0m relation ""idx_reservation_qr_codes_reservation"" already exists, skipping"
1769795708185,"[2m2026-01-30T17:55:08.185031Z[0m [32m INFO[0m [2msqlx::postgres::notice[0m[2m:[0m relation ""idx_reservation_qr_codes_qr_code"" already exists, skipping"
1769795708187,"[2m2026-01-30T17:55:08.187459Z[0m [32m INFO[0m [2msqlx::postgres::notice[0m[2m:[0m relation ""idx_reservation_qr_codes_status"" already exists, skipping"
1769795708189,"[2m2026-01-30T17:55:08.189719Z[0m [32m INFO[0m [2msqlx::postgres::notice[0m[2m:[0m relation ""idx_reservation_qr_codes_expires"" already exists, skipping"
1769795708192,"[2m2026-01-30T17:55:08.192068Z[0m [32m INFO[0m [2msqlx::postgres::notice[0m[2m:[0m column ""insurance_included"" of relation ""specialized_reservations"" already exists, skipping"
1769795708192,"[2m2026-01-30T17:55:08.192078Z[0m [32m INFO[0m [2msqlx::postgres::notice[0m[2m:[0m column ""insurance_coverage_amount"" of relation ""specialized_reservations"" already exists, skipping"
1769795708203,[2m2026-01-30T17:55:08.203866Z[0m [32m INFO[0m [2myukpomnang_backend::migrations::auto_migrate[0m[2m:[0m ✅ Tables assurance + QR code créées
1769795708203,[2m2026-01-30T17:55:08.203899Z[0m [32m INFO[0m [2myukpomnang_backend::migrations::auto_migrate[0m[2m:[0m ✅ Migration assurance + QR code réussie
1769795708203,"[2m2026-01-30T17:55:08.203923Z[0m [32m INFO[0m [2myukpomnang_backend::migrations::auto_migrate[0m[2m:[0m 🔍 Vérification des tables loyalty, chat_support et bus_ticket_ratings..."
1769795708206,"[2m2026-01-30T17:55:08.206262Z[0m [32m INFO[0m [2msqlx::postgres::notice[0m[2m:[0m relation ""loyalty_transactions"" already exists, skipping"
1769795708208,"[2m2026-01-30T17:55:08.208670Z[0m [32m INFO[0m [2msqlx::postgres::notice[0m[2m:[0m relation ""idx_loyalty_user_id"" already exists, skipping"
1769795708211,"[2m2026-01-30T17:55:08.211049Z[0m [32m INFO[0m [2msqlx::postgres::notice[0m[2m:[0m relation ""idx_loyalty_timestamp"" already exists, skipping"
1769795708213,"[2m2026-01-30T17:55:08.213406Z[0m [32m INFO[0m [2msqlx::postgres::notice[0m[2m:[0m relation ""loyalty_rewards"" already exists, skipping"
1769795708218,"[2m2026-01-30T17:55:08.218321Z[0m [32m INFO[0m [2msqlx::postgres::notice[0m[2m:[0m relation ""chat_support_sessions"" already exists, skipping"
1769795708220,"[2m2026-01-30T17:55:08.220719Z[0m [32m INFO[0m [2msqlx::postgres::notice[0m[2m:[0m relation ""idx_chat_user_id"" already exists, skipping"
1769795708223,"[2m2026-01-30T17:55:08.223068Z[0m [32m INFO[0m [2msqlx::postgres::notice[0m[2m:[0m relation ""idx_chat_status"" already exists, skipping"
1769795708225,"[2m2026-01-30T17:55:08.225469Z[0m [32m INFO[0m [2msqlx::postgres::notice[0m[2m:[0m relation ""idx_chat_last_message"" already exists, skipping"
1769795708227,"[2m2026-01-30T17:55:08.227745Z[0m [32m INFO[0m [2msqlx::postgres::notice[0m[2m:[0m relation ""chat_support_messages"" already exists, skipping"
1769795708230,"[2m2026-01-30T17:55:08.230056Z[0m [32m INFO[0m [2msqlx::postgres::notice[0m[2m:[0m relation ""idx_chat_messages_session"" already exists, skipping"
1769795708232,"[2m2026-01-30T17:55:08.232375Z[0m [32m INFO[0m [2msqlx::postgres::notice[0m[2m:[0m relation ""idx_chat_messages_timestamp"" already exists, skipping"
1769795708234,"[2m2026-01-30T17:55:08.234669Z[0m [32m INFO[0m [2msqlx::postgres::notice[0m[2m:[0m relation ""bus_ticket_ratings"" already exists, skipping"
1769795708237,"[2m2026-01-30T17:55:08.237048Z[0m [32m INFO[0m [2msqlx::postgres::notice[0m[2m:[0m relation ""idx_rating_ticket_user"" already exists, skipping"
1769795708239,"[2m2026-01-30T17:55:08.239392Z[0m [32m INFO[0m [2msqlx::postgres::notice[0m[2m:[0m relation ""idx_rating_ticket"" already exists, skipping"
1769795708241,"[2m2026-01-30T17:55:08.241671Z[0m [32m INFO[0m [2msqlx::postgres::notice[0m[2m:[0m relation ""idx_rating_user"" already exists, skipping"
1769795708244,"[2m2026-01-30T17:55:08.243992Z[0m [32m INFO[0m [2msqlx::postgres::notice[0m[2m:[0m relation ""idx_rating_created"" already exists, skipping"
1769795708258,"[2m2026-01-30T17:55:08.258597Z[0m [32m INFO[0m [2myukpomnang_backend::migrations::auto_migrate[0m[2m:[0m ✅ Tables loyalty, chat_support et bus_ticket_ratings créées/vérifiées"
1769795708258,[2m2026-01-30T17:55:08.258609Z[0m [32m INFO[0m [2myukpomnang_backend::migrations::auto_migrate[0m[2m:[0m ✅ Migration auto: loyalty_chat_rating tables OK
1769795708258,[2m2026-01-30T17:55:08.258613Z[0m [32m INFO[0m [2myukpomnang_backend::migrations::auto_migrate[0m[2m:[0m 🔍 Vérification et création de la table banques_sang...
1769795708261,[2m2026-01-30T17:55:08.261487Z[0m [32m INFO[0m [2myukpomnang_backend::migrations::auto_migrate[0m[2m:[0m ✅ Table banques_sang déjà présente
1769795708261,[2m2026-01-30T17:55:08.261497Z[0m [32m INFO[0m [2myukpomnang_backend::migrations::auto_migrate[0m[2m:[0m ✅ Migration auto: banques_sang table OK
1769795708261,[2m2026-01-30T17:55:08.261501Z[0m [32m INFO[0m [2myukpomnang_backend::migrations::auto_migrate[0m[2m:[0m 🔍 Vérification et intégration tickets bus avec agences_voyage...
1769795708269,"[2m2026-01-30T17:55:08.269332Z[0m [32m INFO[0m [2msqlx::postgres::notice[0m[2m:[0m relation ""idx_agences_bus_products_gin"" already exists, skipping"
1769795708284,[2m2026-01-30T17:55:08.284769Z[0m [32m INFO[0m [2myukpomnang_backend::migrations::auto_migrate[0m[2m:[0m ✅ Intégration tickets bus avec agences_voyage créée/mise à jour
1769795708284,[2m2026-01-30T17:55:08.284781Z[0m [32m INFO[0m [2myukpomnang_backend::migrations::auto_migrate[0m[2m:[0m ✅ Migration auto: bus tickets integration OK
1769795708284,[2m2026-01-30T17:55:08.284785Z[0m [32m INFO[0m [2myukpomnang_backend::migrations::auto_migrate[0m[2m:[0m 🔍 Vérification système commission et reversement tickets bus...
1769795708300,"[2m2026-01-30T17:55:08.300960Z[0m [32m INFO[0m [2msqlx::postgres::notice[0m[2m:[0m relation ""idx_bus_payments_payout_status"" already exists, skipping"
1769795708306,[2m2026-01-30T17:55:08.306861Z[0m [32m INFO[0m [2myukpomnang_backend::migrations::auto_migrate[0m[2m:[0m ✅ Système commission et reversement tickets bus créé/mis à jour
1769795708306,[2m2026-01-30T17:55:08.306910Z[0m [32m INFO[0m [2myukpomnang_backend::migrations::auto_migrate[0m[2m:[0m ✅ Migration auto: bus ticket commission system OK
1769795708306,[2m2026-01-30T17:55:08.306933Z[0m [32m INFO[0m [2myukpomnang_backend::migrations::auto_migrate[0m[2m:[0m 🔍 Vérification/correction de la signature de search_services_gps_final...
1769795708312,"[2m2026-01-30T17:55:08.312055Z[0m [32m INFO[0m [2msqlx::postgres::notice[0m[2m:[0m function search_services_gps_final(text,text,pg_catalog.int4) does not exist, skipping"
1769795708314,"[2m2026-01-30T17:55:08.314241Z[0m [32m INFO[0m [2msqlx::postgres::notice[0m[2m:[0m function search_services_gps_final(text,text) does not exist, skipping"
1769795708317,"[2m2026-01-30T17:55:08.317118Z[0m [32m INFO[0m [2msqlx::postgres::notice[0m[2m:[0m function search_services_gps_final(text) does not exist, skipping"
1769795708319,"[2m2026-01-30T17:55:08.319346Z[0m [32m INFO[0m [2msqlx::postgres::notice[0m[2m:[0m function search_services_gps_final() does not exist, skipping"
1769795708326,[2m2026-01-30T17:55:08.326747Z[0m [32m INFO[0m [2myukpomnang_backend::migrations::auto_migrate[0m[2m:[0m ✅ Signature de search_services_gps_final corrigée
1769795708326,[2m2026-01-30T17:55:08.326758Z[0m [32m INFO[0m [2myukpomnang_backend::migrations::auto_migrate[0m[2m:[0m ✅ Migration auto: search_services_gps_final signature fix OK
1769795708326,[2m2026-01-30T17:55:08.326762Z[0m [32m INFO[0m [2myukpomnang_backend::migrations::auto_migrate[0m[2m:[0m 🔍 Application de l'optimisation CRITIQUE de search_services_gps_final...
1769795708331,"[2m2026-01-30T17:55:08.331914Z[0m [32m INFO[0m [2msqlx::postgres::notice[0m[2m:[0m function search_services_gps_final(text,text,pg_catalog.int4) does not exist, skipping"
1769795708334,"[2m2026-01-30T17:55:08.334165Z[0m [32m INFO[0m [2msqlx::postgres::notice[0m[2m:[0m function search_services_gps_final(text,text) does not exist, skipping"
1769795708337,"[2m2026-01-30T17:55:08.337101Z[0m [32m INFO[0m [2msqlx::postgres::notice[0m[2m:[0m function search_services_gps_final(text) does not exist, skipping"
1769795708339,"[2m2026-01-30T17:55:08.339298Z[0m [32m INFO[0m [2msqlx::postgres::notice[0m[2m:[0m function search_services_gps_final() does not exist, skipping"
1769795708345,[2m2026-01-30T17:55:08.345669Z[0m [32m INFO[0m [2myukpomnang_backend::migrations::auto_migrate[0m[2m:[0m ✅ Optimisation CRITIQUE de search_services_gps_final appliquée (réduction ~17s → <2s)
1769795708345,[2m2026-01-30T17:55:08.345697Z[0m [32m INFO[0m [2myukpomnang_backend::migrations::auto_migrate[0m[2m:[0m ✅ Migration auto: search_services_gps_final optimization OK
1769795708345,[2m2026-01-30T17:55:08.345709Z[0m [32m INFO[0m [2myukpomnang_backend::migrations::auto_migrate[0m[2m:[0m 🔍 Application de l'alignement de search_services_gps_final avec keyword_search_with_gps...
1769795708357,[2m2026-01-30T17:55:08.357427Z[0m [32m INFO[0m [2myukpomnang_backend::migrations::auto_migrate[0m[2m:[0m ✅ Alignement de search_services_gps_final avec keyword_search_with_gps appliqué
1769795708357,[2m2026-01-30T17:55:08.357458Z[0m [32m INFO[0m [2myukpomnang_backend::migrations::auto_migrate[0m[2m:[0m ✅ Migration auto: search_services_gps_final alignment OK
1769795708357,[2m2026-01-30T17:55:08.357483Z[0m [32m INFO[0m [2myukpomnang_backend::migrations::auto_migrate[0m[2m:[0m 🔍 Application de l'optimisation de hybrid_image_search avec unaccent() et similarity()...
1769795708367,[2m2026-01-30T17:55:08.367461Z[0m [33m WARN[0m [2myukpomnang_backend::migrations::auto_migrate[0m[2m:[0m ⚠️ [MIGRATION CONSOLIDÉE] Erreur lors de l'exécution de la commande SQL:
1769795708367,[2m2026-01-30T17:55:08.367491Z[0m [33m WARN[0m [2myukpomnang_backend::migrations::auto_migrate[0m[2m:[0m    Commande (preview): COMMENT ON FUNCTION hybrid_image_search IS 
1769795708367,'✅ OPTIMISÉ 2025-01-01: Utilise unaccent() et similarity() comme keyword_search_with_gps.
1769795708367,"Gère accents, erreurs de saisie, troncature. Aligné avec la n..."
1769795708367,"[2m2026-01-30T17:55:08.367505Z[0m [33m WARN[0m [2myukpomnang_backend::migrations::auto_migrate[0m[2m:[0m    Erreur: error returned from database: function name ""hybrid_image_search"" is not unique"
1769795708367,"[2m2026-01-30T17:55:08.367519Z[0m [33m WARN[0m [2myukpomnang_backend::migrations::auto_migrate[0m[2m:[0m ⚠️ Erreur lors de l'exécution SQL (continuation): error returned from database: function name ""hybrid_image_search"" is not unique"
1769795708367,[2m2026-01-30T17:55:08.367532Z[0m [32m INFO[0m [2myukpomnang_backend::migrations::auto_migrate[0m[2m:[0m ✅ Optimisation de hybrid_image_search appliquée (unaccent + similarity)
1769795708367,[2m2026-01-30T17:55:08.367542Z[0m [32m INFO[0m [2myukpomnang_backend::migrations::auto_migrate[0m[2m:[0m ✅ Migration auto: hybrid_image_search optimization OK
1769795708367,[2m2026-01-30T17:55:08.367553Z[0m [32m INFO[0m [2myukpomnang_backend::migrations::auto_migrate[0m[2m:[0m 🔍 Vérification/création des index d'optimisation de recherche...
1769795708369,"[2m2026-01-30T17:55:08.369955Z[0m [32m INFO[0m [2msqlx::postgres::notice[0m[2m:[0m relation ""idx_services_data_search_gin"" already exists, skipping"
1769795708372,"[2m2026-01-30T17:55:08.372448Z[0m [32m INFO[0m [2msqlx::postgres::notice[0m[2m:[0m relation ""idx_services_titre_service_search"" already exists, skipping"
1769795708375,"[2m2026-01-30T17:55:08.375648Z[0m [32m INFO[0m [2msqlx::postgres::notice[0m[2m:[0m relation ""idx_services_category_search"" already exists, skipping"
1769795708378,"[2m2026-01-30T17:55:08.378788Z[0m [32m INFO[0m [2msqlx::postgres::notice[0m[2m:[0m relation ""idx_services_produits_gin"" already exists, skipping"
1769795708381,"[2m2026-01-30T17:55:08.381134Z[0m [32m INFO[0m [2msqlx::postgres::notice[0m[2m:[0m relation ""idx_autocomplete_characteristics_vector_gin"" already exists, skipping"
1769795708384,"[2m2026-01-30T17:55:08.384055Z[0m [32m INFO[0m [2msqlx::postgres::notice[0m[2m:[0m relation ""idx_autocomplete_characteristics_location_gin"" already exists, skipping"
1769795708387,"[2m2026-01-30T17:55:08.387060Z[0m [32m INFO[0m [2msqlx::postgres::notice[0m[2m:[0m relation ""idx_autocomplete_characteristics_full_vector_gin"" already exists, skipping"
1769795708389,"[2m2026-01-30T17:55:08.389478Z[0m [32m INFO[0m [2msqlx::postgres::notice[0m[2m:[0m relation ""idx_autocomplete_service_identifiant"" already exists, skipping"
1769795708392,"[2m2026-01-30T17:55:08.392026Z[0m [32m INFO[0m [2msqlx::postgres::notice[0m[2m:[0m relation ""idx_services_gps_search"" already exists, skipping"
1769795708395,"[2m2026-01-30T17:55:08.395058Z[0m [32m INFO[0m [2msqlx::postgres::notice[0m[2m:[0m relation ""idx_products_lifecycle_active"" already exists, skipping"
1769795708398,"[2m2026-01-30T17:55:08.398180Z[0m [32m INFO[0m [2msqlx::postgres::notice[0m[2m:[0m relation ""idx_services_titre_service_fts"" already exists, skipping"
1769795708400,"[2m2026-01-30T17:55:08.400763Z[0m [32m INFO[0m [2msqlx::postgres::notice[0m[2m:[0m relation ""idx_services_description_fts"" already exists, skipping"
1769795708412,[2m2026-01-30T17:55:08.412823Z[0m [32m INFO[0m [2myukpomnang_backend::migrations::auto_migrate[0m[2m:[0m ✅ Index d'optimisation de recherche créés
1769795708412,[2m2026-01-30T17:55:08.412889Z[0m [32m INFO[0m [2myukpomnang_backend::migrations::auto_migrate[0m[2m:[0m ✅ Migration auto: search indexes optimization OK
1769795708412,[2m2026-01-30T17:55:08.412897Z[0m [32m INFO[0m [2myukpomnang_backend::migrations::auto_migrate[0m[2m:[0m 🔍 Vérification/création des index d'optimisation get_services_for_prestataire...
1769795708415,"[2m2026-01-30T17:55:08.415904Z[0m [32m INFO[0m [2msqlx::postgres::notice[0m[2m:[0m relation ""idx_products_lifecycle_service_product"" already exists, skipping"
1769795708418,"[2m2026-01-30T17:55:08.418273Z[0m [32m INFO[0m [2msqlx::postgres::notice[0m[2m:[0m relation ""idx_products_lifecycle_service_product_active"" already exists, skipping"
1769795708421,"[2m2026-01-30T17:55:08.421369Z[0m [32m INFO[0m [2msqlx::postgres::notice[0m[2m:[0m relation ""idx_services_user_id_created_at_desc"" already exists, skipping"
1769795708428,[2m2026-01-30T17:55:08.428382Z[0m [32m INFO[0m [2myukpomnang_backend::migrations::auto_migrate[0m[2m:[0m ✅ Index d'optimisation get_services_for_prestataire créés
1769795708428,[2m2026-01-30T17:55:08.428433Z[0m [32m INFO[0m [2myukpomnang_backend::migrations::auto_migrate[0m[2m:[0m ✅ Migration auto: get_services performance indexes OK
1769795708428,[2m2026-01-30T17:55:08.428442Z[0m [32m INFO[0m [2myukpomnang_backend::migrations::auto_migrate[0m[2m:[0m 🔍 Vérification/création des index et vues matérialisées de scalabilité...
1769795708431,"[2m2026-01-30T17:55:08.431399Z[0m [32m INFO[0m [2msqlx::postgres::notice[0m[2m:[0m relation ""idx_services_active_category_gps"" already exists, skipping"
1769795708434,"[2m2026-01-30T17:55:08.434424Z[0m [32m INFO[0m [2msqlx::postgres::notice[0m[2m:[0m relation ""idx_services_products_fulltext_gin"" already exists, skipping"
1769795708437,"[2m2026-01-30T17:55:08.437341Z[0m [32m INFO[0m [2msqlx::postgres::notice[0m[2m:[0m relation ""idx_services_products_array_gin"" already exists, skipping"
1769795708440,"[2m2026-01-30T17:55:08.440592Z[0m [32m INFO[0m [2msqlx::postgres::notice[0m[2m:[0m relation ""idx_deliveries_status_requested_at_optimized"" already exists, skipping"
1769795708443,"[2m2026-01-30T17:55:08.443689Z[0m [32m INFO[0m [2msqlx::postgres::notice[0m[2m:[0m relation ""idx_deliveries_creator_status"" already exists, skipping"
1769795708446,"[2m2026-01-30T17:55:08.446870Z[0m [32m INFO[0m [2msqlx::postgres::notice[0m[2m:[0m relation ""idx_couriers_status_rating"" already exists, skipping"
1769795708449,"[2m2026-01-30T17:55:08.449846Z[0m [32m INFO[0m [2msqlx::postgres::notice[0m[2m:[0m relation ""idx_tracking_points_recent_delivery"" already exists, skipping"
1769795708452,"[2m2026-01-30T17:55:08.452955Z[0m [32m INFO[0m [2msqlx::postgres::notice[0m[2m:[0m relation ""idx_video_jobs_status_created"" already exists, skipping"
1769795708456,"[2m2026-01-30T17:55:08.455978Z[0m [32m INFO[0m [2msqlx::postgres::notice[0m[2m:[0m relation ""idx_video_jobs_service_status"" already exists, skipping"
1769795708458,"[2m2026-01-30T17:55:08.458935Z[0m [32m INFO[0m [2msqlx::postgres::notice[0m[2m:[0m relation ""idx_video_jobs_user_status"" already exists, skipping"
1769795708462,"[2m2026-01-30T17:55:08.461998Z[0m [32m INFO[0m [2msqlx::postgres::notice[0m[2m:[0m relation ""services_search_cache"" already exists, skipping"
1769795708465,"[2m2026-01-30T17:55:08.465011Z[0m [32m INFO[0m [2msqlx::postgres::notice[0m[2m:[0m relation ""idx_services_search_cache_id_unique"" already exists, skipping"
1769795708467,"[2m2026-01-30T17:55:08.467440Z[0m [32m INFO[0m [2msqlx::postgres::notice[0m[2m:[0m relation ""idx_services_search_cache_vector"" already exists, skipping"
1769795708470,"[2m2026-01-30T17:55:08.470536Z[0m [32m INFO[0m [2msqlx::postgres::notice[0m[2m:[0m relation ""idx_services_search_cache_category"" already exists, skipping"
1769795708473,"[2m2026-01-30T17:55:08.473633Z[0m [32m INFO[0m [2msqlx::postgres::notice[0m[2m:[0m relation ""idx_services_search_cache_active"" already exists, skipping"
1769795708477,"[2m2026-01-30T17:55:08.477011Z[0m [32m INFO[0m [2msqlx::postgres::notice[0m[2m:[0m relation ""active_products_cache"" already exists, skipping"
1769795708479,"[2m2026-01-30T17:55:08.479453Z[0m [32m INFO[0m [2msqlx::postgres::notice[0m[2m:[0m relation ""idx_active_products_cache_id_unique"" already exists, skipping"
1769795708482,"[2m2026-01-30T17:55:08.482616Z[0m [32m INFO[0m [2msqlx::postgres::notice[0m[2m:[0m relation ""idx_active_products_service_category"" already exists, skipping"
1769795708485,"[2m2026-01-30T17:55:08.485822Z[0m [32m INFO[0m [2msqlx::postgres::notice[0m[2m:[0m relation ""idx_active_products_product_name"" already exists, skipping"
1769795708509,"[2m2026-01-30T17:55:08.508977Z[0m [32m INFO[0m [2msqlx::postgres::notice[0m[2m:[0m relation ""idx_services_user_active_created"" already exists, skipping"
1769795708521,[2m2026-01-30T17:55:08.521317Z[0m [32m INFO[0m [2msqlx::postgres::notice[0m[2m:[0m Index unique déjà présent sur services_search_cache
1769795708540,[2m2026-01-30T17:55:08.540401Z[0m [32m INFO[0m [2msqlx::postgres::notice[0m[2m:[0m Vue active_products_cache recréée avec cache_id
1769795708548,[2m2026-01-30T17:55:08.548281Z[0m [32m INFO[0m [2msqlx::postgres::notice[0m[2m:[0m Index unique déjà présent sur global_promo_catalog_cache
1769795708551,"[2m2026-01-30T17:55:08.551404Z[0m [32m INFO[0m [2msqlx::postgres::notice[0m[2m:[0m relation ""idx_pharmacies_active_on_duty_nom"" already exists, skipping"
1769795708554,"[2m2026-01-30T17:55:08.554534Z[0m [32m INFO[0m [2msqlx::postgres::notice[0m[2m:[0m relation ""idx_delivery_matching_queue_status_priority_next_attempt"" already exists, skipping"
1769795708557,"[2m2026-01-30T17:55:08.557617Z[0m [32m INFO[0m [2msqlx::postgres::notice[0m[2m:[0m relation ""idx_delivery_matching_queue_next_attempt_pending"" already exists, skipping"
1769795708649,[2m2026-01-30T17:55:08.649729Z[0m [33m WARN[0m [2myukpomnang_backend::migrations::auto_migrate[0m[2m:[0m ⚠️ [MIGRATION CONSOLIDÉE] Erreur lors de l'exécution de la commande SQL:
1769795708649,[2m2026-01-30T17:55:08.649746Z[0m [33m WARN[0m [2myukpomnang_backend::migrations::auto_migrate[0m[2m:[0m    Commande (preview): DO $$
1769795708649,DECLARE
1769795708649,    func_record RECORD;
1769795708649,    func_definition TEXT;
1769795708649,BEGIN
1769795708649,    FOR func_record IN 
1769795708649,        SELECT 
1769795708649,"            n.nspname as schema_name, "
1769795708649,"            p.proname as function_name,"
1769795708649,           ...
1769795708649,"[2m2026-01-30T17:55:08.649751Z[0m [33m WARN[0m [2myukpomnang_backend::migrations::auto_migrate[0m[2m:[0m    Erreur: error returned from database: ""array_agg"" is an aggregate function"
1769795708649,"[2m2026-01-30T17:55:08.649759Z[0m [33m WARN[0m [2myukpomnang_backend::migrations::auto_migrate[0m[2m:[0m ⚠️ Erreur lors de l'exécution SQL (continuation): error returned from database: ""array_agg"" is an aggregate function"
1769795708665,[2m2026-01-30T17:55:08.665397Z[0m [32m INFO[0m [2msqlx::postgres::notice[0m[2m:[0m ✅ La colonne nom_complet existe dans la table users
1769795708670,[2m2026-01-30T17:55:08.670838Z[0m [32m INFO[0m [2msqlx::postgres::notice[0m[2m:[0m ✅ La colonne name n'existe pas dans la table users (comme attendu)
1769795708671,[2m2026-01-30T17:55:08.670915Z[0m [32m INFO[0m [2myukpomnang_backend::migrations::auto_migrate[0m[2m:[0m ✅ Index et vues matérialisées de scalabilité créés
1769795708671,[2m2026-01-30T17:55:08.670923Z[0m [32m INFO[0m [2myukpomnang_backend::migrations::auto_migrate[0m[2m:[0m ✅ Migration auto: scalability indexes OK
1769795708671,[2m2026-01-30T17:55:08.670927Z[0m [32m INFO[0m [2myukpomnang_backend::migrations::auto_migrate[0m[2m:[0m 🔍 Vérification/création de la table videos avec hashtags...
1769795708674,"[2m2026-01-30T17:55:08.674003Z[0m [32m INFO[0m [2msqlx::postgres::notice[0m[2m:[0m relation ""videos"" already exists, skipping"
1769795708676,"[2m2026-01-30T17:55:08.676430Z[0m [32m INFO[0m [2msqlx::postgres::notice[0m[2m:[0m relation ""idx_videos_service_id"" already exists, skipping"
1769795708679,"[2m2026-01-30T17:55:08.679480Z[0m [32m INFO[0m [2msqlx::postgres::notice[0m[2m:[0m relation ""idx_videos_content_id"" already exists, skipping"
1769795708682,"[2m2026-01-30T17:55:08.682511Z[0m [32m INFO[0m [2msqlx::postgres::notice[0m[2m:[0m relation ""idx_videos_is_active"" already exists, skipping"
1769795708685,"[2m2026-01-30T17:55:08.685496Z[0m [32m INFO[0m [2msqlx::postgres::notice[0m[2m:[0m relation ""idx_videos_created_at"" already exists, skipping"
1769795708688,"[2m2026-01-30T17:55:08.688523Z[0m [32m INFO[0m [2msqlx::postgres::notice[0m[2m:[0m relation ""idx_videos_studio_session_id"" already exists, skipping"
1769795708691,"[2m2026-01-30T17:55:08.691489Z[0m [32m INFO[0m [2msqlx::postgres::notice[0m[2m:[0m relation ""idx_videos_hashtags_gin"" already exists, skipping"
1769795708694,"[2m2026-01-30T17:55:08.694588Z[0m [32m INFO[0m [2msqlx::postgres::notice[0m[2m:[0m relation ""idx_videos_title_fulltext"" already exists, skipping"
1769795708697,"[2m2026-01-30T17:55:08.697681Z[0m [32m INFO[0m [2msqlx::postgres::notice[0m[2m:[0m relation ""idx_videos_description_fulltext"" already exists, skipping"
1769795708700,"[2m2026-01-30T17:55:08.700698Z[0m [32m INFO[0m [2msqlx::postgres::notice[0m[2m:[0m relation ""idx_videos_embedding"" already exists, skipping"
1769795708745,[2m2026-01-30T17:55:08.745610Z[0m [32m INFO[0m [2myukpomnang_backend::migrations::auto_migrate[0m[2m:[0m ✅ Table videos avec hashtags créée
1769795708745,[2m2026-01-30T17:55:08.745635Z[0m [32m INFO[0m [2myukpomnang_backend::migrations::auto_migrate[0m[2m:[0m ✅ Migration auto: videos table with hashtags OK
1769795708745,[2m2026-01-30T17:55:08.745641Z[0m [32m INFO[0m [2myukpomnang_backend::migrations::auto_migrate[0m[2m:[0m 🔍 Application des optimisations de scalabilité hashtags...
1769795708748,"[2m2026-01-30T17:55:08.748843Z[0m [32m INFO[0m [2msqlx::postgres::notice[0m[2m:[0m relation ""idx_videos_hashtags_active_created"" already exists, skipping"
1769795708751,"[2m2026-01-30T17:55:08.751928Z[0m [32m INFO[0m [2msqlx::postgres::notice[0m[2m:[0m relation ""idx_videos_hashtag_lookup"" already exists, skipping"
1769795708755,"[2m2026-01-30T17:55:08.755085Z[0m [32m INFO[0m [2msqlx::postgres::notice[0m[2m:[0m relation ""idx_hashtag_stats_trend_score"" already exists, skipping"
1769795708758,"[2m2026-01-30T17:55:08.758711Z[0m [32m INFO[0m [2msqlx::postgres::notice[0m[2m:[0m relation ""hashtag_stats_materialized"" already exists, skipping"
1769795708761,"[2m2026-01-30T17:55:08.761805Z[0m [32m INFO[0m [2msqlx::postgres::notice[0m[2m:[0m relation ""idx_hashtag_stats_materialized_tag"" already exists, skipping"
1769795708765,"[2m2026-01-30T17:55:08.764973Z[0m [32m INFO[0m [2msqlx::postgres::notice[0m[2m:[0m relation ""idx_hashtag_stats_materialized_trend"" already exists, skipping"
1769795708768,"[2m2026-01-30T17:55:08.768265Z[0m [32m INFO[0m [2msqlx::postgres::notice[0m[2m:[0m relation ""idx_hashtag_stats_materialized_count"" already exists, skipping"
1769795708775,"[2m2026-01-30T17:55:08.774966Z[0m [32m INFO[0m [2msqlx::postgres::notice[0m[2m:[0m relation ""idx_videos_hashtag_cursor_created"" already exists, skipping"
1769795708778,"[2m2026-01-30T17:55:08.778402Z[0m [32m INFO[0m [2msqlx::postgres::notice[0m[2m:[0m relation ""idx_videos_hashtag_cursor_engagement"" already exists, skipping"
1769795708800,[2m2026-01-30T17:55:08.800583Z[0m [32m INFO[0m [2myukpomnang_backend::migrations::auto_migrate[0m[2m:[0m ✅ Optimisations de scalabilité hashtags appliquées (support millions d'interactions)
1769795708800,[2m2026-01-30T17:55:08.800652Z[0m [32m INFO[0m [2myukpomnang_backend::migrations::auto_migrate[0m[2m:[0m ✅ Migration auto: hashtags scalability optimizations OK
1769795708800,[2m2026-01-30T17:55:08.800662Z[0m [32m INFO[0m [2myukpomnang_backend::migrations::auto_migrate[0m[2m:[0m 🔍 Vérification/création améliorations algorithme recommandations...
1769795708805,"[2m2026-01-30T17:55:08.805870Z[0m [32m INFO[0m [2msqlx::postgres::notice[0m[2m:[0m column ""watch_duration_ms"" of relation ""content_engagement"" already exists, skipping"
1769795708805,"[2m2026-01-30T17:55:08.805882Z[0m [32m INFO[0m [2msqlx::postgres::notice[0m[2m:[0m column ""video_duration_ms"" of relation ""content_engagement"" already exists, skipping"
1769795708805,"[2m2026-01-30T17:55:08.805890Z[0m [32m INFO[0m [2msqlx::postgres::notice[0m[2m:[0m column ""completion_rate"" of relation ""content_engagement"" already exists, skipping"
1769795708805,"[2m2026-01-30T17:55:08.805893Z[0m [32m INFO[0m [2msqlx::postgres::notice[0m[2m:[0m column ""device_type"" of relation ""content_engagement"" already exists, skipping"
1769795708805,"[2m2026-01-30T17:55:08.805965Z[0m [32m INFO[0m [2msqlx::postgres::notice[0m[2m:[0m column ""location_gps"" of relation ""content_engagement"" already exists, skipping"
1769795708806,"[2m2026-01-30T17:55:08.805976Z[0m [32m INFO[0m [2msqlx::postgres::notice[0m[2m:[0m column ""shared"" of relation ""content_engagement"" already exists, skipping"
1769795708809,"[2m2026-01-30T17:55:08.809829Z[0m [32m INFO[0m [2msqlx::postgres::notice[0m[2m:[0m relation ""idx_content_engagement_watch_duration"" already exists, skipping"
1769795708812,"[2m2026-01-30T17:55:08.812900Z[0m [32m INFO[0m [2msqlx::postgres::notice[0m[2m:[0m relation ""idx_content_engagement_user_liked"" already exists, skipping"
1769795708816,"[2m2026-01-30T17:55:08.816094Z[0m [32m INFO[0m [2msqlx::postgres::notice[0m[2m:[0m relation ""idx_content_engagement_user_saved"" already exists, skipping"
1769795708819,"[2m2026-01-30T17:55:08.819189Z[0m [32m INFO[0m [2msqlx::postgres::notice[0m[2m:[0m relation ""user_preferences"" already exists, skipping"
1769795708822,"[2m2026-01-30T17:55:08.822278Z[0m [32m INFO[0m [2msqlx::postgres::notice[0m[2m:[0m relation ""idx_user_preferences_categories"" already exists, skipping"
1769795708825,"[2m2026-01-30T17:55:08.825313Z[0m [32m INFO[0m [2msqlx::postgres::notice[0m[2m:[0m relation ""idx_user_preferences_hashtags"" already exists, skipping"
1769795708862,[2m2026-01-30T17:55:08.862826Z[0m [32m INFO[0m [2myukpomnang_backend::migrations::auto_migrate[0m[2m:[0m ✅ Améliorations algorithme recommandations appliquées
1769795708862,[2m2026-01-30T17:55:08.862868Z[0m [32m INFO[0m [2myukpomnang_backend::migrations::auto_migrate[0m[2m:[0m ✅ Migration auto: recommendations enhancement OK
1769795708862,[2m2026-01-30T17:55:08.862901Z[0m [32m INFO[0m [2myukpomnang_backend::migrations::auto_migrate[0m[2m:[0m 🔍 Vérification/création des optimisations Phase 1 livraison...
1769795708869,"[2m2026-01-30T17:55:08.869042Z[0m [32m INFO[0m [2msqlx::postgres::notice[0m[2m:[0m relation ""idx_deliveries_active_status"" already exists, skipping"
1769795708872,"[2m2026-01-30T17:55:08.872121Z[0m [32m INFO[0m [2msqlx::postgres::notice[0m[2m:[0m relation ""idx_deliveries_courier_status_time"" already exists, skipping"
1769795708876,"[2m2026-01-30T17:55:08.876110Z[0m [32m INFO[0m [2msqlx::postgres::notice[0m[2m:[0m relation ""idx_deliveries_creator_dashboard"" already exists, skipping"
1769795708879,"[2m2026-01-30T17:55:08.879229Z[0m [32m INFO[0m [2msqlx::postgres::notice[0m[2m:[0m relation ""idx_deliveries_recipient_active"" already exists, skipping"
1769795708882,"[2m2026-01-30T17:55:08.882369Z[0m [32m INFO[0m [2msqlx::postgres::notice[0m[2m:[0m relation ""idx_courier_availability_matching"" already exists, skipping"
1769795708885,"[2m2026-01-30T17:55:08.885588Z[0m [32m INFO[0m [2msqlx::postgres::notice[0m[2m:[0m relation ""idx_courier_availability_location_spatial"" already exists, skipping"
1769795708885,[2m2026-01-30T17:55:08.885605Z[0m [32m INFO[0m [2msqlx::postgres::notice[0m[2m:[0m Index spatial créé pour courier_availability_snapshots
1769795708888,"[2m2026-01-30T17:55:08.888683Z[0m [32m INFO[0m [2msqlx::postgres::notice[0m[2m:[0m relation ""idx_delivery_matching_queue_priority"" already exists, skipping"
1769795708900,"[2m2026-01-30T17:55:08.900891Z[0m [32m INFO[0m [2msqlx::postgres::notice[0m[2m:[0m relation ""idx_courier_availability_recent"" already exists, skipping"
1769795708903,"[2m2026-01-30T17:55:08.903960Z[0m [32m INFO[0m [2msqlx::postgres::notice[0m[2m:[0m relation ""idx_courier_availability_zone_online"" already exists, skipping"
1769795708907,"[2m2026-01-30T17:55:08.907034Z[0m [32m INFO[0m [2msqlx::postgres::notice[0m[2m:[0m relation ""idx_delivery_tracking_points_recent"" already exists, skipping"
1769795708910,"[2m2026-01-30T17:55:08.910111Z[0m [32m INFO[0m [2msqlx::postgres::notice[0m[2m:[0m relation ""idx_delivery_tracking_points_courier_time"" already exists, skipping"
1769795708913,"[2m2026-01-30T17:55:08.913496Z[0m [32m INFO[0m [2msqlx::postgres::notice[0m[2m:[0m relation ""mv_delivery_stats_active"" already exists, skipping"
1769795708916,"[2m2026-01-30T17:55:08.916702Z[0m [32m INFO[0m [2msqlx::postgres::notice[0m[2m:[0m relation ""idx_mv_delivery_stats_active_status"" already exists, skipping"
1769795708920,"[2m2026-01-30T17:55:08.920360Z[0m [32m INFO[0m [2myukpomnang_backend::migrations::auto_migrate[0m[2m:[0m ✅ Optimisations Phase 1 livraison créées (index, fonction SQL, vues matérialisées)"
1769795708920,[2m2026-01-30T17:55:08.920408Z[0m [32m INFO[0m [2myukpomnang_backend::migrations::auto_migrate[0m[2m:[0m ✅ Migration auto: delivery Phase 1 optimizations OK
1769795708920,[2m2026-01-30T17:55:08.920433Z[0m [32m INFO[0m [2myukpomnang_backend::migrations::auto_migrate[0m[2m:[0m 🔍 Vérification/création des optimisations Phase 2 livraison (partitionnement)...
1769795708923,[2m2026-01-30T17:55:08.923737Z[0m [32m INFO[0m [2msqlx::postgres::notice[0m[2m:[0m Table deliveries existe déjà - partitionnement désactivé (nécessite migration manuelle)
1769795708927,[2m2026-01-30T17:55:08.927116Z[0m [32m INFO[0m [2msqlx::postgres::notice[0m[2m:[0m Table deliveries n'est pas partitionnée - création de partitions ignorée
1769795708930,[2m2026-01-30T17:55:08.930948Z[0m [32m INFO[0m [2msqlx::postgres::notice[0m[2m:[0m Table delivery_tracking_points existe déjà - partitionnement désactivé (nécessite migration manuelle)
1769795708934,[2m2026-01-30T17:55:08.934425Z[0m [32m INFO[0m [2msqlx::postgres::notice[0m[2m:[0m Table delivery_tracking_points n'est pas partitionnée - création de partitions ignorée
1769795708938,[2m2026-01-30T17:55:08.938399Z[0m [32m INFO[0m [2msqlx::postgres::notice[0m[2m:[0m Table delivery_status_events existe déjà - partitionnement désactivé (nécessite migration manuelle)
1769795708941,[2m2026-01-30T17:55:08.941831Z[0m [32m INFO[0m [2msqlx::postgres::notice[0m[2m:[0m Table delivery_status_events n'est pas partitionnée - création de partitions ignorée
1769795708944,"[2m2026-01-30T17:55:08.944809Z[0m [32m INFO[0m [2msqlx::postgres::notice[0m[2m:[0m relation ""deliveries_archive"" already exists, skipping"
1769795708947,"[2m2026-01-30T17:55:08.947924Z[0m [32m INFO[0m [2msqlx::postgres::notice[0m[2m:[0m relation ""idx_deliveries_archive_creator_date"" already exists, skipping"
1769795708951,"[2m2026-01-30T17:55:08.951086Z[0m [32m INFO[0m [2msqlx::postgres::notice[0m[2m:[0m relation ""idx_deliveries_archive_completed_at"" already exists, skipping"
1769795708965,"[2m2026-01-30T17:55:08.965864Z[0m [32m INFO[0m [2myukpomnang_backend::migrations::auto_migrate[0m[2m:[0m ✅ Optimisations Phase 2 livraison créées (partitions, archivage)"
1769795708965,[2m2026-01-30T17:55:08.965908Z[0m [32m INFO[0m [2myukpomnang_backend::migrations::auto_migrate[0m[2m:[0m ✅ Migration auto: delivery Phase 2 partitioning OK
1769795708965,[2m2026-01-30T17:55:08.965940Z[0m [32m INFO[0m [2myukpomnang_backend::migrations::auto_migrate[0m[2m:[0m 🔍 Application des améliorations de scalabilité vidéo (millions de créations simultanées)...
1769795708968,"[2m2026-01-30T17:55:08.968894Z[0m [32m INFO[0m [2msqlx::postgres::notice[0m[2m:[0m relation ""idx_video_jobs_status_created"" already exists, skipping"
1769795708971,"[2m2026-01-30T17:55:08.971925Z[0m [32m INFO[0m [2msqlx::postgres::notice[0m[2m:[0m relation ""idx_video_jobs_user_status"" already exists, skipping"
1769795708974,"[2m2026-01-30T17:55:08.974851Z[0m [32m INFO[0m [2msqlx::postgres::notice[0m[2m:[0m relation ""idx_studio_sessions_user_updated"" already exists, skipping"
1769795708977,"[2m2026-01-30T17:55:08.977842Z[0m [32m INFO[0m [2msqlx::postgres::notice[0m[2m:[0m relation ""idx_studio_sessions_status"" already exists, skipping"
1769795708980,"[2m2026-01-30T17:55:08.980867Z[0m [32m INFO[0m [2msqlx::postgres::notice[0m[2m:[0m relation ""idx_video_jobs_active"" already exists, skipping"
1769795708983,"[2m2026-01-30T17:55:08.983833Z[0m [32m INFO[0m [2msqlx::postgres::notice[0m[2m:[0m relation ""video_generation_metrics"" already exists, skipping"
1769795708986,"[2m2026-01-30T17:55:08.986857Z[0m [32m INFO[0m [2msqlx::postgres::notice[0m[2m:[0m relation ""video_generation_metrics_2025_01"" already exists, skipping"
1769795708990,"[2m2026-01-30T17:55:08.989990Z[0m [32m INFO[0m [2msqlx::postgres::notice[0m[2m:[0m relation ""video_generation_metrics_2025_02"" already exists, skipping"
1769795708993,"[2m2026-01-30T17:55:08.993206Z[0m [32m INFO[0m [2msqlx::postgres::notice[0m[2m:[0m relation ""idx_video_metrics_job"" already exists, skipping"
1769795708996,"[2m2026-01-30T17:55:08.996284Z[0m [32m INFO[0m [2msqlx::postgres::notice[0m[2m:[0m relation ""idx_video_metrics_user"" already exists, skipping"
1769795708999,"[2m2026-01-30T17:55:08.999174Z[0m [32m INFO[0m [2msqlx::postgres::notice[0m[2m:[0m relation ""rate_limit_tracking"" already exists, skipping"
1769795709002,"[2m2026-01-30T17:55:09.002482Z[0m [32m INFO[0m [2msqlx::postgres::notice[0m[2m:[0m relation ""idx_rate_limit_user_endpoint"" already exists, skipping"
1769795709010,"[2m2026-01-30T17:55:09.010640Z[0m [32m INFO[0m [2msqlx::postgres::notice[0m[2m:[0m relation ""video_generation_stats_hourly"" already exists, skipping"
1769795709014,"[2m2026-01-30T17:55:09.014140Z[0m [32m INFO[0m [2msqlx::postgres::notice[0m[2m:[0m relation ""idx_video_stats_hourly"" already exists, skipping"
1769795709021,"[2m2026-01-30T17:55:09.021688Z[0m [32m INFO[0m [2msqlx::postgres::notice[0m[2m:[0m relation ""idx_preview_events_session_created"" already exists, skipping"
1769795709025,"[2m2026-01-30T17:55:09.025800Z[0m [32m INFO[0m [2msqlx::postgres::notice[0m[2m:[0m relation ""idx_preview_events_status"" already exists, skipping"
1769795709029,"[2m2026-01-30T17:55:09.029141Z[0m [32m INFO[0m [2msqlx::postgres::notice[0m[2m:[0m relation ""studio_session_cache"" already exists, skipping"
1769795709032,"[2m2026-01-30T17:55:09.032172Z[0m [32m INFO[0m [2msqlx::postgres::notice[0m[2m:[0m relation ""idx_session_cache_expires"" already exists, skipping"
1769795709035,[2m2026-01-30T17:55:09.035160Z[0m [33m WARN[0m [2myukpomnang_backend::migrations::auto_migrate[0m[2m:[0m ⚠️ [MIGRATION CONSOLIDÉE] Erreur lors de l'exécution de la commande SQL:
1769795709035,[2m2026-01-30T17:55:09.035190Z[0m [33m WARN[0m [2myukpomnang_backend::migrations::auto_migrate[0m[2m:[0m    Commande (preview): CREATE OR REPLACE FUNCTION cleanup_expired_cache()
1769795709035,RETURNS void AS $$
1769795709035,BEGIN
1769795709035,    DELETE FROM studio_session_cache 
1769795709035,    WHERE expires_at < NOW();
1769795709035,END;
1769795709035,$$ LANGUAGE plpgsql;
1769795709035,[2m2026-01-30T17:55:09.035220Z[0m [33m WARN[0m [2myukpomnang_backend::migrations::auto_migrate[0m[2m:[0m    Erreur: error returned from database: cannot change return type of existing function
1769795709035,[2m2026-01-30T17:55:09.035229Z[0m [33m WARN[0m [2myukpomnang_backend::migrations::auto_migrate[0m[2m:[0m ⚠️ Erreur lors de l'exécution SQL (continuation): error returned from database: cannot change return type of existing function
1769795709042,[2m2026-01-30T17:55:09.042547Z[0m [32m INFO[0m [2myukpomnang_backend::migrations::auto_migrate[0m[2m:[0m ✅ Améliorations de scalabilité vidéo appliquées
1769795709042,[2m2026-01-30T17:55:09.042593Z[0m [32m INFO[0m [2myukpomnang_backend::migrations::auto_migrate[0m[2m:[0m ✅ Migration auto: video scalability improvements OK
1769795709042,[2m2026-01-30T17:55:09.042616Z[0m [32m INFO[0m [2myukpomnang_backend::migrations::auto_migrate[0m[2m:[0m 🔍 Vérification système validation tickets bus...
1769795709046,[2m2026-01-30T17:55:09.046221Z[0m [32m INFO[0m [2myukpomnang_backend::migrations::auto_migrate[0m[2m:[0m ✅ Système validation tickets bus déjà présent
1769795709046,[2m2026-01-30T17:55:09.046232Z[0m [32m INFO[0m [2myukpomnang_backend::migrations::auto_migrate[0m[2m:[0m ✅ Migration auto: bus ticket validation system OK
1769795709046,[2m2026-01-30T17:55:09.046235Z[0m [32m INFO[0m [2myukpomnang_backend::migrations::auto_migrate[0m[2m:[0m 🔍 Vérification système blocage places bus...
1769795709049,[2m2026-01-30T17:55:09.049649Z[0m [32m INFO[0m [2myukpomnang_backend::migrations::auto_migrate[0m[2m:[0m ✅ Système blocage places bus déjà présent
1769795709049,[2m2026-01-30T17:55:09.049660Z[0m [32m INFO[0m [2myukpomnang_backend::migrations::auto_migrate[0m[2m:[0m ✅ Migration auto: bus seat blocks system OK
1769795709049,[2m2026-01-30T17:55:09.049663Z[0m [32m INFO[0m [2myukpomnang_backend::migrations::auto_migrate[0m[2m:[0m 🔍 Vérification système matching intelligent banque de sang...
1769795709053,[2m2026-01-30T17:55:09.053265Z[0m [32m INFO[0m [2myukpomnang_backend::migrations::auto_migrate[0m[2m:[0m ✅ Système matching intelligent banque de sang déjà présent
1769795709053,[2m2026-01-30T17:55:09.053279Z[0m [32m INFO[0m [2myukpomnang_backend::migrations::auto_migrate[0m[2m:[0m ✅ Migration auto: blood donation matching system OK
1769795709053,[2m2026-01-30T17:55:09.053283Z[0m [32m INFO[0m [2myukpomnang_backend::migrations::auto_migrate[0m[2m:[0m 🔍 Vérification des tables token_consumption_logs et purchase_history...
1769795709060,[2m2026-01-30T17:55:09.060609Z[0m [32m INFO[0m [2myukpomnang_backend::migrations::auto_migrate[0m[2m:[0m ✅ Migration auto: token_consumption_logs et purchase_history OK
1769795709060,[2m2026-01-30T17:55:09.060619Z[0m [32m INFO[0m [2myukpomnang_backend::migrations::auto_migrate[0m[2m:[0m 🔍 Vérification de la table service_products...
1769795709064,[2m2026-01-30T17:55:09.064048Z[0m [32m INFO[0m [2myukpomnang_backend::migrations::auto_migrate[0m[2m:[0m ✅ Table service_products déjà présente
1769795709064,[2m2026-01-30T17:55:09.064057Z[0m [32m INFO[0m [2myukpomnang_backend::migrations::auto_migrate[0m[2m:[0m 🔍 Vérification des index service_products...
1769795709067,"[2m2026-01-30T17:55:09.067081Z[0m [32m INFO[0m [2msqlx::postgres::notice[0m[2m:[0m relation ""idx_service_products_service_id"" already exists, skipping"
1769795709070,"[2m2026-01-30T17:55:09.070138Z[0m [32m INFO[0m [2msqlx::postgres::notice[0m[2m:[0m relation ""idx_service_products_active"" already exists, skipping"
1769795709073,"[2m2026-01-30T17:55:09.073168Z[0m [32m INFO[0m [2msqlx::postgres::notice[0m[2m:[0m relation ""idx_service_products_type"" already exists, skipping"
1769795709076,"[2m2026-01-30T17:55:09.076391Z[0m [32m INFO[0m [2msqlx::postgres::notice[0m[2m:[0m relation ""idx_service_products_name_gin"" already exists, skipping"
1769795709079,"[2m2026-01-30T17:55:09.079435Z[0m [32m INFO[0m [2msqlx::postgres::notice[0m[2m:[0m relation ""idx_service_products_data_gin"" already exists, skipping"
1769795709082,"[2m2026-01-30T17:55:09.082354Z[0m [32m INFO[0m [2msqlx::postgres::notice[0m[2m:[0m relation ""idx_service_products_service_index"" already exists, skipping"
1769795709085,"[2m2026-01-30T17:55:09.085545Z[0m [32m INFO[0m [2msqlx::postgres::notice[0m[2m:[0m relation ""idx_service_products_created_at"" already exists, skipping"
1769795709085,[2m2026-01-30T17:55:09.085699Z[0m [32m INFO[0m [2myukpomnang_backend::migrations::auto_migrate[0m[2m:[0m ✅ Index service_products vérifiés/créés
1769795709085,[2m2026-01-30T17:55:09.085708Z[0m [32m INFO[0m [2myukpomnang_backend::migrations::auto_migrate[0m[2m:[0m ✅ Migration auto: service_products table OK
1769795709085,[2m2026-01-30T17:55:09.085739Z[0m [32m INFO[0m [2myukpomnang_backend::migrations::auto_migrate[0m[2m:[0m 🔍 Vérification de la table echanges...
1769795709089,[2m2026-01-30T17:55:09.089196Z[0m [33m WARN[0m [2myukpomnang_backend::migrations::auto_migrate[0m[2m:[0m ⚠️ Table echanges manquante (sera créée par 0000_create_all_tables.sql)
1769795709089,[2m2026-01-30T17:55:09.089207Z[0m [32m INFO[0m [2myukpomnang_backend::migrations::auto_migrate[0m[2m:[0m ✅ Migration auto: echanges table OK
1769795709089,[2m2026-01-30T17:55:09.089210Z[0m [32m INFO[0m [2myukpomnang_backend::migrations::auto_migrate[0m[2m:[0m 🔍 Vérification des tables de chat...
1769795709096,[2m2026-01-30T17:55:09.096131Z[0m [33m WARN[0m [2myukpomnang_backend::migrations::auto_migrate[0m[2m:[0m ⚠️ Tables de chat manquantes (seront créées par 0000_create_all_tables.sql)
1769795709096,[2m2026-01-30T17:55:09.096142Z[0m [32m INFO[0m [2myukpomnang_backend::migrations::auto_migrate[0m[2m:[0m ✅ Migration auto: chat tables OK
1769795709096,[2m2026-01-30T17:55:09.096146Z[0m [32m INFO[0m [2myukpomnang_backend::migrations::auto_migrate[0m[2m:[0m 🔍 Vérification/création de la table message_reactions...
1769795709099,"[2m2026-01-30T17:55:09.099076Z[0m [32m INFO[0m [2msqlx::postgres::notice[0m[2m:[0m relation ""message_reactions"" already exists, skipping"
1769795709102,"[2m2026-01-30T17:55:09.101997Z[0m [32m INFO[0m [2msqlx::postgres::notice[0m[2m:[0m relation ""idx_message_reactions_message_id"" already exists, skipping"
1769795709104,"[2m2026-01-30T17:55:09.104908Z[0m [32m INFO[0m [2msqlx::postgres::notice[0m[2m:[0m relation ""idx_message_reactions_user_id"" already exists, skipping"
1769795709125,[2m2026-01-30T17:55:09.125736Z[0m [32m INFO[0m [2myukpomnang_backend::migrations::auto_migrate[0m[2m:[0m ✅ Table message_reactions créée avec succès
1769795709125,[2m2026-01-30T17:55:09.125748Z[0m [32m INFO[0m [2myukpomnang_backend::migrations::auto_migrate[0m[2m:[0m ✅ Migration auto: message_reactions OK
1769795709125,[2m2026-01-30T17:55:09.125752Z[0m [32m INFO[0m [2myukpomnang_backend::migrations::auto_migrate[0m[2m:[0m 🔍 Vérification et correction de la table user_push_tokens...
1769795709128,"[2m2026-01-30T17:55:09.128662Z[0m [32m INFO[0m [2msqlx::postgres::notice[0m[2m:[0m relation ""user_push_tokens"" already exists, skipping"
1769795709142,"[2m2026-01-30T17:55:09.142102Z[0m [32m INFO[0m [2msqlx::postgres::notice[0m[2m:[0m relation ""idx_user_push_tokens_user_id"" already exists, skipping"
1769795709145,"[2m2026-01-30T17:55:09.145034Z[0m [32m INFO[0m [2msqlx::postgres::notice[0m[2m:[0m relation ""idx_user_push_tokens_push_token"" already exists, skipping"
1769795709148,"[2m2026-01-30T17:55:09.148076Z[0m [32m INFO[0m [2msqlx::postgres::notice[0m[2m:[0m relation ""idx_user_push_tokens_is_active"" already exists, skipping"
1769795709151,"[2m2026-01-30T17:55:09.150988Z[0m [32m INFO[0m [2msqlx::postgres::notice[0m[2m:[0m relation ""idx_user_push_tokens_device"" already exists, skipping"
1769795709157,[2m2026-01-30T17:55:09.157938Z[0m [32m INFO[0m [2myukpomnang_backend::migrations::auto_migrate[0m[2m:[0m ✅ Table user_push_tokens vérifiée et corrigée si nécessaire
1769795709158,[2m2026-01-30T17:55:09.158001Z[0m [32m INFO[0m [2myukpomnang_backend::migrations::auto_migrate[0m[2m:[0m ✅ Migration auto: user_push_tokens OK
1769795709158,[2m2026-01-30T17:55:09.158008Z[0m [32m INFO[0m [2myukpomnang_backend::migrations::auto_migrate[0m[2m:[0m 🔍 Vérification de la table image_analyses...
1769795709161,[2m2026-01-30T17:55:09.161398Z[0m [33m WARN[0m [2myukpomnang_backend::migrations::auto_migrate[0m[2m:[0m ⚠️ Table image_analyses manquante (sera créée par 0000_create_all_tables.sql)
1769795709161,[2m2026-01-30T17:55:09.161408Z[0m [32m INFO[0m [2myukpomnang_backend::migrations::auto_migrate[0m[2m:[0m ✅ Migration auto: image_analyses OK
1769795709161,[2m2026-01-30T17:55:09.161411Z[0m [32m INFO[0m [2myukpomnang_backend::migrations::auto_migrate[0m[2m:[0m 🔍 Vérification de la table programmes_scolaires...
1769795709164,[2m2026-01-30T17:55:09.164888Z[0m [33m WARN[0m [2myukpomnang_backend::migrations::auto_migrate[0m[2m:[0m ⚠️ Table programmes_scolaires manquante (sera créée par 0000_create_all_tables.sql)
1769795709164,[2m2026-01-30T17:55:09.164899Z[0m [32m INFO[0m [2myukpomnang_backend::migrations::auto_migrate[0m[2m:[0m ✅ Migration auto: programmes_scolaires OK
1769795709164,[2m2026-01-30T17:55:09.164904Z[0m [32m INFO[0m [2myukpomnang_backend::migrations::auto_migrate[0m[2m:[0m 🔍 Vérification des tables de modèles produits...
1769795709168,[2m2026-01-30T17:55:09.168307Z[0m [32m INFO[0m [2myukpomnang_backend::migrations::auto_migrate[0m[2m:[0m ✅ Migration auto: product models tables OK
1769795709168,[2m2026-01-30T17:55:09.168317Z[0m [32m INFO[0m [2myukpomnang_backend::migrations::auto_migrate[0m[2m:[0m 🔍 Vérification de la table visibility_tracking...
1769795709171,[2m2026-01-30T17:55:09.171852Z[0m [33m WARN[0m [2myukpomnang_backend::migrations::auto_migrate[0m[2m:[0m ⚠️ Table visibility_tracking manquante (sera créée par 0000_create_all_tables.sql)
1769795709171,[2m2026-01-30T17:55:09.171862Z[0m [32m INFO[0m [2myukpomnang_backend::migrations::auto_migrate[0m[2m:[0m ✅ Migration auto: visibility_tracking OK
1769795709171,[2m2026-01-30T17:55:09.171865Z[0m [32m INFO[0m [2myukpomnang_backend::migrations::auto_migrate[0m[2m:[0m 🔍 Vérification des tables service_team_management...
1769795709175,[2m2026-01-30T17:55:09.175293Z[0m [33m WARN[0m [2myukpomnang_backend::migrations::auto_migrate[0m[2m:[0m ⚠️ Tables service_team_management manquantes (seront créées par 0000_create_all_tables.sql)
1769795709175,[2m2026-01-30T17:55:09.175303Z[0m [32m INFO[0m [2myukpomnang_backend::migrations::auto_migrate[0m[2m:[0m ✅ Migration auto: service_team_management OK
1769795709175,[2m2026-01-30T17:55:09.175307Z[0m [32m INFO[0m [2myukpomnang_backend::migrations::auto_migrate[0m[2m:[0m 🔍 Vérification de la table bus_return_trips...
1769795709178,[2m2026-01-30T17:55:09.178874Z[0m [33m WARN[0m [2myukpomnang_backend::migrations::auto_migrate[0m[2m:[0m ⚠️ Table bus_return_trips manquante (sera créée par 0000_create_all_tables.sql)
1769795709178,[2m2026-01-30T17:55:09.178885Z[0m [32m INFO[0m [2myukpomnang_backend::migrations::auto_migrate[0m[2m:[0m ✅ Migration auto: bus_return_trips OK
1769795709178,[2m2026-01-30T17:55:09.178888Z[0m [32m INFO[0m [2myukpomnang_backend::migrations::auto_migrate[0m[2m:[0m 🔍 Vérification table agency_departure_schedules...
1769795709182,[2m2026-01-30T17:55:09.182356Z[0m [32m INFO[0m [2myukpomnang_backend::migrations::auto_migrate[0m[2m:[0m ✅ Table agency_departure_schedules déjà présente
1769795709182,[2m2026-01-30T17:55:09.182366Z[0m [32m INFO[0m [2myukpomnang_backend::migrations::auto_migrate[0m[2m:[0m ✅ Migration auto: agency_departure_schedules OK
1769795709182,[2m2026-01-30T17:55:09.182370Z[0m [32m INFO[0m [2myukpomnang_backend::migrations::auto_migrate[0m[2m:[0m 🔍 Vérification colonnes return_date et return_time...
1769795709188,[2m2026-01-30T17:55:09.188229Z[0m [32m INFO[0m [2myukpomnang_backend::migrations::auto_migrate[0m[2m:[0m ✅ Colonnes return_date et return_time déjà présentes
1769795709188,[2m2026-01-30T17:55:09.188240Z[0m [32m INFO[0m [2myukpomnang_backend::migrations::auto_migrate[0m[2m:[0m ✅ Migration auto: return_time columns OK
1769795709188,[2m2026-01-30T17:55:09.188243Z[0m [32m INFO[0m [2myukpomnang_backend::migrations::auto_migrate[0m[2m:[0m 🔍 Vérification fonction match_return_trip_requests améliorée...
1769795709194,"[2m2026-01-30T17:55:09.194844Z[0m [32m INFO[0m [2msqlx::postgres::notice[0m[2m:[0m function match_return_trip_requests(text) does not exist, skipping"
1769795709203,[2m2026-01-30T17:55:09.203137Z[0m [32m INFO[0m [2myukpomnang_backend::migrations::auto_migrate[0m[2m:[0m ✅ Fonction match_return_trip_requests améliorée avec matching par heure
1769795709203,[2m2026-01-30T17:55:09.203148Z[0m [32m INFO[0m [2myukpomnang_backend::migrations::auto_migrate[0m[2m:[0m ✅ Migration auto: improved return matching OK
1769795709203,[2m2026-01-30T17:55:09.203152Z[0m [32m INFO[0m [2myukpomnang_backend::migrations::auto_migrate[0m[2m:[0m 🔍 Vérification colonne groupe_sanguin dans users...
1769795709208,[2m2026-01-30T17:55:09.208486Z[0m [32m INFO[0m [2myukpomnang_backend::migrations::auto_migrate[0m[2m:[0m ✅ Colonne groupe_sanguin déjà présente dans users
1769795709208,[2m2026-01-30T17:55:09.208527Z[0m [32m INFO[0m [2myukpomnang_backend::migrations::auto_migrate[0m[2m:[0m ✅ Migration auto: blood_group column in users OK
1769795709208,[2m2026-01-30T17:55:09.208535Z[0m [32m INFO[0m [2myukpomnang_backend::migrations::auto_migrate[0m[2m:[0m 🔍 Vérification des tables de live streaming...
1769795709211,"[2m2026-01-30T17:55:09.211356Z[0m [32m INFO[0m [2msqlx::postgres::notice[0m[2m:[0m extension ""uuid-ossp"" already exists, skipping"
1769795709214,"[2m2026-01-30T17:55:09.214379Z[0m [32m INFO[0m [2msqlx::postgres::notice[0m[2m:[0m relation ""live_sessions"" already exists, skipping"
1769795709217,"[2m2026-01-30T17:55:09.217389Z[0m [32m INFO[0m [2msqlx::postgres::notice[0m[2m:[0m relation ""idx_live_sessions_status"" already exists, skipping"
1769795709220,"[2m2026-01-30T17:55:09.220603Z[0m [32m INFO[0m [2msqlx::postgres::notice[0m[2m:[0m relation ""idx_live_sessions_start_at"" already exists, skipping"
1769795709223,"[2m2026-01-30T17:55:09.223570Z[0m [32m INFO[0m [2msqlx::postgres::notice[0m[2m:[0m relation ""idx_live_sessions_service_id"" already exists, skipping"
1769795709226,"[2m2026-01-30T17:55:09.226521Z[0m [32m INFO[0m [2msqlx::postgres::notice[0m[2m:[0m relation ""live_replays"" already exists, skipping"
1769795709229,"[2m2026-01-30T17:55:09.229965Z[0m [32m INFO[0m [2msqlx::postgres::notice[0m[2m:[0m relation ""idx_live_replays_session_id"" already exists, skipping"
1769795709233,"[2m2026-01-30T17:55:09.233072Z[0m [32m INFO[0m [2msqlx::postgres::notice[0m[2m:[0m relation ""live_session_analytics"" already exists, skipping"
1769795709236,"[2m2026-01-30T17:55:09.236058Z[0m [32m INFO[0m [2msqlx::postgres::notice[0m[2m:[0m relation ""idx_live_session_analytics_last_synced"" already exists, skipping"
1769795709236,[2m2026-01-30T17:55:09.236112Z[0m [32m INFO[0m [2myukpomnang_backend::migrations::auto_migrate[0m[2m:[0m ✅ Tables de live streaming vérifiées
1769795709236,[2m2026-01-30T17:55:09.236120Z[0m [32m INFO[0m [2myukpomnang_backend::migrations::auto_migrate[0m[2m:[0m ✅ Migration auto: live streaming tables OK
1769795709236,[2m2026-01-30T17:55:09.236124Z[0m [32m INFO[0m [2myukpomnang_backend::migrations::auto_migrate[0m[2m:[0m 🔍 Vérification des tables de ventes flash live...
1769795709238,"[2m2026-01-30T17:55:09.238963Z[0m [32m INFO[0m [2msqlx::postgres::notice[0m[2m:[0m extension ""uuid-ossp"" already exists, skipping"
1769795709242,"[2m2026-01-30T17:55:09.241996Z[0m [32m INFO[0m [2msqlx::postgres::notice[0m[2m:[0m relation ""live_flash_sales"" already exists, skipping"
1769795709245,"[2m2026-01-30T17:55:09.245025Z[0m [32m INFO[0m [2msqlx::postgres::notice[0m[2m:[0m relation ""idx_live_flash_sales_session"" already exists, skipping"
1769795709248,"[2m2026-01-30T17:55:09.248076Z[0m [32m INFO[0m [2msqlx::postgres::notice[0m[2m:[0m relation ""idx_live_flash_sales_status"" already exists, skipping"
1769795709251,"[2m2026-01-30T17:55:09.251049Z[0m [32m INFO[0m [2msqlx::postgres::notice[0m[2m:[0m relation ""idx_live_flash_sales_timing"" already exists, skipping"
1769795709253,"[2m2026-01-30T17:55:09.253964Z[0m [32m INFO[0m [2msqlx::postgres::notice[0m[2m:[0m relation ""live_flash_sale_reservations"" already exists, skipping"
1769795709256,"[2m2026-01-30T17:55:09.256918Z[0m [32m INFO[0m [2msqlx::postgres::notice[0m[2m:[0m relation ""idx_live_flash_sale_reservations_flash"" already exists, skipping"
1769795709260,"[2m2026-01-30T17:55:09.260053Z[0m [32m INFO[0m [2msqlx::postgres::notice[0m[2m:[0m relation ""idx_live_flash_sale_reservations_user"" already exists, skipping"
1769795709263,"[2m2026-01-30T17:55:09.263106Z[0m [32m INFO[0m [2msqlx::postgres::notice[0m[2m:[0m relation ""live_flash_sale_commentaries"" already exists, skipping"
1769795709266,"[2m2026-01-30T17:55:09.266294Z[0m [32m INFO[0m [2msqlx::postgres::notice[0m[2m:[0m relation ""idx_live_flash_sale_commentaries_flash"" already exists, skipping"
1769795709269,"[2m2026-01-30T17:55:09.269522Z[0m [32m INFO[0m [2msqlx::postgres::notice[0m[2m:[0m column ""commentary_mode"" of relation ""live_flash_sales"" already exists, skipping"
1769795709273,"[2m2026-01-30T17:55:09.273086Z[0m [32m INFO[0m [2msqlx::postgres::notice[0m[2m:[0m column ""commentary_interval_seconds"" of relation ""live_flash_sales"" already exists, skipping"
1769795709276,"[2m2026-01-30T17:55:09.276533Z[0m [32m INFO[0m [2msqlx::postgres::notice[0m[2m:[0m column ""ai_voice_profile"" of relation ""live_flash_sales"" already exists, skipping"
1769795709279,"[2m2026-01-30T17:55:09.279948Z[0m [32m INFO[0m [2msqlx::postgres::notice[0m[2m:[0m column ""last_commentary_sent_at"" of relation ""live_flash_sales"" already exists, skipping"
1769795709283,"[2m2026-01-30T17:55:09.283396Z[0m [32m INFO[0m [2msqlx::postgres::notice[0m[2m:[0m column ""global_promo_entry_id"" of relation ""live_flash_sales"" already exists, skipping"
1769795709286,"[2m2026-01-30T17:55:09.286892Z[0m [32m INFO[0m [2msqlx::postgres::notice[0m[2m:[0m relation ""idx_live_flash_sales_global_promo"" already exists, skipping"
1769795709286,[2m2026-01-30T17:55:09.286966Z[0m [32m INFO[0m [2myukpomnang_backend::migrations::auto_migrate[0m[2m:[0m ✅ Tables live_flash_sales vérifiées
1769795709286,[2m2026-01-30T17:55:09.286975Z[0m [32m INFO[0m [2myukpomnang_backend::migrations::auto_migrate[0m[2m:[0m ✅ Migration auto: live flash sales tables OK
1769795709287,[2m2026-01-30T17:55:09.286978Z[0m [32m INFO[0m [2myukpomnang_backend::migrations::auto_migrate[0m[2m:[0m 🔍 Application des optimisations de scalabilité Flash Sales et Black Friday...
1769795709290,"[2m2026-01-30T17:55:09.290022Z[0m [32m INFO[0m [2msqlx::postgres::notice[0m[2m:[0m relation ""idx_flash_sales_status_start"" already exists, skipping"
1769795709293,"[2m2026-01-30T17:55:09.293301Z[0m [32m INFO[0m [2msqlx::postgres::notice[0m[2m:[0m relation ""idx_flash_reservations_sale_user"" already exists, skipping"
1769795709296,"[2m2026-01-30T17:55:09.296479Z[0m [32m INFO[0m [2msqlx::postgres::notice[0m[2m:[0m relation ""idx_flash_reservations_sale_quantity"" already exists, skipping"
1769795709299,"[2m2026-01-30T17:55:09.299541Z[0m [32m INFO[0m [2msqlx::postgres::notice[0m[2m:[0m relation ""idx_global_promo_entries_event_status"" already exists, skipping"
1769795709302,"[2m2026-01-30T17:55:09.302526Z[0m [32m INFO[0m [2msqlx::postgres::notice[0m[2m:[0m relation ""idx_global_promo_entries_service"" already exists, skipping"
1769795709305,"[2m2026-01-30T17:55:09.305454Z[0m [32m INFO[0m [2msqlx::postgres::notice[0m[2m:[0m relation ""idx_global_promo_products_highlighted_priority"" already exists, skipping"
1769795709308,"[2m2026-01-30T17:55:09.308367Z[0m [32m INFO[0m [2msqlx::postgres::notice[0m[2m:[0m relation ""idx_global_promo_events_status_dates"" already exists, skipping"
1769795709311,"[2m2026-01-30T17:55:09.311339Z[0m [32m INFO[0m [2msqlx::postgres::notice[0m[2m:[0m relation ""idx_global_promo_events_search"" already exists, skipping"
1769795709314,"[2m2026-01-30T17:55:09.314722Z[0m [32m INFO[0m [2msqlx::postgres::notice[0m[2m:[0m relation ""global_promo_catalog_cache"" already exists, skipping"
1769795709317,"[2m2026-01-30T17:55:09.317822Z[0m [32m INFO[0m [2msqlx::postgres::notice[0m[2m:[0m relation ""idx_global_promo_catalog_cache_entry_id"" already exists, skipping"
1769795709321,"[2m2026-01-30T17:55:09.320971Z[0m [32m INFO[0m [2msqlx::postgres::notice[0m[2m:[0m relation ""idx_global_promo_catalog_cache_highlighted_priority"" already exists, skipping"
1769795709324,"[2m2026-01-30T17:55:09.324235Z[0m [32m INFO[0m [2msqlx::postgres::notice[0m[2m:[0m relation ""idx_global_promo_catalog_cache_starts_at"" already exists, skipping"
1769795709327,"[2m2026-01-30T17:55:09.327519Z[0m [32m INFO[0m [2msqlx::postgres::notice[0m[2m:[0m relation ""idx_global_promo_catalog_cache_ends_at"" already exists, skipping"
1769795709327,[2m2026-01-30T17:55:09.327804Z[0m [32m INFO[0m [2myukpomnang_backend::migrations::auto_migrate[0m[2m:[0m ✅ Optimisations de scalabilité Flash Sales et Black Friday appliquées
1769795709327,[2m2026-01-30T17:55:09.327814Z[0m [32m INFO[0m [2myukpomnang_backend::migrations::auto_migrate[0m[2m:[0m ✅ Migration auto: optimisations scalabilité Flash/BlackFriday OK
1769795709327,[2m2026-01-30T17:55:09.327818Z[0m [32m INFO[0m [2myukpomnang_backend::migrations::auto_migrate[0m[2m:[0m 🗺️ Vérification de la table african_locations...
1769795709331,[2m2026-01-30T17:55:09.331404Z[0m [32m INFO[0m [2myukpomnang_backend::migrations::auto_migrate[0m[2m:[0m ✅ Table african_locations déjà présente
1769795709331,[2m2026-01-30T17:55:09.331435Z[0m [32m INFO[0m [2myukpomnang_backend::migrations::auto_migrate[0m[2m:[0m ✅ Migration auto: african_locations OK
1769795709331,[2m2026-01-30T17:55:09.331452Z[0m [32m INFO[0m [2myukpomnang_backend::migrations::auto_migrate[0m[2m:[0m 🔍 Vérification du format JSON des produits...
1769795709336,[2m2026-01-30T17:55:09.335964Z[0m [32m INFO[0m [2myukpomnang_backend::migrations::auto_migrate[0m[2m:[0m ✅ Tous les produits sont déjà en format JSON structuré
1769795709336,[2m2026-01-30T17:55:09.335975Z[0m [32m INFO[0m [2myukpomnang_backend::migrations::auto_migrate[0m[2m:[0m ✅ Migration auto: products JSON format OK
1769795709336,[2m2026-01-30T17:55:09.335978Z[0m [32m INFO[0m [2myukpomnang_backend::migrations::auto_migrate[0m[2m:[0m 🔍 Vérification de la fonction extract_all_product_text()...
1769795709339,[2m2026-01-30T17:55:09.339463Z[0m [32m INFO[0m [2myukpomnang_backend::migrations::auto_migrate[0m[2m:[0m ✅ Fonction extract_all_product_text() créée/mise à jour avec succès !
1769795709339,[2m2026-01-30T17:55:09.339473Z[0m [32m INFO[0m [2myukpomnang_backend::migrations::auto_migrate[0m[2m:[0m ✅ Migration auto: extract_all_product_text OK
1769795709339,[2m2026-01-30T17:55:09.339477Z[0m [32m INFO[0m [2myukpomnang_backend::migrations::auto_migrate[0m[2m:[0m 🔍 Vérification de la fonction deactivate_expired_products()...
1769795709342,[2m2026-01-30T17:55:09.342494Z[0m [32m INFO[0m [2myukpomnang_backend::migrations::auto_migrate[0m[2m:[0m ✅ Fonction deactivate_expired_products() déjà présente
1769795709358,[2m2026-01-30T17:55:09.358707Z[0m [32m INFO[0m [2myukpomnang_backend::migrations::auto_migrate[0m[2m:[0m ✅ Migration auto: deactivate_expired_products OK
1769795709358,[2m2026-01-30T17:55:09.358746Z[0m [32m INFO[0m [2myukpomnang_backend::migrations::auto_migrate[0m[2m:[0m 🔍 Vérification de la table publicites...
1769795709362,[2m2026-01-30T17:55:09.362126Z[0m [32m INFO[0m [2myukpomnang_backend::migrations::auto_migrate[0m[2m:[0m ✅ Table publicites déjà présente
1769795709423,[2m2026-01-30T17:55:09.423909Z[0m [32m INFO[0m [2myukpomnang_backend::migrations::auto_migrate[0m[2m:[0m ✅ Migration auto: publicites table OK
1769795709423,[2m2026-01-30T17:55:09.423923Z[0m [32m INFO[0m [2myukpomnang_backend::migrations::auto_migrate[0m[2m:[0m 🔍 Vérification de la table notifications...
1769795709427,[2m2026-01-30T17:55:09.427277Z[0m [32m INFO[0m [2myukpomnang_backend::migrations::auto_migrate[0m[2m:[0m ✅ Table notifications déjà présente
1769795709449,[2m2026-01-30T17:55:09.449766Z[0m [32m INFO[0m [2myukpomnang_backend::migrations::auto_migrate[0m[2m:[0m ✅ Migration auto: notifications table OK
1769795709449,[2m2026-01-30T17:55:09.449806Z[0m [32m INFO[0m [2myukpomnang_backend::migrations::auto_migrate[0m[2m:[0m 🔍 Vérification de la table autocomplete_characteristics...
1769795709453,[2m2026-01-30T17:55:09.453248Z[0m [32m INFO[0m [2myukpomnang_backend::migrations::auto_migrate[0m[2m:[0m ✅ Table autocomplete_characteristics déjà présente
1769795709488,"[2m2026-01-30T17:55:09.488515Z[0m [32m INFO[0m [2msqlx::postgres::notice[0m[2m:[0m relation ""idx_autocomplete_identifiant_base"" already exists, skipping"
1769795709491,"[2m2026-01-30T17:55:09.491524Z[0m [32m INFO[0m [2msqlx::postgres::notice[0m[2m:[0m relation ""idx_autocomplete_sous_caracteristique"" already exists, skipping"
1769795709494,"[2m2026-01-30T17:55:09.494559Z[0m [32m INFO[0m [2msqlx::postgres::notice[0m[2m:[0m relation ""idx_autocomplete_base_sous"" already exists, skipping"
1769795709497,"[2m2026-01-30T17:55:09.497728Z[0m [32m INFO[0m [2msqlx::postgres::notice[0m[2m:[0m relation ""idx_autocomplete_valeur_lower"" already exists, skipping"
1769795709500,"[2m2026-01-30T17:55:09.500697Z[0m [32m INFO[0m [2msqlx::postgres::notice[0m[2m:[0m relation ""idx_autocomplete_origine"" already exists, skipping"
1769795709503,"[2m2026-01-30T17:55:09.503675Z[0m [32m INFO[0m [2msqlx::postgres::notice[0m[2m:[0m relation ""idx_autocomplete_user_id"" already exists, skipping"
1769795709506,"[2m2026-01-30T17:55:09.506647Z[0m [32m INFO[0m [2msqlx::postgres::notice[0m[2m:[0m relation ""idx_autocomplete_service_id"" already exists, skipping"
1769795709509,"[2m2026-01-30T17:55:09.509781Z[0m [32m INFO[0m [2msqlx::postgres::notice[0m[2m:[0m relation ""idx_autocomplete_usage_count"" already exists, skipping"
1769795709512,"[2m2026-01-30T17:55:09.512863Z[0m [32m INFO[0m [2msqlx::postgres::notice[0m[2m:[0m relation ""idx_autocomplete_identifiant_base"" already exists, skipping"
1769795709515,"[2m2026-01-30T17:55:09.515844Z[0m [32m INFO[0m [2msqlx::postgres::notice[0m[2m:[0m relation ""idx_autocomplete_sous_caracteristique"" already exists, skipping"
1769795709518,"[2m2026-01-30T17:55:09.518828Z[0m [32m INFO[0m [2msqlx::postgres::notice[0m[2m:[0m relation ""idx_autocomplete_base_sous"" already exists, skipping"
1769795709521,"[2m2026-01-30T17:55:09.521814Z[0m [32m INFO[0m [2msqlx::postgres::notice[0m[2m:[0m relation ""idx_autocomplete_valeur_lower"" already exists, skipping"
1769795709524,"[2m2026-01-30T17:55:09.524862Z[0m [32m INFO[0m [2msqlx::postgres::notice[0m[2m:[0m relation ""idx_autocomplete_origine"" already exists, skipping"
1769795709527,"[2m2026-01-30T17:55:09.527868Z[0m [32m INFO[0m [2msqlx::postgres::notice[0m[2m:[0m relation ""idx_autocomplete_user_id"" already exists, skipping"
1769795709530,"[2m2026-01-30T17:55:09.530877Z[0m [32m INFO[0m [2msqlx::postgres::notice[0m[2m:[0m relation ""idx_autocomplete_service_id"" already exists, skipping"
1769795709533,"[2m2026-01-30T17:55:09.533903Z[0m [32m INFO[0m [2msqlx::postgres::notice[0m[2m:[0m relation ""idx_autocomplete_usage_count"" already exists, skipping"
1769795709536,"[2m2026-01-30T17:55:09.536885Z[0m [32m INFO[0m [2msqlx::postgres::notice[0m[2m:[0m relation ""idx_autochar_characteristic_vector_gin"" already exists, skipping"
1769795709539,"[2m2026-01-30T17:55:09.539794Z[0m [32m INFO[0m [2msqlx::postgres::notice[0m[2m:[0m relation ""idx_autochar_location_vector_gin"" already exists, skipping"
1769795709542,"[2m2026-01-30T17:55:09.542680Z[0m [32m INFO[0m [2msqlx::postgres::notice[0m[2m:[0m relation ""idx_autochar_full_vector_gin"" already exists, skipping"
1769795709545,"[2m2026-01-30T17:55:09.545635Z[0m [32m INFO[0m [2msqlx::postgres::notice[0m[2m:[0m relation ""idx_autochar_product_id"" already exists, skipping"
1769795709548,"[2m2026-01-30T17:55:09.548537Z[0m [32m INFO[0m [2msqlx::postgres::notice[0m[2m:[0m relation ""idx_autochar_geoname_id"" already exists, skipping"
1769795709551,"[2m2026-01-30T17:55:09.551573Z[0m [32m INFO[0m [2msqlx::postgres::notice[0m[2m:[0m relation ""idx_autochar_location_usage"" already exists, skipping"
1769795709556,"[2m2026-01-30T17:55:09.556295Z[0m [32m INFO[0m [2msqlx::postgres::notice[0m[2m:[0m relation ""idx_autocomplete_real_product_composite"" already exists, skipping"
1769795709559,"[2m2026-01-30T17:55:09.559346Z[0m [32m INFO[0m [2msqlx::postgres::notice[0m[2m:[0m relation ""idx_autocomplete_relevance_sort"" already exists, skipping"
1769795709562,"[2m2026-01-30T17:55:09.562434Z[0m [32m INFO[0m [2msqlx::postgres::notice[0m[2m:[0m relation ""idx_services_active_id"" already exists, skipping"
1769795709565,"[2m2026-01-30T17:55:09.565444Z[0m [32m INFO[0m [2msqlx::postgres::notice[0m[2m:[0m relation ""idx_services_user_id"" already exists, skipping"
1769795709568,"[2m2026-01-30T17:55:09.568628Z[0m [32m INFO[0m [2msqlx::postgres::notice[0m[2m:[0m relation ""idx_autocomplete_full_vector_gin_filtered"" already exists, skipping"
1769795709571,"[2m2026-01-30T17:55:09.571626Z[0m [32m INFO[0m [2msqlx::postgres::notice[0m[2m:[0m relation ""idx_autocomplete_chosen_location_filtered"" already exists, skipping"
1769795709585,[2m2026-01-30T17:55:09.585806Z[0m [32m INFO[0m [2myukpomnang_backend::migrations::auto_migrate[0m[2m:[0m ✅ Table autocomplete_characteristics créée avec succès !
1769795709585,[2m2026-01-30T17:55:09.585860Z[0m [32m INFO[0m [2myukpomnang_backend::migrations::auto_migrate[0m[2m:[0m ✅ Migration auto: autocomplete_characteristics table OK
1769795709585,[2m2026-01-30T17:55:09.585881Z[0m [32m INFO[0m [2myukpomnang_backend::migrations::auto_migrate[0m[2m:[0m 🔍 Vérification de l'optimisation matching vectoriel...
1769795709596,"[2m2026-01-30T17:55:09.596024Z[0m [32m INFO[0m [2msqlx::postgres::notice[0m[2m:[0m column ""normalized_characteristic_vector"" of relation ""autocomplete_characteristics"" already exists, skipping"
1769795709599,"[2m2026-01-30T17:55:09.599588Z[0m [32m INFO[0m [2msqlx::postgres::notice[0m[2m:[0m column ""normalized_full_vector"" of relation ""autocomplete_characteristics"" already exists, skipping"
1769795709603,"[2m2026-01-30T17:55:09.603099Z[0m [32m INFO[0m [2msqlx::postgres::notice[0m[2m:[0m relation ""idx_autocomplete_normalized_characteristic_vector_gin"" already exists, skipping"
1769795709606,"[2m2026-01-30T17:55:09.606131Z[0m [32m INFO[0m [2msqlx::postgres::notice[0m[2m:[0m relation ""idx_autocomplete_normalized_full_vector_gin"" already exists, skipping"
1769795709609,"[2m2026-01-30T17:55:09.609176Z[0m [32m INFO[0m [2msqlx::postgres::notice[0m[2m:[0m relation ""idx_autocomplete_normalized_filters"" already exists, skipping"
1769795709617,[2m2026-01-30T17:55:09.617192Z[0m [32m INFO[0m [2myukpomnang_backend::migrations::auto_migrate[0m[2m:[0m ✅ Optimisation matching vectoriel appliquée avec succès !
1769795709617,[2m2026-01-30T17:55:09.617203Z[0m [32m INFO[0m [2myukpomnang_backend::migrations::auto_migrate[0m[2m:[0m ✅ Migration auto: vector matching optimization OK
1769795709617,[2m2026-01-30T17:55:09.617207Z[0m [32m INFO[0m [2myukpomnang_backend::migrations::auto_migrate[0m[2m:[0m 🔍 Application migration image search vector matching optimization...
1769795709619,[2m2026-01-30T17:55:09.618991Z[0m [31mERROR[0m [2myukpomnang_backend::migrations::auto_migrate[0m[2m:[0m ❌ Erreur migration auto image search vector matching: error returned from database: cannot insert multiple commands into a prepared statement
1769795709619,[2m2026-01-30T17:55:09.619003Z[0m [32m INFO[0m [2myukpomnang_backend::migrations::auto_migrate[0m[2m:[0m 🔍 Application migration fix image search to_tsvector error...
1769795709620,[2m2026-01-30T17:55:09.620721Z[0m [31mERROR[0m [2myukpomnang_backend::migrations::auto_migrate[0m[2m:[0m ❌ Erreur migration auto fix image search to_tsvector: error returned from database: cannot insert multiple commands into a prepared statement
1769795709620,[2m2026-01-30T17:55:09.620795Z[0m [32m INFO[0m [2myukpomnang_backend::migrations::auto_migrate[0m[2m:[0m 🔍 Application migration audio search cache optimization...
1769795709623,[2m2026-01-30T17:55:09.623565Z[0m [32m INFO[0m [2myukpomnang_backend::migrations::auto_migrate[0m[2m:[0m ✅ Migration audio search cache optimization appliquée
1769795709623,[2m2026-01-30T17:55:09.623575Z[0m [32m INFO[0m [2myukpomnang_backend::migrations::auto_migrate[0m[2m:[0m 🔧 Correction de la fonction run_audio_cache_cleanup avec gestion NULL...
1769795709625,[2m2026-01-30T17:55:09.625135Z[0m [31mERROR[0m [2myukpomnang_backend::migrations::auto_migrate[0m[2m:[0m ❌ Erreur migration auto audio search cache: error returned from database: cannot insert multiple commands into a prepared statement
1769795709625,[2m2026-01-30T17:55:09.625146Z[0m [32m INFO[0m [2myukpomnang_backend::migrations::auto_migrate[0m[2m:[0m 🔍 Application migration search performance final optimization...
1769795709626,[2m2026-01-30T17:55:09.626709Z[0m [31mERROR[0m [2myukpomnang_backend::migrations::auto_migrate[0m[2m:[0m ❌ Erreur migration auto search performance final: error returned from database: cannot insert multiple commands into a prepared statement
1769795709626,[2m2026-01-30T17:55:09.626753Z[0m [32m INFO[0m [2myukpomnang_backend::migrations::auto_migrate[0m[2m:[0m 🔍 Vérification de la table autocomplete_combinations...
1769795709630,[2m2026-01-30T17:55:09.630806Z[0m [32m INFO[0m [2myukpomnang_backend::migrations::auto_migrate[0m[2m:[0m ✅ Table autocomplete_combinations déjà présente
1769795709669,[2m2026-01-30T17:55:09.669239Z[0m [32m INFO[0m [2myukpomnang_backend::migrations::auto_migrate[0m[2m:[0m 🔄 Mise à jour de la fonction upsert_autocomplete_combination...
1769795709673,[2m2026-01-30T17:55:09.673186Z[0m [32m INFO[0m [2myukpomnang_backend::migrations::auto_migrate[0m[2m:[0m ✅ Fonction upsert_autocomplete_combination mise à jour
1769795709682,"[2m2026-01-30T17:55:09.682453Z[0m [32m INFO[0m [2msqlx::postgres::notice[0m[2m:[0m relation ""idx_combinations_service_id"" already exists, skipping"
1769795709685,"[2m2026-01-30T17:55:09.685479Z[0m [32m INFO[0m [2msqlx::postgres::notice[0m[2m:[0m relation ""idx_combinations_session"" already exists, skipping"
1769795709688,"[2m2026-01-30T17:55:09.688733Z[0m [32m INFO[0m [2msqlx::postgres::notice[0m[2m:[0m relation ""idx_combinations_ai_preferred"" already exists, skipping"
1769795709691,"[2m2026-01-30T17:55:09.691796Z[0m [32m INFO[0m [2msqlx::postgres::notice[0m[2m:[0m relation ""idx_combinations_product_vector_gin"" already exists, skipping"
1769795709694,"[2m2026-01-30T17:55:09.694754Z[0m [32m INFO[0m [2msqlx::postgres::notice[0m[2m:[0m relation ""idx_combinations_location_vector_gin"" already exists, skipping"
1769795709697,"[2m2026-01-30T17:55:09.697633Z[0m [32m INFO[0m [2msqlx::postgres::notice[0m[2m:[0m relation ""idx_combinations_full_vector_gin"" already exists, skipping"
1769795709700,"[2m2026-01-30T17:55:09.700630Z[0m [32m INFO[0m [2msqlx::postgres::notice[0m[2m:[0m relation ""idx_combinations_usage_count"" already exists, skipping"
1769795709703,"[2m2026-01-30T17:55:09.703710Z[0m [32m INFO[0m [2msqlx::postgres::notice[0m[2m:[0m relation ""idx_combinations_variant"" already exists, skipping"
1769795709729,[2m2026-01-30T17:55:09.729394Z[0m [32m INFO[0m [2myukpomnang_backend::migrations::auto_migrate[0m[2m:[0m ✅ Table autocomplete_combinations créée avec succès !
1769795709729,[2m2026-01-30T17:55:09.729454Z[0m [32m INFO[0m [2myukpomnang_backend::migrations::auto_migrate[0m[2m:[0m 🧹 Nettoyage des doublons dans autocomplete_combinations (full_vector)
1769795709737,[2m2026-01-30T17:55:09.737091Z[0m [32m INFO[0m [2myukpomnang_backend::migrations::auto_migrate[0m[2m:[0m ✅ 0 doublons full_vector supprimés
1769795709737,[2m2026-01-30T17:55:09.737128Z[0m [32m INFO[0m [2myukpomnang_backend::migrations::auto_migrate[0m[2m:[0m 🧹 Nettoyage des doublons dans autocomplete_combinations (product_vector)
1769795709745,[2m2026-01-30T17:55:09.745008Z[0m [32m INFO[0m [2myukpomnang_backend::migrations::auto_migrate[0m[2m:[0m ✅ 0 doublons product_vector supprimés
1769795709745,[2m2026-01-30T17:55:09.745056Z[0m [32m INFO[0m [2myukpomnang_backend::migrations::auto_migrate[0m[2m:[0m ✅ Migration auto: autocomplete_combinations table OK
1769795709745,[2m2026-01-30T17:55:09.745077Z[0m [32m INFO[0m [2myukpomnang_backend::migrations::auto_migrate[0m[2m:[0m 🔍 Vérification de la table token_usage_logs...
1769795709748,[2m2026-01-30T17:55:09.748586Z[0m [32m INFO[0m [2myukpomnang_backend::migrations::auto_migrate[0m[2m:[0m ✅ Table token_usage_logs déjà présente
1769795709830,[2m2026-01-30T17:55:09.830333Z[0m [32m INFO[0m [2myukpomnang_backend::migrations::auto_migrate[0m[2m:[0m ✅ Migration auto: token_usage_logs table OK
1769795709830,[2m2026-01-30T17:55:09.830422Z[0m [32m INFO[0m [2myukpomnang_backend::migrations::auto_migrate[0m[2m:[0m 🔍 Vérification de la table service_reviews...
1769795709833,[2m2026-01-30T17:55:09.833823Z[0m [32m INFO[0m [2myukpomnang_backend::migrations::auto_migrate[0m[2m:[0m ✅ Table service_reviews déjà présente
1769795709847,"[2m2026-01-30T17:55:09.847677Z[0m [32m INFO[0m [2msqlx::postgres::notice[0m[2m:[0m relation ""idx_service_reviews_service"" already exists, skipping"
1769795709850,"[2m2026-01-30T17:55:09.850585Z[0m [32m INFO[0m [2msqlx::postgres::notice[0m[2m:[0m relation ""idx_service_reviews_user"" already exists, skipping"
1769795709853,"[2m2026-01-30T17:55:09.853536Z[0m [32m INFO[0m [2msqlx::postgres::notice[0m[2m:[0m relation ""idx_service_reviews_reply_to"" already exists, skipping"
1769795709853,[2m2026-01-30T17:55:09.853615Z[0m [32m INFO[0m [2myukpomnang_backend::migrations::auto_migrate[0m[2m:[0m ✅ Table service_reviews vérifiée/créée avec succès !
1769795709853,[2m2026-01-30T17:55:09.853624Z[0m [32m INFO[0m [2myukpomnang_backend::migrations::auto_migrate[0m[2m:[0m ✅ Migration auto: service_reviews table OK
1769795709853,[2m2026-01-30T17:55:09.853628Z[0m [32m INFO[0m [2myukpomnang_backend::migrations::auto_migrate[0m[2m:[0m 🔍 Vérification de la table product_comments...
1769795709857,"[2m2026-01-30T17:55:09.857032Z[0m [32m INFO[0m [2myukpomnang_backend::migrations::auto_migrate[0m[2m:[0m ✅ Table product_comments déjà présente, vérification des colonnes..."
1769795709914,"[2m2026-01-30T17:55:09.914165Z[0m [32m INFO[0m [2msqlx::postgres::notice[0m[2m:[0m relation ""idx_product_comments_service"" already exists, skipping"
1769795709917,"[2m2026-01-30T17:55:09.917231Z[0m [32m INFO[0m [2msqlx::postgres::notice[0m[2m:[0m relation ""idx_product_comments_parent"" already exists, skipping"
1769795709920,"[2m2026-01-30T17:55:09.920272Z[0m [32m INFO[0m [2msqlx::postgres::notice[0m[2m:[0m relation ""idx_product_comments_user"" already exists, skipping"
1769795709931,[2m2026-01-30T17:55:09.931300Z[0m [32m INFO[0m [2myukpomnang_backend::migrations::auto_migrate[0m[2m:[0m 🔍 Vérification de la table product_comment_reactions...
1769795709937,"[2m2026-01-30T17:55:09.937897Z[0m [32m INFO[0m [2msqlx::postgres::notice[0m[2m:[0m relation ""idx_product_comment_reactions_comment"" already exists, skipping"
1769795709940,"[2m2026-01-30T17:55:09.940853Z[0m [32m INFO[0m [2msqlx::postgres::notice[0m[2m:[0m relation ""idx_product_comment_reactions_user"" already exists, skipping"
1769795709946,[2m2026-01-30T17:55:09.945997Z[0m [32m INFO[0m [2myukpomnang_backend::migrations::auto_migrate[0m[2m:[0m ✅ Tables product_comments et product_comment_reactions vérifiées/créées avec succès !
1769795709946,[2m2026-01-30T17:55:09.946051Z[0m [32m INFO[0m [2myukpomnang_backend::migrations::auto_migrate[0m[2m:[0m ✅ Migration auto: product_comments table OK
1769795709946,[2m2026-01-30T17:55:09.946059Z[0m [32m INFO[0m [2myukpomnang_backend::migrations::auto_migrate[0m[2m:[0m 🔍 Vérification des tables livraison (enums + structures)...
1769795709946,[2m2026-01-30T17:55:09.946063Z[0m [32m INFO[0m [2myukpomnang_backend::migrations::auto_migrate[0m[2m:[0m ➡️ [delivery_migration] Create enum delivery_status
1769795709949,[2m2026-01-30T17:55:09.948972Z[0m [32m INFO[0m [2myukpomnang_backend::migrations::auto_migrate[0m[2m:[0m ✅ [delivery_migration] Create enum delivery_status (0 lignes affectées)
1769795709949,[2m2026-01-30T17:55:09.949025Z[0m [32m INFO[0m [2myukpomnang_backend::migrations::auto_migrate[0m[2m:[0m ➡️ [delivery_migration] Create enum delivery_cancel_reason
1769795709952,[2m2026-01-30T17:55:09.952055Z[0m [32m INFO[0m [2myukpomnang_backend::migrations::auto_migrate[0m[2m:[0m ✅ [delivery_migration] Create enum delivery_cancel_reason (0 lignes affectées)
1769795709952,[2m2026-01-30T17:55:09.952107Z[0m [32m INFO[0m [2myukpomnang_backend::migrations::auto_migrate[0m[2m:[0m ➡️ [delivery_migration] Create enum delivery_engine_type
1769795709955,[2m2026-01-30T17:55:09.954981Z[0m [32m INFO[0m [2myukpomnang_backend::migrations::auto_migrate[0m[2m:[0m ✅ [delivery_migration] Create enum delivery_engine_type (0 lignes affectées)
1769795709955,[2m2026-01-30T17:55:09.955034Z[0m [32m INFO[0m [2myukpomnang_backend::migrations::auto_migrate[0m[2m:[0m ➡️ [delivery_migration] Create enum delivery_courier_status
1769795709957,[2m2026-01-30T17:55:09.957917Z[0m [32m INFO[0m [2myukpomnang_backend::migrations::auto_migrate[0m[2m:[0m ✅ [delivery_migration] Create enum delivery_courier_status (0 lignes affectées)
1769795709958,[2m2026-01-30T17:55:09.957974Z[0m [32m INFO[0m [2myukpomnang_backend::migrations::auto_migrate[0m[2m:[0m ➡️ [delivery_migration] Create enum delivery_terrain_difficulty
1769795709960,[2m2026-01-30T17:55:09.960907Z[0m [32m INFO[0m [2myukpomnang_backend::migrations::auto_migrate[0m[2m:[0m ✅ [delivery_migration] Create enum delivery_terrain_difficulty (0 lignes affectées)
1769795709960,[2m2026-01-30T17:55:09.960957Z[0m [32m INFO[0m [2myukpomnang_backend::migrations::auto_migrate[0m[2m:[0m ➡️ [delivery_migration] Create enum delivery_application_status
1769795709963,[2m2026-01-30T17:55:09.963863Z[0m [32m INFO[0m [2myukpomnang_backend::migrations::auto_migrate[0m[2m:[0m ✅ [delivery_migration] Create enum delivery_application_status (0 lignes affectées)
1769795709963,[2m2026-01-30T17:55:09.963893Z[0m [32m INFO[0m [2myukpomnang_backend::migrations::auto_migrate[0m[2m:[0m ➡️ [delivery_migration] Create enum delivery_matching_status
1769795709966,[2m2026-01-30T17:55:09.966825Z[0m [32m INFO[0m [2myukpomnang_backend::migrations::auto_migrate[0m[2m:[0m ✅ [delivery_migration] Create enum delivery_matching_status (0 lignes affectées)
1769795709966,[2m2026-01-30T17:55:09.966853Z[0m [32m INFO[0m [2myukpomnang_backend::migrations::auto_migrate[0m[2m:[0m ➡️ [delivery_migration] Create parcel_types table
1769795709969,"[2m2026-01-30T17:55:09.969731Z[0m [32m INFO[0m [2msqlx::postgres::notice[0m[2m:[0m relation ""parcel_types"" already exists, skipping"
1769795709969,[2m2026-01-30T17:55:09.969752Z[0m [32m INFO[0m [2myukpomnang_backend::migrations::auto_migrate[0m[2m:[0m ✅ [delivery_migration] Create parcel_types table (0 lignes affectées)
1769795709969,[2m2026-01-30T17:55:09.969777Z[0m [32m INFO[0m [2myukpomnang_backend::migrations::auto_migrate[0m[2m:[0m ➡️ [delivery_migration] Create parcel_types slug index
1769795709972,"[2m2026-01-30T17:55:09.972884Z[0m [32m INFO[0m [2msqlx::postgres::notice[0m[2m:[0m relation ""idx_parcel_types_slug"" already exists, skipping"
1769795709972,[2m2026-01-30T17:55:09.972956Z[0m [32m INFO[0m [2myukpomnang_backend::migrations::auto_migrate[0m[2m:[0m ✅ [delivery_migration] Create parcel_types slug index (0 lignes affectées)
1769795709973,[2m2026-01-30T17:55:09.972995Z[0m [32m INFO[0m [2myukpomnang_backend::migrations::auto_migrate[0m[2m:[0m ➡️ [delivery_migration] Create courier_applications table
1769795709975,"[2m2026-01-30T17:55:09.975938Z[0m [32m INFO[0m [2msqlx::postgres::notice[0m[2m:[0m relation ""courier_applications"" already exists, skipping"
1769795709976,[2m2026-01-30T17:55:09.975992Z[0m [32m INFO[0m [2myukpomnang_backend::migrations::auto_migrate[0m[2m:[0m ✅ [delivery_migration] Create courier_applications table (0 lignes affectées)
1769795709976,[2m2026-01-30T17:55:09.976002Z[0m [32m INFO[0m [2myukpomnang_backend::migrations::auto_migrate[0m[2m:[0m ➡️ [delivery_migration] Create courier_applications unique index
1769795709979,"[2m2026-01-30T17:55:09.978997Z[0m [32m INFO[0m [2msqlx::postgres::notice[0m[2m:[0m relation ""idx_courier_applications_user"" already exists, skipping"
1769795709979,[2m2026-01-30T17:55:09.979043Z[0m [32m INFO[0m [2myukpomnang_backend::migrations::auto_migrate[0m[2m:[0m ✅ [delivery_migration] Create courier_applications unique index (0 lignes affectées)
1769795709979,[2m2026-01-30T17:55:09.979065Z[0m [32m INFO[0m [2myukpomnang_backend::migrations::auto_migrate[0m[2m:[0m ➡️ [delivery_migration] Create couriers table
1769795709982,"[2m2026-01-30T17:55:09.981963Z[0m [32m INFO[0m [2msqlx::postgres::notice[0m[2m:[0m relation ""couriers"" already exists, skipping"
1769795709982,[2m2026-01-30T17:55:09.982052Z[0m [32m INFO[0m [2myukpomnang_backend::migrations::auto_migrate[0m[2m:[0m ✅ [delivery_migration] Create couriers table (0 lignes affectées)
1769795709982,[2m2026-01-30T17:55:09.982097Z[0m [32m INFO[0m [2myukpomnang_backend::migrations::auto_migrate[0m[2m:[0m ➡️ [delivery_migration] Create courier_assets table
1769795709985,"[2m2026-01-30T17:55:09.984968Z[0m [32m INFO[0m [2msqlx::postgres::notice[0m[2m:[0m relation ""courier_assets"" already exists, skipping"
1769795709985,[2m2026-01-30T17:55:09.985028Z[0m [32m INFO[0m [2myukpomnang_backend::migrations::auto_migrate[0m[2m:[0m ✅ [delivery_migration] Create courier_assets table (0 lignes affectées)
1769795709985,[2m2026-01-30T17:55:09.985036Z[0m [32m INFO[0m [2myukpomnang_backend::migrations::auto_migrate[0m[2m:[0m ➡️ [delivery_migration] Create courier_assets courier index
1769795709988,"[2m2026-01-30T17:55:09.987982Z[0m [32m INFO[0m [2msqlx::postgres::notice[0m[2m:[0m relation ""idx_courier_assets_courier"" already exists, skipping"
1769795709988,[2m2026-01-30T17:55:09.988049Z[0m [32m INFO[0m [2myukpomnang_backend::migrations::auto_migrate[0m[2m:[0m ✅ [delivery_migration] Create courier_assets courier index (0 lignes affectées)
1769795709988,[2m2026-01-30T17:55:09.988083Z[0m [32m INFO[0m [2myukpomnang_backend::migrations::auto_migrate[0m[2m:[0m ➡️ [delivery_migration] Create courier_assets primary unique index
1769795709991,"[2m2026-01-30T17:55:09.991042Z[0m [32m INFO[0m [2msqlx::postgres::notice[0m[2m:[0m relation ""idx_courier_assets_primary"" already exists, skipping"
1769795709991,[2m2026-01-30T17:55:09.991092Z[0m [32m INFO[0m [2myukpomnang_backend::migrations::auto_migrate[0m[2m:[0m ✅ [delivery_migration] Create courier_assets primary unique index (0 lignes affectées)
1769795709991,[2m2026-01-30T17:55:09.991119Z[0m [32m INFO[0m [2myukpomnang_backend::migrations::auto_migrate[0m[2m:[0m ➡️ [delivery_migration] Create delivery_partner_type enum
1769795709994,[2m2026-01-30T17:55:09.994193Z[0m [32m INFO[0m [2myukpomnang_backend::migrations::auto_migrate[0m[2m:[0m ✅ [delivery_migration] Create delivery_partner_type enum (0 lignes affectées)
1769795709994,[2m2026-01-30T17:55:09.994229Z[0m [32m INFO[0m [2myukpomnang_backend::migrations::auto_migrate[0m[2m:[0m ➡️ [delivery_migration] Create delivery_partners table
1769795709997,"[2m2026-01-30T17:55:09.997104Z[0m [32m INFO[0m [2msqlx::postgres::notice[0m[2m:[0m relation ""delivery_partners"" already exists, skipping"
1769795709997,[2m2026-01-30T17:55:09.997195Z[0m [32m INFO[0m [2myukpomnang_backend::migrations::auto_migrate[0m[2m:[0m ✅ [delivery_migration] Create delivery_partners table (0 lignes affectées)
1769795709997,[2m2026-01-30T17:55:09.997230Z[0m [32m INFO[0m [2myukpomnang_backend::migrations::auto_migrate[0m[2m:[0m ➡️ [delivery_migration] Create delivery_partners indexes
1769795709998,[2m2026-01-30T17:55:09.998701Z[0m [31mERROR[0m [2myukpomnang_backend::migrations::auto_migrate[0m[2m:[0m ❌ [delivery_migration] Create delivery_partners indexes -> error returned from database: cannot insert multiple commands into a prepared statement
1769795709998,[2m2026-01-30T17:55:09.998732Z[0m [31mERROR[0m [2myukpomnang_backend::migrations::auto_migrate[0m[2m:[0m 🧾 SQL [Create delivery_partners indexes]: CREATE INDEX IF NOT EXISTS idx_delivery_partners_name ON delivery_partners(name);
1769795709998,        CREATE INDEX IF NOT EXISTS idx_delivery_partners_active ON delivery_partners(is_active);
1769795709998,        CREATE INDEX IF NOT EXISTS idx_delivery_partners_created_by ON delivery_partners(created_by);
1769795709998,        CREATE INDEX IF NOT EXISTS idx_delivery_partners_type ON delivery_partners(partner_type);
1769795709998,[2m2026-01-30T17:55:09.998768Z[0m [31mERROR[0m [2myukpomnang_backend::migrations::auto_migrate[0m[2m:[0m ❌ Erreur migration auto tables livraison: error returned from database: cannot insert multiple commands into a prepared statement
1769795709998,[2m2026-01-30T17:55:09.998773Z[0m [32m INFO[0m [2myukpomnang_backend::migrations::auto_migrate[0m[2m:[0m 🔍 Vérification des seeds livraison (parcel_types alignés avec véhicules)...
1769795710006,[2m2026-01-30T17:55:10.006073Z[0m [32m INFO[0m [2myukpomnang_backend::migrations::auto_migrate[0m[2m:[0m ✅ Seeds livraison (types alignés avec véhicules) vérifiés
1769795710006,[2m2026-01-30T17:55:10.006099Z[0m [32m INFO[0m [2myukpomnang_backend::migrations::auto_migrate[0m[2m:[0m ✅ Migration auto: seeds livraison OK
1769795710006,[2m2026-01-30T17:55:10.006121Z[0m [32m INFO[0m [2myukpomnang_backend::migrations::auto_migrate[0m[2m:[0m 🔍 Vérification de la table product_reactions...
1769795710009,[2m2026-01-30T17:55:10.009530Z[0m [32m INFO[0m [2myukpomnang_backend::migrations::auto_migrate[0m[2m:[0m ✅ Table product_reactions déjà présente
1769795710027,[2m2026-01-30T17:55:10.027067Z[0m [32m INFO[0m [2myukpomnang_backend::migrations::auto_migrate[0m[2m:[0m ✅ Table product_reactions et ses composants vérifiés/créés avec succès !
1769795710027,[2m2026-01-30T17:55:10.027102Z[0m [32m INFO[0m [2myukpomnang_backend::migrations::auto_migrate[0m[2m:[0m ✅ Migration auto: product_reactions table OK
1769795710027,[2m2026-01-30T17:55:10.027133Z[0m [32m INFO[0m [2myukpomnang_backend::migrations::auto_migrate[0m[2m:[0m 🔍 Vérification du système de mentions dans chat...
1769795710030,"[2m2026-01-30T17:55:10.030593Z[0m [33m WARN[0m [2myukpomnang_backend::migrations::auto_migrate[0m[2m:[0m ⚠️ Table chat_messages n'existe pas, skip migration mentions"
1769795710030,[2m2026-01-30T17:55:10.030626Z[0m [32m INFO[0m [2myukpomnang_backend::migrations::auto_migrate[0m[2m:[0m ✅ Migration auto: chat mentions OK
1769795710030,[2m2026-01-30T17:55:10.030639Z[0m [32m INFO[0m [2myukpomnang_backend::migrations::auto_migrate[0m[2m:[0m 🔍 Vérification de la table search_history...
1769795710034,[2m2026-01-30T17:55:10.034060Z[0m [32m INFO[0m [2myukpomnang_backend::migrations::auto_migrate[0m[2m:[0m ✅ Table search_history déjà présente
1769795710034,[2m2026-01-30T17:55:10.034094Z[0m [32m INFO[0m [2myukpomnang_backend::migrations::auto_migrate[0m[2m:[0m ✅ Migration auto: search_history OK
1769795710034,[2m2026-01-30T17:55:10.034107Z[0m [32m INFO[0m [2myukpomnang_backend::migrations::auto_migrate[0m[2m:[0m 🔍 Vérification de la table alerts...
1769795710037,[2m2026-01-30T17:55:10.037619Z[0m [32m INFO[0m [2myukpomnang_backend::migrations::auto_migrate[0m[2m:[0m ✅ Table alerts déjà présente
1769795710037,[2m2026-01-30T17:55:10.037652Z[0m [32m INFO[0m [2myukpomnang_backend::migrations::auto_migrate[0m[2m:[0m ✅ Migration auto: alerts OK
1769795710037,[2m2026-01-30T17:55:10.037664Z[0m [32m INFO[0m [2myukpomnang_backend::migrations::auto_migrate[0m[2m:[0m 🔍 Vérification des tables signalements...
1769795710041,[2m2026-01-30T17:55:10.041142Z[0m [32m INFO[0m [2myukpomnang_backend::migrations::auto_migrate[0m[2m:[0m ✅ Table signalements déjà présente
1769795710041,[2m2026-01-30T17:55:10.041186Z[0m [32m INFO[0m [2myukpomnang_backend::migrations::auto_migrate[0m[2m:[0m ✅ Migration auto: signalements OK
1769795710041,[2m2026-01-30T17:55:10.041192Z[0m [32m INFO[0m [2myukpomnang_backend::migrations::auto_migrate[0m[2m:[0m 🔍 Vérification de la table private_conversations...
1769795710044,[2m2026-01-30T17:55:10.044623Z[0m [32m INFO[0m [2myukpomnang_backend::migrations::auto_migrate[0m[2m:[0m ✅ Table private_conversations déjà présente
1769795710044,[2m2026-01-30T17:55:10.044633Z[0m [32m INFO[0m [2myukpomnang_backend::migrations::auto_migrate[0m[2m:[0m ✅ Migration auto: private_conversations OK
1769795710044,[2m2026-01-30T17:55:10.044636Z[0m [32m INFO[0m [2myukpomnang_backend::migrations::auto_migrate[0m[2m:[0m 🔍 Vérification de la table bus_reservations...
1769795710048,[2m2026-01-30T17:55:10.048062Z[0m [32m INFO[0m [2myukpomnang_backend::migrations::auto_migrate[0m[2m:[0m ✅ Table bus_reservations déjà présente
1769795710048,[2m2026-01-30T17:55:10.048105Z[0m [32m INFO[0m [2myukpomnang_backend::migrations::auto_migrate[0m[2m:[0m ✅ Migration auto: bus_reservations OK
1769795710052,"[2m2026-01-30T17:55:10.052475Z[0m [32m INFO[0m [2myukpomnang_backend::migrations::auto_migrate[0m[2m:[0m ℹ️ Aucun service actif à indexer, réindexation non nécessaire"
1769795710052,[2m2026-01-30T17:55:10.052521Z[0m [32m INFO[0m [2myukpomnang_backend::migrations::auto_migrate[0m[2m:[0m ✅ Migration auto: réindexation services existants OK
1769795710052,[2m2026-01-30T17:55:10.052545Z[0m [32m INFO[0m [2myukpomnang_backend::migrations::auto_migrate[0m[2m:[0m 🔍 Création/Mise à jour des fonctions de visibilité...
1769795710063,[2m2026-01-30T17:55:10.063480Z[0m [32m INFO[0m [2myukpomnang_backend::migrations::auto_migrate[0m[2m:[0m ✅ Fonctions de visibilité créées avec succès !
1769795710063,[2m2026-01-30T17:55:10.063507Z[0m [32m INFO[0m [2myukpomnang_backend::migrations::auto_migrate[0m[2m:[0m ✅ Migration auto: fonctions visibilité OK
1769795710063,[2m2026-01-30T17:55:10.063536Z[0m [32m INFO[0m [2myukpomnang_backend::migrations::auto_migrate[0m[2m:[0m 🧹 Nettoyage des combinaisons invalides...
1769795710070,"[2m2026-01-30T17:55:10.070287Z[0m [32m INFO[0m [2myukpomnang_backend::migrations::auto_migrate[0m[2m:[0m ✅ Table autocomplete_combinations vide, rien à nettoyer"
1769795710070,[2m2026-01-30T17:55:10.070298Z[0m [32m INFO[0m [2myukpomnang_backend::migrations::auto_migrate[0m[2m:[0m ✅ Migration auto: nettoyage combinaisons invalides OK
1769795710070,[2m2026-01-30T17:55:10.070301Z[0m [32m INFO[0m [2myukpomnang_backend::migrations::auto_migrate[0m[2m:[0m 🔍 Vérification/création des tables planification menus...
1769795710073,"[2m2026-01-30T17:55:10.073411Z[0m [32m INFO[0m [2msqlx::postgres::notice[0m[2m:[0m relation ""family_profiles"" already exists, skipping"
1769795710076,"[2m2026-01-30T17:55:10.076392Z[0m [32m INFO[0m [2msqlx::postgres::notice[0m[2m:[0m relation ""recipes"" already exists, skipping"
1769795710077,"[2m2026-01-30T17:55:10.077894Z[0m [32m INFO[0m [2msqlx::postgres::notice[0m[2m:[0m relation ""menu_plans"" already exists, skipping"
1769795710079,"[2m2026-01-30T17:55:10.079408Z[0m [32m INFO[0m [2msqlx::postgres::notice[0m[2m:[0m relation ""planned_meals"" already exists, skipping"
1769795710080,"[2m2026-01-30T17:55:10.080918Z[0m [32m INFO[0m [2msqlx::postgres::notice[0m[2m:[0m relation ""recipe_favorites"" already exists, skipping"
1769795710083,"[2m2026-01-30T17:55:10.083818Z[0m [32m INFO[0m [2msqlx::postgres::notice[0m[2m:[0m relation ""shopping_lists"" already exists, skipping"
1769795710086,"[2m2026-01-30T17:55:10.086771Z[0m [32m INFO[0m [2msqlx::postgres::notice[0m[2m:[0m relation ""shopping_list_items"" already exists, skipping"
1769795710089,"[2m2026-01-30T17:55:10.089683Z[0m [32m INFO[0m [2msqlx::postgres::notice[0m[2m:[0m relation ""nutrition_analytics"" already exists, skipping"
1769795710092,"[2m2026-01-30T17:55:10.092695Z[0m [32m INFO[0m [2msqlx::postgres::notice[0m[2m:[0m relation ""idx_menu_plans_user_week"" already exists, skipping"
1769795710095,"[2m2026-01-30T17:55:10.095645Z[0m [32m INFO[0m [2msqlx::postgres::notice[0m[2m:[0m relation ""idx_planned_meals_menu_plan"" already exists, skipping"
1769795710097,"[2m2026-01-30T17:55:10.097284Z[0m [32m INFO[0m [2msqlx::postgres::notice[0m[2m:[0m relation ""idx_shopping_lists_user_week"" already exists, skipping"
1769795710098,"[2m2026-01-30T17:55:10.098899Z[0m [32m INFO[0m [2msqlx::postgres::notice[0m[2m:[0m relation ""idx_recipes_tags"" already exists, skipping"
1769795710101,"[2m2026-01-30T17:55:10.101893Z[0m [32m INFO[0m [2msqlx::postgres::notice[0m[2m:[0m relation ""idx_recipes_cuisine"" already exists, skipping"
1769795710103,"[2m2026-01-30T17:55:10.103517Z[0m [32m INFO[0m [2msqlx::postgres::notice[0m[2m:[0m relation ""idx_shopping_list_items_list"" already exists, skipping"
1769795710106,"[2m2026-01-30T17:55:10.106515Z[0m [32m INFO[0m [2msqlx::postgres::notice[0m[2m:[0m relation ""idx_family_profiles_user"" already exists, skipping"
1769795710108,"[2m2026-01-30T17:55:10.108064Z[0m [32m INFO[0m [2msqlx::postgres::notice[0m[2m:[0m relation ""idx_recipe_favorites_user"" already exists, skipping"
1769795710111,"[2m2026-01-30T17:55:10.111016Z[0m [32m INFO[0m [2msqlx::postgres::notice[0m[2m:[0m relation ""idx_nutrition_analytics_user_week"" already exists, skipping"
1769795710132,[2m2026-01-30T17:55:10.132514Z[0m [32m INFO[0m [2myukpomnang_backend::migrations::auto_migrate[0m[2m:[0m ✅ Tables planification menus créées
1769795710132,[2m2026-01-30T17:55:10.132580Z[0m [32m INFO[0m [2myukpomnang_backend::migrations::auto_migrate[0m[2m:[0m ✅ Migration auto: menu planning tables OK
1769795710132,[2m2026-01-30T17:55:10.132601Z[0m [32m INFO[0m [2myukpomnang_backend::migrations::auto_migrate[0m[2m:[0m 🔍 Vérification de la table product_creation_queue...
1769795710136,[2m2026-01-30T17:55:10.136098Z[0m [32m INFO[0m [2myukpomnang_backend::migrations::auto_migrate[0m[2m:[0m ✅ Table product_creation_queue existe déjà
1769795710136,[2m2026-01-30T17:55:10.136132Z[0m [32m INFO[0m [2myukpomnang_backend::migrations::auto_migrate[0m[2m:[0m ✅ Migration auto: product_creation_queue OK
1769795710136,[2m2026-01-30T17:55:10.136163Z[0m [32m INFO[0m [2myukpomnang_backend::migrations::auto_migrate[0m[2m:[0m ✅ Migrations automatiques terminées
1769795710136,[2m2026-01-30T17:55:10.136195Z[0m [32m INFO[0m [2myukpomnang_backend::utils::db_monitor[0m[2m:[0m ✅ DB Health Monitor démarré (vérification toutes les 30s)
1769795710136,[2m2026-01-30T17:55:10.136217Z[0m [32m INFO[0m [2myukpomnang_backend[0m[2m:[0m 🔌 Connexion à MongoDB...
1769795710139,[2m2026-01-30T17:55:10.139880Z[0m [32m INFO[0m [2myukpomnang_backend[0m[2m:[0m ✅ Client MongoDB initialisé
1769795710139,[2m2026-01-30T17:55:10.139916Z[0m [32m INFO[0m [2myukpomnang_backend[0m[2m:[0m 🔍 Tentative de connexion Redis: rediss://default:***@quiet-crawdad-8969.upstash.io:6379...
1769795711075,[2m2026-01-30T17:55:11.075169Z[0m [33m WARN[0m [2myukpomnang_backend[0m[2m:[0m ⚠️ Redis: Échec de connexion après retry - URL: rediss://default:***@quiet-crawdad-8969.upstash.io:6379...
1769795711075,"[2m2026-01-30T17:55:11.075312Z[0m [33m WARN[0m [2myukpomnang_backend[0m[2m:[0m    🔍 Détails de l'erreur: PING failed: An error was signalled by the server - ResponseError: Your database has been temporarily rate-limited, please contact support@upstash.com for further details."
1769795711075,[2m2026-01-30T17:55:11.075378Z[0m [33m WARN[0m [2myukpomnang_backend[0m[2m:[0m    💡 Redis sera désactivé pour le WebSocket mais les services utiliseront retry automatique
1769795711075,[2m2026-01-30T17:55:11.075411Z[0m [32m INFO[0m [2myukpomnang_backend[0m[2m:[0m ℹ️ Redis non disponible au démarrage (service optionnel). Les services réessayeront automatiquement.
1769795711111,"[2m2026-01-30T17:55:11.110928Z[0m [33m WARN[0m [2myukpomnang_backend::config::video_renderer[0m[2m:[0m [VideoRendererConfig] PROJECT_ROOT n'existe pas (""video-renderer"") et aucun RPC_URL configuré"
1769795711119,"[2m2026-01-30T17:55:11.119126Z[0m [32m INFO[0m [2myukpomnang_backend::services::media_storage_service[0m[2m:[0m [MediaStorage] Stockage distant activé (bucket=yukpomnang-media-prod, endpoint=None)"
1769795711119,[2m2026-01-30T17:55:11.119146Z[0m [33m WARN[0m [2myukpomnang_backend::state[0m[2m:[0m [AppState] ⚠️ VideoRendererConfig non disponible - Vérifiez VIDEO_RENDERER_PROJECT_ROOT et VIDEO_RENDERER_ENABLED
1769795711119,[2m2026-01-30T17:55:11.119150Z[0m [33m WARN[0m [2myukpomnang_backend::state[0m[2m:[0m [AppState] ⚠️ VideoRenderDispatcher non disponible - Le service de prévisualisation vidéo sera indisponible
1769795711137,[2m2026-01-30T17:55:11.137126Z[0m [32m INFO[0m [2myukpomnang_backend::state[0m[2m:[0m ℹ️ Service Spotify non configuré (SPOTIFY_CLIENT_ID et SPOTIFY_CLIENT_SECRET requis)
1769795711137,"[2m2026-01-30T17:55:11.137141Z[0m [32m INFO[0m [2myukpomnang_backend::state[0m[2m:[0m ℹ️ Service YouTube Audio Library initialisé (bibliothèque statique, pas d'API key)"
1769795711155,[2m2026-01-30T17:55:11.155180Z[0m [32m INFO[0m [2myukpomnang_backend::state[0m[2m:[0m ℹ️ DeliveryStateSharing non configuré (Redis non disponible)
1769795711155,[2m2026-01-30T17:55:11.155195Z[0m [33m WARN[0m [2myukpomnang_backend::state[0m[2m:[0m ⚠️ LiveKit: Configuration incohérente - LIVEKIT_API_SECRET est défini mais LIVEKIT_API_URL ou LIVEKIT_API_KEY manquent
1769795711155,"[2m2026-01-30T17:55:11.155199Z[0m [32m INFO[0m [2myukpomnang_backend::state[0m[2m:[0m ℹ️ LiveKit sera désactivé. Pour l'activer, configurez toutes les variables: LIVEKIT_API_URL, LIVEKIT_API_KEY, LIVEKIT_API_SECRET"
1769795711155,[2m2026-01-30T17:55:11.155215Z[0m [32m INFO[0m [2myukpomnang_backend::websocket::delivery_chat[0m[2m:[0m ✅ DeliveryChatWebSocketManager initialisé - Instance ID: backend-6c5dd768-cd74-46fa-ae3b-1461188340fa
1769795711155,[2m2026-01-30T17:55:11.155222Z[0m [32m INFO[0m [2myukpomnang_backend::websocket::chat_websocket[0m[2m:[0m ✅ ChatWebSocketManager initialisé - Instance ID: backend-7c0b07d9-827c-4549-8f77-3c018e9eb8cc
1769795711155,[2m2026-01-30T17:55:11.155230Z[0m [32m INFO[0m [2myukpomnang_backend::migrations::auto_migrate[0m[2m:[0m 🔍 Vérification de l'optimisation add_product_to_service_jsonb_v2...
1769795711158,[2m2026-01-30T17:55:11.158679Z[0m [32m INFO[0m [2myukpomnang_backend::migrations::auto_migrate[0m[2m:[0m ✅ Fonction add_product_to_service_jsonb_v2 déjà optimisée
1769795711158,[2m2026-01-30T17:55:11.158690Z[0m [32m INFO[0m [2myukpomnang_backend[0m[2m:[0m ✅ Optimisation add_product_to_service_jsonb_v2 appliquée
1769795711158,[2m2026-01-30T17:55:11.158693Z[0m [32m INFO[0m [2myukpomnang_backend::migrations::auto_migrate[0m[2m:[0m 🔍 Vérification de la table product_creation_queue...
1769795711162,[2m2026-01-30T17:55:11.162339Z[0m [32m INFO[0m [2myukpomnang_backend::migrations::auto_migrate[0m[2m:[0m ✅ Table product_creation_queue existe déjà
1769795711162,[2m2026-01-30T17:55:11.162383Z[0m [32m INFO[0m [2myukpomnang_backend[0m[2m:[0m ✅ Table product_creation_queue créée/appliquée
1769795711162,[2m2026-01-30T17:55:11.162390Z[0m [32m INFO[0m [2myukpomnang_backend::migrations::auto_migrate[0m[2m:[0m 🔍 Vérification de la table cache_table...
1769795711166,[2m2026-01-30T17:55:11.165990Z[0m [32m INFO[0m [2myukpomnang_backend::migrations::auto_migrate[0m[2m:[0m ✅ Table cache_table existe déjà
1769795711166,[2m2026-01-30T17:55:11.166061Z[0m [32m INFO[0m [2myukpomnang_backend[0m[2m:[0m ✅ Table cache_table créée/appliquée
1769795711166,[2m2026-01-30T17:55:11.166070Z[0m [32m INFO[0m [2myukpomnang_backend::migrations::auto_migrate[0m[2m:[0m 🔍 Création des index MongoDB pour optimiser les requêtes...
1769795712979,[2m2026-01-30T17:55:12.979578Z[0m [32m INFO[0m [2myukpomnang_backend::migrations::auto_migrate[0m[2m:[0m ✅ Index MongoDB créés avec succès
1769795712979,[2m2026-01-30T17:55:12.979597Z[0m [32m INFO[0m [2myukpomnang_backend[0m[2m:[0m ✅ Index MongoDB créés avec succès
1769795712979,"[2m2026-01-30T17:55:12.979654Z[0m [32m INFO[0m [2myukpomnang_backend::services::gpu_optimizer[0m[2m:[0m [GPUOptimizer] Initialis? avec: GPU: Disabled, MaxSize: 1920px, Quality: 0.85, Parallel: Yes"
1769795712979,[2m2026-01-30T17:55:12.979705Z[0m [32m INFO[0m [2myukpomnang_backend[0m[2m:[0m ?? Architecture cloud massive initialis?e
1769795712979,[2m2026-01-30T17:55:12.979711Z[0m [32m INFO[0m [2myukpomnang_backend[0m[2m:[0m ? Massive Load Handler Stats:
1769795712979,?? Cache entries: 0
1769795712979,?? Connexions actives: 0/1000
1769795712979,?? Permits disponibles: 10000
1769795712979,"[2m2026-01-30T17:55:12.979757Z[0m [32m INFO[0m [2myukpomnang_backend[0m[2m:[0m ?? GPU Optimizer - Mode: CPU, MaxSize: 1920px, Quality: 0.85, Parallel: YES"
1769795712979,[2m2026-01-30T17:55:12.979831Z[0m [32m INFO[0m [2myukpomnang_backend::tasks::publicite_expiration[0m[2m:[0m 🕐 [Cron] Démarrage de la tâche de désactivation des publicités expirées
1769795712979,[2m2026-01-30T17:55:12.979881Z[0m [32m INFO[0m [2myukpomnang_backend[0m[2m:[0m ✅ Worker de création de produits démarré
1769795712979,[2m2026-01-30T17:55:12.979883Z[0m [32m INFO[0m [2myukpomnang_backend::tasks::matching_emploi_notifications[0m[2m:[0m 🕐 [Cron] Démarrage de la tâche de notifications de matchings emploi
1769795712979,[2m2026-01-30T17:55:12.979946Z[0m [32m INFO[0m [2myukpomnang_backend::services::product_creation_queue[0m[2m:[0m [ProductCreationQueue] 🚀 Worker démarré
1769795712980,[2m2026-01-30T17:55:12.979902Z[0m [32m INFO[0m [2myukpomnang_backend::tasks::audio_cache_cleanup[0m[2m:[0m 🕐 [Cron] Démarrage de la tâche de nettoyage du cache audio
1769795712980,[2m2026-01-30T17:55:12.980106Z[0m [32m INFO[0m [2myukpomnang_backend::tasks::audio_cache_cleanup[0m[2m:[0m ⏰ [Cron] Premier nettoyage du cache audio...
1769795712980,[2m2026-01-30T17:55:12.980213Z[0m [32m INFO[0m [2myukpomnang_backend::tasks::live_analytics[0m[2m:[0m ⏳ LiveKit Analytics: Attente de 10 secondes avant la première tentative de connexion...
1769795712980,[2m2026-01-30T17:55:12.980266Z[0m [32m INFO[0m [2myukpomnang_backend::tasks::delivery_notification_repeat[0m[2m:[0m 🔄 [DeliveryNotifications] Démarrage de la tâche de répétition des notifications
1769795712980,[2m2026-01-30T17:55:12.980359Z[0m [32m INFO[0m [2myukpomnang_backend[0m[2m:[0m 🔄 Démarrage de la désactivation automatique des produits...
1769795712980,?? [INFO] [auto_deactivate] 🤖 Démarrage du job de désactivation automatique...
1769795712980,[2m2026-01-30T17:55:12.980418Z[0m [32m INFO[0m [2myukpomnang_backend::tasks::publicite_expiration[0m[2m:[0m ⏰ [Cron] Vérification des publicités expirées...
1769795712980,[2m2026-01-30T17:55:12.980457Z[0m [32m INFO[0m [2myukpomnang_backend::tasks::matching_emploi_notifications[0m[2m:[0m ⏰ [Cron] Vérification des nouveaux matchings emploi...
1769795712980,[2m2026-01-30T17:55:12.980465Z[0m [32m INFO[0m [2myukpomnang_backend::services::notifications_matching_emploi[0m[2m:[0m [check_and_notify_new_matchings] Vérification des nouveaux matchings
1769795712980,[2m2026-01-30T17:55:12.980268Z[0m [32m INFO[0m [2myukpomnang_backend::tasks::livekit_cleanup[0m[2m:[0m ⏳ LiveKit: Attente de 10 secondes avant la première tentative de connexion...
1769795712980,[2m2026-01-30T17:55:12.980225Z[0m [32m INFO[0m [2myukpomnang_backend[0m[2m:[0m ✅ Flash Sale Queue Worker démarré
1769795712980,[2m2026-01-30T17:55:12.980647Z[0m [32m INFO[0m [2myukpomnang_backend::tasks::notification_queue_worker[0m[2m:[0m 🚀 Notification Queue Worker démarré
1769795712980,[2m2026-01-30T17:55:12.980673Z[0m [32m INFO[0m [2myukpomnang_backend[0m[2m:[0m ✅ Notification Queue Worker démarré
1769795712980,[2m2026-01-30T17:55:12.980707Z[0m [32m INFO[0m [2myukpomnang_backend::services::specialized_notifications[0m[2m:[0m [check_and_notify_pharmacies_on_duty] Vérification pharmacies de garde...
1769795713016,[2m2026-01-30T17:55:13.016357Z[0m [32m INFO[0m [2myukpomnang_backend::services::specialized_services_optimizer[0m[2m:[0m [Optimizer] 🔄 Démarrage tâche d'optimisation...
1769795713016,[2m2026-01-30T17:55:13.016492Z[0m [32m INFO[0m [2myukpomnang_backend::services::specialized_services_optimizer[0m[2m:[0m [Optimizer] Optimisation index base de données...
1769795713020,"[2m2026-01-30T17:55:13.020398Z[0m [32m INFO[0m [2msqlx::postgres::notice[0m[2m:[0m Fonction cleanup_old_audio_transcriptions non trouvée, retour de valeurs par défaut"
1769795713020,"[2m2026-01-30T17:55:13.020499Z[0m [32m INFO[0m [2msqlx::postgres::notice[0m[2m:[0m Audio cache cleanup: deleted 0, kept 0, total before 0, after 0"
1769795713020,"[2m2026-01-30T17:55:13.020649Z[0m [32m INFO[0m [2myukpomnang_backend::tasks::audio_cache_cleanup[0m[2m:[0m 📊 [Cron] Cache audio nettoyé: 0 supprimés, 0 gardés, total: 0 -> 0"
1769795713020,[2m2026-01-30T17:55:13.020707Z[0m [32m INFO[0m [2myukpomnang_backend::tasks::audio_cache_cleanup[0m[2m:[0m ✅ [Cron] Premier nettoyage terminé
1769795713021,[2m2026-01-30T17:55:13.021368Z[0m [32m INFO[0m [2myukpomnang_backend::tasks::audio_cache_cleanup[0m[2m:[0m ⏰ [Cron] Nettoyage du cache audio...
1769795713022,?? [INFO] [auto_deactivate] ✅ Job terminé: 0 produits désactivés
1769795713022,[2m2026-01-30T17:55:13.022799Z[0m [32m INFO[0m [2myukpomnang_backend[0m[2m:[0m ✅ 0 produits désactivés automatiquement
1769795713024,[2m2026-01-30T17:55:13.024042Z[0m [32m INFO[0m [2myukpomnang_backend::services::notifications_matching_emploi[0m[2m:[0m [check_and_notify_new_matchings] ✅ 0 notifications envoyées
1769795713029,"[2m2026-01-30T17:55:13.029146Z[0m [32m INFO[0m [2msqlx::postgres::notice[0m[2m:[0m Fonction cleanup_old_audio_transcriptions non trouvée, retour de valeurs par défaut"
1769795713029,"[2m2026-01-30T17:55:13.029221Z[0m [32m INFO[0m [2msqlx::postgres::notice[0m[2m:[0m Audio cache cleanup: deleted 0, kept 0, total before 0, after 0"
1769795713029,"[2m2026-01-30T17:55:13.029305Z[0m [32m INFO[0m [2myukpomnang_backend::tasks::audio_cache_cleanup[0m[2m:[0m 📊 [Cron] Cache audio nettoyé: 0 supprimés, 0 gardés, total: 0 -> 0"
1769795713029,[2m2026-01-30T17:55:13.029341Z[0m [32m INFO[0m [2myukpomnang_backend::tasks::audio_cache_cleanup[0m[2m:[0m ✅ [Cron] Nettoyage du cache audio terminé
1769795713076,[2m2026-01-30T17:55:13.076026Z[0m [32m INFO[0m [2myukpomnang_backend::services::specialized_services_optimizer[0m[2m:[0m [Optimizer] Table analysée: public.pharmacies (taille: 112 kB)
1769795713076,[2m2026-01-30T17:55:13.076123Z[0m [32m INFO[0m [2myukpomnang_backend::services::specialized_services_optimizer[0m[2m:[0m [Optimizer] Table analysée: public.agences_voyage (taille: 112 kB)
1769795713076,[2m2026-01-30T17:55:13.076159Z[0m [32m INFO[0m [2myukpomnang_backend::services::specialized_services_optimizer[0m[2m:[0m [Optimizer] Table analysée: public.covoiturages (taille: 112 kB)
1769795713076,[2m2026-01-30T17:55:13.076208Z[0m [32m INFO[0m [2myukpomnang_backend::services::specialized_services_optimizer[0m[2m:[0m [Optimizer] Table analysée: public.services (taille: 304 kB)
1769795713076,[2m2026-01-30T17:55:13.076430Z[0m [32m INFO[0m [2myukpomnang_backend::services::specialized_notifications[0m[2m:[0m [check_and_notify_pharmacies_on_duty] Aucune pharmacie de garde trouvée
1769795713076,[2m2026-01-30T17:55:13.076494Z[0m [32m INFO[0m [2myukpomnang_backend[0m[2m:[0m [Main] 🔔 Vérification pharmacies de garde...
1769795713076,[2m2026-01-30T17:55:13.076527Z[0m [32m INFO[0m [2myukpomnang_backend::services::specialized_notifications[0m[2m:[0m [check_and_notify_pharmacies_on_duty] Vérification pharmacies de garde...
1769795713091,[2m2026-01-30T17:55:13.091184Z[0m [32m INFO[0m [2myukpomnang_backend::services::specialized_notifications[0m[2m:[0m [check_and_notify_pharmacies_on_duty] Aucune pharmacie de garde trouvée
1769795713096,[2m2026-01-30T17:55:13.096238Z[0m [32m INFO[0m [2myukpomnang_backend::services::specialized_services_optimizer[0m[2m:[0m [Optimizer] Index trouvé: taxis_ville_pkey sur taxis_ville (unique: true)
1769795713096,[2m2026-01-30T17:55:13.096321Z[0m [32m INFO[0m [2myukpomnang_backend::services::specialized_services_optimizer[0m[2m:[0m [Optimizer] Index trouvé: unique_taxi_service sur taxis_ville (unique: true)
1769795713096,[2m2026-01-30T17:55:13.096360Z[0m [32m INFO[0m [2myukpomnang_backend::services::specialized_services_optimizer[0m[2m:[0m [Optimizer] Index trouvé: idx_taxis_user_id sur taxis_ville (unique: false)
1769795713096,[2m2026-01-30T17:55:13.096439Z[0m [32m INFO[0m [2myukpomnang_backend::services::specialized_services_optimizer[0m[2m:[0m [Optimizer] Index trouvé: idx_taxis_service_id sur taxis_ville (unique: false)
1769795713096,[2m2026-01-30T17:55:13.096476Z[0m [32m INFO[0m [2myukpomnang_backend::services::specialized_services_optimizer[0m[2m:[0m [Optimizer] Index trouvé: idx_taxis_zone_gin sur taxis_ville (unique: false)
1769795713096,[2m2026-01-30T17:55:13.096526Z[0m [32m INFO[0m [2myukpomnang_backend::services::specialized_services_optimizer[0m[2m:[0m [Optimizer] Index trouvé: idx_taxis_is_on_duty sur taxis_ville (unique: false)
1769795713096,[2m2026-01-30T17:55:13.096559Z[0m [32m INFO[0m [2myukpomnang_backend::services::specialized_services_optimizer[0m[2m:[0m [Optimizer] Index trouvé: idx_taxis_is_available sur taxis_ville (unique: false)
1769795713096,[2m2026-01-30T17:55:13.096608Z[0m [32m INFO[0m [2myukpomnang_backend::services::specialized_services_optimizer[0m[2m:[0m [Optimizer] Index trouvé: idx_taxis_available_composite sur taxis_ville (unique: false)
1769795713096,[2m2026-01-30T17:55:13.096651Z[0m [32m INFO[0m [2myukpomnang_backend::services::specialized_services_optimizer[0m[2m:[0m [Optimizer] Index trouvé: idx_taxis_gps_active sur taxis_ville (unique: false)
1769795713096,[2m2026-01-30T17:55:13.096701Z[0m [32m INFO[0m [2myukpomnang_backend::services::specialized_services_optimizer[0m[2m:[0m [Optimizer] Index trouvé: idx_taxis_type_vehicule sur taxis_ville (unique: false)
1769795713096,[2m2026-01-30T17:55:13.096734Z[0m [32m INFO[0m [2myukpomnang_backend::services::specialized_services_optimizer[0m[2m:[0m [Optimizer] Index trouvé: pharmacies_pkey sur pharmacies (unique: true)
1769795713096,[2m2026-01-30T17:55:13.096782Z[0m [32m INFO[0m [2myukpomnang_backend::services::specialized_services_optimizer[0m[2m:[0m [Optimizer] Index trouvé: unique_pharmacy_service sur pharmacies (unique: true)
1769795713096,[2m2026-01-30T17:55:13.096815Z[0m [32m INFO[0m [2myukpomnang_backend::services::specialized_services_optimizer[0m[2m:[0m [Optimizer] Index trouvé: idx_pharmacies_is_active sur pharmacies (unique: false)
1769795713096,[2m2026-01-30T17:55:13.096864Z[0m [32m INFO[0m [2myukpomnang_backend::services::specialized_services_optimizer[0m[2m:[0m [Optimizer] Index trouvé: idx_pharmacies_ville sur pharmacies (unique: false)
1769795713096,[2m2026-01-30T17:55:13.096897Z[0m [32m INFO[0m [2myukpomnang_backend::services::specialized_services_optimizer[0m[2m:[0m [Optimizer] Index trouvé: idx_pharmacies_quartier sur pharmacies (unique: false)
1769795713096,[2m2026-01-30T17:55:13.096967Z[0m [32m INFO[0m [2myukpomnang_backend::services::specialized_services_optimizer[0m[2m:[0m [Optimizer] Index trouvé: idx_pharmacies_services_gin sur pharmacies (unique: false)
1769795713097,[2m2026-01-30T17:55:13.097007Z[0m [32m INFO[0m [2myukpomnang_backend::services::specialized_services_optimizer[0m[2m:[0m [Optimizer] Index trouvé: idx_pharmacies_service_id sur pharmacies (unique: false)
1769795713097,[2m2026-01-30T17:55:13.097056Z[0m [32m INFO[0m [2myukpomnang_backend::services::specialized_services_optimizer[0m[2m:[0m [Optimizer] Index trouvé: idx_pharmacies_user_id sur pharmacies (unique: false)
1769795713097,[2m2026-01-30T17:55:13.097097Z[0m [32m INFO[0m [2myukpomnang_backend::services::specialized_services_optimizer[0m[2m:[0m [Optimizer] Index trouvé: idx_pharmacies_is_on_duty sur pharmacies (unique: false)
1769795713097,[2m2026-01-30T17:55:13.097156Z[0m [32m INFO[0m [2myukpomnang_backend::services::specialized_services_optimizer[0m[2m:[0m [Optimizer] Index trouvé: idx_pharmacies_active_on_duty_nom sur pharmacies (unique: false)
1769795713097,[2m2026-01-30T17:55:13.097188Z[0m [32m INFO[0m [2myukpomnang_backend::services::specialized_services_optimizer[0m[2m:[0m [Optimizer] Index trouvé: idx_pharmacies_on_duty_service_active sur pharmacies (unique: false)
1769795713097,[2m2026-01-30T17:55:13.097246Z[0m [32m INFO[0m [2myukpomnang_backend::services::specialized_services_optimizer[0m[2m:[0m [Optimizer] Index trouvé: idx_pharmacies_service_id_active sur pharmacies (unique: false)
1769795713097,[2m2026-01-30T17:55:13.097279Z[0m [32m INFO[0m [2myukpomnang_backend::services::specialized_services_optimizer[0m[2m:[0m [Optimizer] Index trouvé: idx_hopitaux_user_id sur hopitaux_cliniques (unique: false)
1769795713097,[2m2026-01-30T17:55:13.097328Z[0m [32m INFO[0m [2myukpomnang_backend::services::specialized_services_optimizer[0m[2m:[0m [Optimizer] Index trouvé: idx_hopitaux_service_id sur hopitaux_cliniques (unique: false)
1769795713097,[2m2026-01-30T17:55:13.097361Z[0m [32m INFO[0m [2myukpomnang_backend::services::specialized_services_optimizer[0m[2m:[0m [Optimizer] Index trouvé: idx_hopitaux_type sur hopitaux_cliniques (unique: false)
1769795713097,[2m2026-01-30T17:55:13.097408Z[0m [32m INFO[0m [2myukpomnang_backend::services::specialized_services_optimizer[0m[2m:[0m [Optimizer] Index trouvé: idx_hopitaux_is_active sur hopitaux_cliniques (unique: false)
1769795713097,[2m2026-01-30T17:55:13.097441Z[0m [32m INFO[0m [2myukpomnang_backend::services::specialized_services_optimizer[0m[2m:[0m [Optimizer] Index trouvé: idx_hopitaux_planning_gin sur hopitaux_cliniques (unique: false)
1769795713097,[2m2026-01-30T17:55:13.097493Z[0m [32m INFO[0m [2myukpomnang_backend::services::specialized_services_optimizer[0m[2m:[0m [Optimizer] Index trouvé: idx_hopitaux_is_available sur hopitaux_cliniques (unique: false)
1769795713097,[2m2026-01-30T17:55:13.097525Z[0m [32m INFO[0m [2myukpomnang_backend::services::specialized_services_optimizer[0m[2m:[0m [Optimizer] Index trouvé: idx_hopitaux_prestations_gin sur hopitaux_cliniques (unique: false)
1769795713097,[2m2026-01-30T17:55:13.097572Z[0m [32m INFO[0m [2myukpomnang_backend::services::specialized_services_optimizer[0m[2m:[0m [Optimizer] Index trouvé: hopitaux_cliniques_pkey sur hopitaux_cliniques (unique: true)
1769795713097,[2m2026-01-30T17:55:13.097604Z[0m [32m INFO[0m [2myukpomnang_backend::services::specialized_services_optimizer[0m[2m:[0m [Optimizer] Index trouvé: unique_hospital_service sur hopitaux_cliniques (unique: true)
1769795713097,[2m2026-01-30T17:55:13.097651Z[0m [32m INFO[0m [2myukpomnang_backend::services::specialized_services_optimizer[0m[2m:[0m [Optimizer] Index trouvé: idx_hospitals_gps_active sur hopitaux_cliniques (unique: false)
1769795713097,[2m2026-01-30T17:55:13.097682Z[0m [32m INFO[0m [2myukpomnang_backend::services::specialized_services_optimizer[0m[2m:[0m [Optimizer] Index trouvé: idx_hospitals_prestations_gin sur hopitaux_cliniques (unique: false)
1769795713097,[2m2026-01-30T17:55:13.097730Z[0m [32m INFO[0m [2myukpomnang_backend::services::specialized_services_optimizer[0m[2m:[0m [Optimizer] Index trouvé: idx_hospitals_urgences sur hopitaux_cliniques (unique: false)
1769795713097,[2m2026-01-30T17:55:13.097762Z[0m [32m INFO[0m [2myukpomnang_backend::services::specialized_services_optimizer[0m[2m:[0m [Optimizer] Index trouvé: idx_hospitals_ville_quartier sur hopitaux_cliniques (unique: false)
1769795713097,[2m2026-01-30T17:55:13.097809Z[0m [32m INFO[0m [2myukpomnang_backend::services::specialized_services_optimizer[0m[2m:[0m [Optimizer] Index trouvé: idx_hospitals_type_etablissement sur hopitaux_cliniques (unique: false)
1769795713097,[2m2026-01-30T17:55:13.097841Z[0m [32m INFO[0m [2myukpomnang_backend::services::specialized_services_optimizer[0m[2m:[0m [Optimizer] Index trouvé: idx_hospitals_available_composite sur hopitaux_cliniques (unique: false)
1769795713097,[2m2026-01-30T17:55:13.097888Z[0m [32m INFO[0m [2myukpomnang_backend::services::specialized_services_optimizer[0m[2m:[0m [Optimizer] Index trouvé: idx_laboratoires_analyses_gin sur laboratoires_imagerie (unique: false)
1769795713097,[2m2026-01-30T17:55:13.097919Z[0m [32m INFO[0m [2myukpomnang_backend::services::specialized_services_optimizer[0m[2m:[0m [Optimizer] Index trouvé: laboratoires_imagerie_pkey sur laboratoires_imagerie (unique: true)
1769795713097,[2m2026-01-30T17:55:13.097973Z[0m [32m INFO[0m [2myukpomnang_backend::services::specialized_services_optimizer[0m[2m:[0m [Optimizer] Index trouvé: unique_laboratory_service sur laboratoires_imagerie (unique: true)
1769795713098,[2m2026-01-30T17:55:13.098006Z[0m [32m INFO[0m [2myukpomnang_backend::services::specialized_services_optimizer[0m[2m:[0m [Optimizer] Index trouvé: idx_laboratoires_user_id sur laboratoires_imagerie (unique: false)
1769795713098,[2m2026-01-30T17:55:13.098052Z[0m [32m INFO[0m [2myukpomnang_backend::services::specialized_services_optimizer[0m[2m:[0m [Optimizer] Index trouvé: idx_laboratoires_service_id sur laboratoires_imagerie (unique: false)
1769795713098,[2m2026-01-30T17:55:13.098083Z[0m [32m INFO[0m [2myukpomnang_backend::services::specialized_services_optimizer[0m[2m:[0m [Optimizer] Index trouvé: idx_laboratoires_type sur laboratoires_imagerie (unique: false)
1769795713098,[2m2026-01-30T17:55:13.098143Z[0m [32m INFO[0m [2myukpomnang_backend::services::specialized_services_optimizer[0m[2m:[0m [Optimizer] Index trouvé: idx_laboratoires_is_available sur laboratoires_imagerie (unique: false)
1769795713098,[2m2026-01-30T17:55:13.098175Z[0m [32m INFO[0m [2myukpomnang_backend::services::specialized_services_optimizer[0m[2m:[0m [Optimizer] Index trouvé: idx_laboratoires_imagerie_gin sur laboratoires_imagerie (unique: false)
1769795713098,[2m2026-01-30T17:55:13.098220Z[0m [32m INFO[0m [2myukpomnang_backend::services::specialized_services_optimizer[0m[2m:[0m [Optimizer] Index trouvé: idx_labs_available_composite sur laboratoires_imagerie (unique: false)
1769795713098,[2m2026-01-30T17:55:13.098252Z[0m [32m INFO[0m [2myukpomnang_backend::services::specialized_services_optimizer[0m[2m:[0m [Optimizer] Index trouvé: idx_labs_gps_active sur laboratoires_imagerie (unique: false)
1769795713098,[2m2026-01-30T17:55:13.098307Z[0m [32m INFO[0m [2myukpomnang_backend::services::specialized_services_optimizer[0m[2m:[0m [Optimizer] Index trouvé: idx_labs_imagerie_gin sur laboratoires_imagerie (unique: false)
1769795713098,[2m2026-01-30T17:55:13.098339Z[0m [32m INFO[0m [2myukpomnang_backend::services::specialized_services_optimizer[0m[2m:[0m [Optimizer] Index trouvé: idx_labs_analyses_gin sur laboratoires_imagerie (unique: false)
1769795713098,[2m2026-01-30T17:55:13.098391Z[0m [32m INFO[0m [2myukpomnang_backend::services::specialized_services_optimizer[0m[2m:[0m [Optimizer] Index trouvé: idx_labs_ville_quartier sur laboratoires_imagerie (unique: false)
1769795713098,[2m2026-01-30T17:55:13.098422Z[0m [32m INFO[0m [2myukpomnang_backend::services::specialized_services_optimizer[0m[2m:[0m [Optimizer] Index trouvé: idx_labs_type_laboratoire sur laboratoires_imagerie (unique: false)
1769795713098,[2m2026-01-30T17:55:13.098469Z[0m [32m INFO[0m [2myukpomnang_backend::services::specialized_services_optimizer[0m[2m:[0m [Optimizer] Index trouvé: idx_agences_destinations_gin sur agences_voyage (unique: false)
1769795713098,[2m2026-01-30T17:55:13.098500Z[0m [32m INFO[0m [2myukpomnang_backend::services::specialized_services_optimizer[0m[2m:[0m [Optimizer] Index trouvé: idx_agences_bus_products_gin sur agences_voyage (unique: false)
1769795713098,[2m2026-01-30T17:55:13.098548Z[0m [32m INFO[0m [2myukpomnang_backend::services::specialized_services_optimizer[0m[2m:[0m [Optimizer] Index trouvé: agences_voyage_pkey sur agences_voyage (unique: true)
1769795713098,[2m2026-01-30T17:55:13.098579Z[0m [32m INFO[0m [2myukpomnang_backend::services::specialized_services_optimizer[0m[2m:[0m [Optimizer] Index trouvé: unique_agency_service sur agences_voyage (unique: true)
1769795713098,[2m2026-01-30T17:55:13.098639Z[0m [32m INFO[0m [2myukpomnang_backend::services::specialized_services_optimizer[0m[2m:[0m [Optimizer] Index trouvé: idx_agences_service_id sur agences_voyage (unique: false)
1769795713098,[2m2026-01-30T17:55:13.098671Z[0m [32m INFO[0m [2myukpomnang_backend::services::specialized_services_optimizer[0m[2m:[0m [Optimizer] Index trouvé: idx_agences_tickets_bus sur agences_voyage (unique: false)
1769795713098,[2m2026-01-30T17:55:13.098718Z[0m [32m INFO[0m [2myukpomnang_backend::services::specialized_services_optimizer[0m[2m:[0m [Optimizer] Index trouvé: idx_agences_services_gin sur agences_voyage (unique: false)
1769795713098,[2m2026-01-30T17:55:13.098750Z[0m [32m INFO[0m [2myukpomnang_backend::services::specialized_services_optimizer[0m[2m:[0m [Optimizer] Index trouvé: idx_agences_compagnies_gin sur agences_voyage (unique: false)
1769795713098,[2m2026-01-30T17:55:13.098812Z[0m [32m INFO[0m [2myukpomnang_backend::services::specialized_services_optimizer[0m[2m:[0m [Optimizer] Index trouvé: idx_agences_user_id sur agences_voyage (unique: false)
1769795713098,[2m2026-01-30T17:55:13.098849Z[0m [32m INFO[0m [2myukpomnang_backend::services::specialized_services_optimizer[0m[2m:[0m [Optimizer] Index trouvé: covoiturages_pkey sur covoiturages (unique: true)
1769795713098,[2m2026-01-30T17:55:13.098898Z[0m [32m INFO[0m [2myukpomnang_backend::services::specialized_services_optimizer[0m[2m:[0m [Optimizer] Index trouvé: unique_covoiturage_service sur covoiturages (unique: true)
1769795713098,[2m2026-01-30T17:55:13.098933Z[0m [32m INFO[0m [2myukpomnang_backend::services::specialized_services_optimizer[0m[2m:[0m [Optimizer] Index trouvé: idx_covoiturages_user_id sur covoiturages (unique: false)
1769795713098,[2m2026-01-30T17:55:13.098979Z[0m [32m INFO[0m [2myukpomnang_backend::services::specialized_services_optimizer[0m[2m:[0m [Optimizer] Index trouvé: idx_covoiturages_service_id sur covoiturages (unique: false)
1769795713099,[2m2026-01-30T17:55:13.099012Z[0m [32m INFO[0m [2myukpomnang_backend::services::specialized_services_optimizer[0m[2m:[0m [Optimizer] Index trouvé: idx_covoiturages_depart_destination sur covoiturages (unique: false)
1769795713099,[2m2026-01-30T17:55:13.099059Z[0m [32m INFO[0m [2myukpomnang_backend::services::specialized_services_optimizer[0m[2m:[0m [Optimizer] Index trouvé: idx_covoiturages_places_disponibles sur covoiturages (unique: false)
1769795713099,[2m2026-01-30T17:55:13.099091Z[0m [32m INFO[0m [2myukpomnang_backend::services::specialized_services_optimizer[0m[2m:[0m [Optimizer] Index trouvé: idx_covoiturages_date_depart sur covoiturages (unique: false)
1769795713099,[2m2026-01-30T17:55:13.099137Z[0m [32m INFO[0m [2myukpomnang_backend::services::specialized_services_optimizer[0m[2m:[0m [Optimizer] Index trouvé: idx_covoiturages_statut sur covoiturages (unique: false)
1769795713099,[2m2026-01-30T17:55:13.099169Z[0m [32m INFO[0m [2myukpomnang_backend::services::specialized_services_optimizer[0m[2m:[0m [Optimizer] Index trouvé: idx_covoit_user_date sur covoiturages (unique: false)
1769795713099,[2m2026-01-30T17:55:13.099215Z[0m [32m INFO[0m [2myukpomnang_backend::services::specialized_services_optimizer[0m[2m:[0m [Optimizer] Index trouvé: idx_covoit_date_future sur covoiturages (unique: false)
1769795713099,[2m2026-01-30T17:55:13.099249Z[0m [32m INFO[0m [2myukpomnang_backend::services::specialized_services_optimizer[0m[2m:[0m [Optimizer] Index trouvé: idx_covoit_depart_dest_date sur covoiturages (unique: false)
1769795713099,[2m2026-01-30T17:55:13.099300Z[0m [32m INFO[0m [2myukpomnang_backend::services::specialized_services_optimizer[0m[2m:[0m [Optimizer] Index trouvé: idx_covoit_places_available sur covoiturages (unique: false)
1769795713099,[2m2026-01-30T17:55:13.099332Z[0m [32m INFO[0m [2myukpomnang_backend::services::specialized_services_optimizer[0m[2m:[0m [Optimizer] Index trouvé: idx_covoit_prix_date sur covoiturages (unique: false)
1769795713099,[2m2026-01-30T17:55:13.099378Z[0m [32m INFO[0m [2myukpomnang_backend::services::specialized_services_optimizer[0m[2m:[0m [Optimizer] Index trouvé: idx_services_user_id_created_at_desc sur services (unique: false)
1769795713099,[2m2026-01-30T17:55:13.099410Z[0m [32m INFO[0m [2myukpomnang_backend::services::specialized_services_optimizer[0m[2m:[0m [Optimizer] Index trouvé: idx_services_is_active sur services (unique: false)
1769795713099,[2m2026-01-30T17:55:13.099457Z[0m [32m INFO[0m [2myukpomnang_backend::services::specialized_services_optimizer[0m[2m:[0m [Optimizer] Index trouvé: services_pkey sur services (unique: true)
1769795713099,[2m2026-01-30T17:55:13.099489Z[0m [32m INFO[0m [2myukpomnang_backend::services::specialized_services_optimizer[0m[2m:[0m [Optimizer] Index trouvé: idx_services_id_for_updates sur services (unique: false)
1769795713099,[2m2026-01-30T17:55:13.099537Z[0m [32m INFO[0m [2myukpomnang_backend::services::specialized_services_optimizer[0m[2m:[0m [Optimizer] Index trouvé: idx_services_active_id sur services (unique: false)
1769795713099,[2m2026-01-30T17:55:13.099569Z[0m [32m INFO[0m [2myukpomnang_backend::services::specialized_services_optimizer[0m[2m:[0m [Optimizer] Index trouvé: idx_services_produits_valeur_gin sur services (unique: false)
1769795713099,[2m2026-01-30T17:55:13.099616Z[0m [32m INFO[0m [2myukpomnang_backend::services::specialized_services_optimizer[0m[2m:[0m [Optimizer] Index trouvé: idx_services_data_produits_partial sur services (unique: false)
1769795713099,[2m2026-01-30T17:55:13.099648Z[0m [32m INFO[0m [2myukpomnang_backend::services::specialized_services_optimizer[0m[2m:[0m [Optimizer] Index trouvé: idx_services_user_id sur services (unique: false)
1769795713099,[2m2026-01-30T17:55:13.099699Z[0m [32m INFO[0m [2myukpomnang_backend::services::specialized_services_optimizer[0m[2m:[0m [Optimizer] Index trouvé: idx_services_id_active sur services (unique: false)
1769795713099,[2m2026-01-30T17:55:13.099732Z[0m [32m INFO[0m [2myukpomnang_backend::services::specialized_services_optimizer[0m[2m:[0m [Optimizer] Index trouvé: idx_services_category sur services (unique: false)
1769795713099,[2m2026-01-30T17:55:13.099796Z[0m [32m INFO[0m [2myukpomnang_backend::services::specialized_services_optimizer[0m[2m:[0m [Optimizer] Index trouvé: idx_services_data_gin sur services (unique: false)
1769795713099,[2m2026-01-30T17:55:13.099828Z[0m [32m INFO[0m [2myukpomnang_backend::services::specialized_services_optimizer[0m[2m:[0m [Optimizer] Index trouvé: idx_services_titre_service_fts sur services (unique: false)
1769795713099,[2m2026-01-30T17:55:13.099876Z[0m [32m INFO[0m [2myukpomnang_backend::services::specialized_services_optimizer[0m[2m:[0m [Optimizer] Index trouvé: idx_services_user_id_created_at_desc_optimized_v2 sur services (unique: false)
1769795713099,[2m2026-01-30T17:55:13.099908Z[0m [32m INFO[0m [2myukpomnang_backend::services::specialized_services_optimizer[0m[2m:[0m [Optimizer] Index trouvé: idx_services_user_id_active_created_at_desc sur services (unique: false)
1769795713099,[2m2026-01-30T17:55:13.099960Z[0m [32m INFO[0m [2myukpomnang_backend::services::specialized_services_optimizer[0m[2m:[0m [Optimizer] Index trouvé: idx_services_specialized_type sur services (unique: false)
1769795713100,[2m2026-01-30T17:55:13.099992Z[0m [32m INFO[0m [2myukpomnang_backend::services::specialized_services_optimizer[0m[2m:[0m [Optimizer] Index trouvé: idx_services_produits_gin sur services (unique: false)
1769795713100,[2m2026-01-30T17:55:13.100040Z[0m [32m INFO[0m [2myukpomnang_backend::services::specialized_services_optimizer[0m[2m:[0m [Optimizer] Index trouvé: idx_services_products_array_gin sur services (unique: false)
1769795713100,[2m2026-01-30T17:55:13.100092Z[0m [32m INFO[0m [2myukpomnang_backend::services::specialized_services_optimizer[0m[2m:[0m [Optimizer] Index trouvé: idx_services_description_fts sur services (unique: false)
1769795713100,[2m2026-01-30T17:55:13.100140Z[0m [32m INFO[0m [2myukpomnang_backend::services::specialized_services_optimizer[0m[2m:[0m [Optimizer] Index trouvé: idx_services_data_search_gin sur services (unique: false)
1769795713100,[2m2026-01-30T17:55:13.100172Z[0m [32m INFO[0m [2myukpomnang_backend::services::specialized_services_optimizer[0m[2m:[0m [Optimizer] Index trouvé: idx_services_gps_btree sur services (unique: false)
1769795713100,[2m2026-01-30T17:55:13.100219Z[0m [32m INFO[0m [2myukpomnang_backend::services::specialized_services_optimizer[0m[2m:[0m [Optimizer] Index trouvé: idx_services_titre_service_search sur services (unique: false)
1769795713100,[2m2026-01-30T17:55:13.100252Z[0m [32m INFO[0m [2myukpomnang_backend::services::specialized_services_optimizer[0m[2m:[0m [Optimizer] Index trouvé: idx_services_active_category_gps sur services (unique: false)
1769795713100,[2m2026-01-30T17:55:13.100297Z[0m [32m INFO[0m [2myukpomnang_backend::services::specialized_services_optimizer[0m[2m:[0m [Optimizer] Index trouvé: idx_services_category_search sur services (unique: false)
1769795713100,[2m2026-01-30T17:55:13.100329Z[0m [32m INFO[0m [2myukpomnang_backend::services::specialized_services_optimizer[0m[2m:[0m [Optimizer] Index trouvé: idx_services_products_fulltext_gin sur services (unique: false)
1769795713100,[2m2026-01-30T17:55:13.100390Z[0m [32m INFO[0m [2myukpomnang_backend::services::specialized_services_optimizer[0m[2m:[0m [Optimizer] Index trouvé: idx_services_user_active_created sur services (unique: false)
1769795713100,[2m2026-01-30T17:55:13.100429Z[0m [32m INFO[0m [2myukpomnang_backend::services::specialized_services_optimizer[0m[2m:[0m [Optimizer] Index trouvé: idx_services_gps_gist sur services (unique: false)
1769795713100,[2m2026-01-30T17:55:13.100476Z[0m [32m INFO[0m [2myukpomnang_backend::services::specialized_services_optimizer[0m[2m:[0m [Optimizer] Index trouvé: idx_services_gps_search sur services (unique: false)
1769795713100,[2m2026-01-30T17:55:13.100508Z[0m [32m INFO[0m [2myukpomnang_backend::services::specialized_services_optimizer[0m[2m:[0m [Optimizer] Index trouvé: idx_services_search_optimized sur services (unique: false)
1769795713100,[2m2026-01-30T17:55:13.100555Z[0m [32m INFO[0m [2myukpomnang_backend::services::specialized_services_optimizer[0m[2m:[0m [Optimizer] ✅ Analyse index terminée
1769795713100,[2m2026-01-30T17:55:13.100647Z[0m [32m INFO[0m [2myukpomnang_backend::tasks::stats_recalculation[0m[2m:[0m 📊 [StatsRecalculation] Démarrage de la tâche de recalcul des stats d'annulation
1769795713100,[2m2026-01-30T17:55:13.100686Z[0m [32m INFO[0m [2myukpomnang_backend::tasks::stats_recalculation[0m[2m:[0m ⏰ [StatsRecalculation] Attente de 2087 secondes avant le premier recalcul
1769795713100,[2m2026-01-30T17:55:13.100737Z[0m [32m INFO[0m [2myukpomnang_backend::tasks::delivery_timeout_monitor[0m[2m:[0m 🚀 Démarrage du monitor de timeout pour les livraisons...
1769795713100,?? [INFO] [SearchCacheRefresh] 🚀 Démarrage de la tâche de rafraîchissement automatique
1769795713100,[2m2026-01-30T17:55:13.100819Z[0m [32m INFO[0m [2myukpomnang_backend::tasks::search_cache_refresh[0m[2m:[0m [SearchCacheRefresh] 🔄 Intervalle de refresh configuré: 900s (15 min) - Utilise pool séparé
1769795713100,[2m2026-01-30T17:55:13.100859Z[0m [32m INFO[0m [2myukpomnang_backend::tasks::order_timeout_monitor[0m[2m:[0m 🚀 Démarrage du monitor de timeout pour les commandes...
1769795713100,[2m2026-01-30T17:55:13.100910Z[0m [32m INFO[0m [2myukpomnang_backend[0m[2m:[0m 🔄 Refresh global_promo_catalog_cache configuré: intervalle = 300s (5 min) - Utilise pool séparé
1769795713100,[2m2026-01-30T17:55:13.100945Z[0m [32m INFO[0m [2myukpomnang_backend::tasks::delivery_archive_worker[0m[2m:[0m 🔄 [DeliveryArchive] Worker d'archivage démarré
1769795713101,[2m2026-01-30T17:55:13.101003Z[0m [32m INFO[0m [2myukpomnang_backend::tasks::stats_recalculation[0m[2m:[0m 📊 [StatsRecalculation] Démarrage de la tâche de recalcul des stats de catégories
1769795713101,[2m2026-01-30T17:55:13.101036Z[0m [32m INFO[0m [2myukpomnang_backend::tasks::stats_recalculation[0m[2m:[0m ⏰ [StatsRecalculation] Attente de 287 secondes avant le premier recalcul
1769795713105,[2m2026-01-30T17:55:13.105767Z[0m [32m INFO[0m [2myukpomnang_backend[0m[2m:[0m ✅ Serveur lance sur http://0.0.0.0:3001
1769795713105,✅ Serveur lance sur http://0.0.0.0:3001
1769795713177,?? [INFO] [SearchCacheRefresh] ⏱️ Rafraîchissement terminé en 71.929801ms
1769795713177,?? [INFO] [SearchCacheRefresh] ✅ Vue matérialisée rafraîchie avec succès
1769795713271,[2m2026-01-30T17:55:13.271514Z[0m [32m INFO[0m [2myukpomnang_backend[0m[2m:[0m 🔄 Refresh de services_search_cache...
1769795713293,[2m2026-01-30T17:55:13.293208Z[0m [32m INFO[0m [2myukpomnang_backend[0m[2m:[0m 🔄 Refresh de active_products_cache...
1769795713333,[2m2026-01-30T17:55:13.333881Z[0m [32m INFO[0m [2myukpomnang_backend::tasks::pipeline_health_worker[0m[2m:[0m [PipelineWorker] Pipeline revenu à OK | queued=0 running=0 completed24h=0 | 2026-01-30 17:55:13.333874725 UTC
1769795713957,[2m2026-01-30T17:55:13.957269Z[0m [32m INFO[0m [2myukpomnang_backend::tasks::flash_sale_queue_worker[0m[2m:[0m 🚀 Flash Sale Queue Worker démarré: worker_46fca6c9-ffbb-4585-86df-2a0e41237a90
1769795713971,"[2m2026-01-30T17:55:13.971418Z[0m [33m WARN[0m [2myukpomnang_backend::tasks::notification_queue_worker[0m[2m:[0m ⚠️ Rate limiting détecté, attente de 1000ms avant retry"
1769795714895,"[2m2026-01-30T17:55:14.895737Z[0m [33m WARN[0m [2myukpomnang_backend::tasks::flash_sale_queue_worker[0m[2m:[0m ⚠️ Rate limiting détecté, attente de 1000ms avant retry"
1769795715922,"[2m2026-01-30T17:55:15.922770Z[0m [33m WARN[0m [2myukpomnang_backend::tasks::notification_queue_worker[0m[2m:[0m ⚠️ Rate limiting détecté, attente de 2000ms avant retry"
1769795716856,"[2m2026-01-30T17:55:16.856461Z[0m [33m WARN[0m [2myukpomnang_backend::tasks::flash_sale_queue_worker[0m[2m:[0m ⚠️ Rate limiting détecté, attente de 2000ms avant retry"
1769795718888,"[2m2026-01-30T17:55:18.888003Z[0m [33m WARN[0m [2myukpomnang_backend::tasks::notification_queue_worker[0m[2m:[0m ⚠️ Rate limiting détecté, attente de 4000ms avant retry"
1769795719795,"[2m2026-01-30T17:55:19.795485Z[0m [33m WARN[0m [2myukpomnang_backend::tasks::flash_sale_queue_worker[0m[2m:[0m ⚠️ Rate limiting détecté, attente de 4000ms avant retry"
1769795722981,[2m2026-01-30T17:55:22.981734Z[0m [32m INFO[0m [2myukpomnang_backend::tasks::livekit_cleanup[0m[2m:[0m ✅ LiveKit: Connexion établie avec succès (tentative 1)
1769795723855,"[2m2026-01-30T17:55:23.855910Z[0m [33m WARN[0m [2myukpomnang_backend::tasks::notification_queue_worker[0m[2m:[0m ⚠️ Rate limiting détecté, attente de 8000ms avant retry"
1769795724779,"[2m2026-01-30T17:55:24.779199Z[0m [33m WARN[0m [2myukpomnang_backend::tasks::flash_sale_queue_worker[0m[2m:[0m ⚠️ Rate limiting détecté, attente de 8000ms avant retry"
1769795732827,"[2m2026-01-30T17:55:32.827641Z[0m [33m WARN[0m [2myukpomnang_backend::tasks::notification_queue_worker[0m[2m:[0m ⚠️ Rate limiting détecté, attente de 16000ms avant retry"
1769795733743,"[2m2026-01-30T17:55:33.743876Z[0m [33m WARN[0m [2myukpomnang_backend::tasks::flash_sale_queue_worker[0m[2m:[0m ⚠️ Rate limiting détecté, attente de 16000ms avant retry"
1769795749779,"[2m2026-01-30T17:55:49.779492Z[0m [33m WARN[0m [2myukpomnang_backend::tasks::notification_queue_worker[0m[2m:[0m ⚠️ Rate limiting détecté, attente de 30000ms avant retry"
1769795750713,"[2m2026-01-30T17:55:50.713271Z[0m [33m WARN[0m [2myukpomnang_backend::tasks::flash_sale_queue_worker[0m[2m:[0m ⚠️ Rate limiting détecté, attente de 30000ms avant retry"
1769795780748,"[2m2026-01-30T17:56:20.748169Z[0m [33m WARN[0m [2myukpomnang_backend::tasks::notification_queue_worker[0m[2m:[0m ⚠️ Rate limiting détecté, attente de 30000ms avant retry"
1769795781686,"[2m2026-01-30T17:56:21.686406Z[0m [33m WARN[0m [2myukpomnang_backend::tasks::flash_sale_queue_worker[0m[2m:[0m ⚠️ Rate limiting détecté, attente de 30000ms avant retry"